#Q I_ArAr I_ArO1 I_ArSi2 I_ArO2  I_ArSi1  I_ArH I_rest I_tot S_ArAr S_ArO1 S_ArSi2 S_ArO2 S_ArSi1 S_ArH S_rest S_total
1.0000 1.11647820e-07 -2.00078878e-07 -2.16210642e-07 -3.16877015e-07 -2.22050603e-08 1.20491712e-07 -6.21518716e-07 -5.23232064e-07 5.95977485e-01 -1.67699599e-01 -5.55165408e-01 -4.98594745e-01 -4.59143032e-02 2.94261976e-01 -6.25482267e-01 -3.77134594e-01
1.0100 1.11616660e-07 -1.58189690e-07 -2.47512477e-07 -3.76871580e-07 2.16665893e-08 1.55713884e-07 -6.70957087e-07 -4.93576614e-07 5.95849914e-01 -1.32560604e-01 -6.35526600e-01 -5.92990776e-01 4.48283807e-02 3.80282712e-01 -7.65228065e-01 -3.40116973e-01
1.0200 1.13379986e-07 -8.15815029e-08 -2.77866378e-07 -4.32601088e-07 7.19319798e-08 1.86358084e-07 -6.78668983e-07 -4.20378919e-07 6.05278631e-01 -6.83400019e-02 -7.13456283e-01 -6.80673702e-01 1.48774801e-01 4.55122766e-01 -8.57191356e-01 -2.53293789e-01
1.0300 1.17777666e-07 1.28984626e-08 -3.05158643e-07 -4.79239983e-07 1.20426300e-07 2.09801577e-07 -6.53722496e-07 -3.23494619e-07 6.28738429e-01 1.08457269e-02 -7.83531431e-01 -7.54055206e-01 2.49045907e-01 5.12380746e-01 -8.98002481e-01 -1.36575827e-01
1.0400 1.24575728e-07 1.09840559e-07 -3.27831624e-07 -5.15136698e-07 1.61404375e-07 2.26173892e-07 -6.08552035e-07 -2.20973768e-07 6.64980939e-01 9.20868679e-02 -8.41753925e-01 -8.10538456e-01 3.33767082e-01 5.52373641e-01 -8.95224574e-01 -9.08385141e-03
1.0500 1.32477887e-07 1.98090938e-07 -3.44229482e-07 -5.40097863e-07 1.92048422e-07 2.37001748e-07 -5.53758521e-07 -1.24708350e-07 7.07096324e-01 1.66039987e-01 -8.83870466e-01 -8.49818342e-01 3.97116308e-01 5.78827819e-01 -8.60552498e-01 1.15391629e-01
1.0600 1.39518800e-07 2.70644236e-07 -3.52371169e-07 -5.53769947e-07 2.11745749e-07 2.43692684e-07 -4.95978080e-07 -4.05396469e-08 7.44609539e-01 2.26836233e-01 -9.04790501e-01 -8.71335928e-01 4.37829629e-01 5.95177048e-01 -8.04680657e-01 2.28326021e-01
1.0700 1.43695888e-07 3.22632426e-07 -3.50313673e-07 -5.54923630e-07 2.20722918e-07 2.46533383e-07 -4.38908989e-07 2.83473110e-08 7.66848045e-01 2.70395380e-01 -8.99520419e-01 -8.73153767e-01 4.56376911e-01 6.02117872e-01 -7.35430761e-01 3.23064022e-01
1.0800 1.43622379e-07 3.49238592e-07 -3.36949254e-07 -5.41918554e-07 2.18844294e-07 2.44573640e-07 -3.86006837e-07 7.74110971e-08 7.66422478e-01 2.92678336e-01 -8.65212180e-01 -8.52688465e-01 4.52478226e-01 5.97327647e-01 -6.58799831e-01 3.91006042e-01
1.0900 1.38985918e-07 3.45186429e-07 -3.12842470e-07 -5.14026195e-07 2.05229042e-07 2.36345989e-07 -3.42696317e-07 9.88787139e-08 7.41670865e-01 2.89261124e-01 -8.03313714e-01 -8.08792982e-01 4.24312818e-01 5.77222696e-01 -5.81174707e-01 4.20360807e-01
1.1000 1.30669692e-07 3.06438507e-07 -2.80658798e-07 -4.72871688e-07 1.78894994e-07 2.21009601e-07 -3.16422287e-07 8.34823085e-08 6.97303885e-01 2.56760031e-01 -7.20669860e-01 -7.44025460e-01 3.69851068e-01 5.39751809e-01 -5.10631403e-01 3.98971473e-01
1.1100 1.20508294e-07 2.33398600e-07 -2.44887766e-07 -4.23186384e-07 1.40104916e-07 1.99343900e-07 -3.14167256e-07 2.52815602e-08 6.43103296e-01 1.95516450e-01 -6.28811035e-01 -6.65832888e-01 2.89638206e-01 4.86821980e-01 -4.56024177e-01 3.20436009e-01
1.1200 1.10768175e-07 1.33904991e-07 -2.10854125e-07 -3.72355857e-07 9.17073346e-08 1.74103245e-07 -3.38536815e-07 -7.27262351e-08 5.91152447e-01 1.12105197e-01 -5.41413202e-01 -5.85839131e-01 1.89566148e-01 4.25163492e-01 -4.23994689e-01 1.90734951e-01
1.1300 1.03524026e-07 2.41112225e-08 -1.83317103e-07 -3.28769244e-07 3.96992132e-08 1.49529525e-07 -3.84451099e-07 -1.95222361e-07 5.52512114e-01 2.00710508e-02 -4.70699962e-01 -5.17246827e-01 8.20360022e-02 3.65138531e-01 -4.15363624e-01 3.18109091e-02
1.1400 1.00123942e-07 -7.39052886e-08 -1.65150911e-07 -2.99502972e-07 -7.47629851e-09 1.30179232e-07 -4.38435230e-07 -3.15732297e-07 5.34369657e-01 -6.20777484e-02 -4.24053492e-01 -4.71192193e-01 -1.54947891e-02 3.17876091e-01 -4.22953777e-01 -1.20572476e-01
1.1500 1.00895361e-07 -1.37590551e-07 -1.56597224e-07 -2.88187015e-07 -4.08629649e-08 1.19508450e-07 -4.81479429e-07 -4.02833943e-07 5.38471454e-01 -1.15436929e-01 -4.02094638e-01 -4.53387393e-01 -8.45097988e-02 2.91816194e-01 -4.32447506e-01 -2.25141110e-01
1.1600 1.05158417e-07 -1.50781726e-07 -1.55379858e-07 -2.93876843e-07 -5.35803692e-08 1.18761554e-07 -4.94880009e-07 -4.29698824e-07 5.61193946e-01 -1.26463034e-01 -3.98977475e-01 -4.62345643e-01 -1.10786239e-01 2.89996309e-01 -4.26592207e-01 -2.47382136e-01
1.1700 1.11514650e-07 -1.09519390e-07 -1.57651221e-07 -3.11399089e-07 -4.31575610e-08 1.26593118e-07 -4.67055050e-07 -3.83619493e-07 5.95082305e-01 -9.18442159e-02 -4.04820072e-01 -4.89925384e-01 -8.92191657e-02 3.09128626e-01 -3.91507367e-01 -1.71597906e-01
1.1800 1.18299379e-07 -2.44596152e-08 -1.59425257e-07 -3.33094222e-07 -1.27134110e-08 1.39569840e-07 -3.98679715e-07 -2.71823286e-07 6.31261555e-01 -2.05199590e-02 -4.09384676e-01 -5.24072664e-01 -2.62607904e-02 3.40826478e-01 -3.22715744e-01 -8.15005669e-03
1.1900 1.24049028e-07 8.13596656e-08 -1.57966767e-07 -3.51357749e-07 2.95467732e-08 1.53364984e-07 -3.03915823e-07 -1.21004066e-07 6.61927543e-01 6.81934959e-02 -4.05645844e-01 -5.52819946e-01 6.11214228e-02 3.74521771e-01 -2.28344752e-01 2.07298443e-01
1.2000 1.27847565e-07 1.78977847e-07 -1.52625016e-07 -3.61083573e-07 7.24614138e-08 1.64202252e-07 -2.06883176e-07 2.97804892e-08 6.82193800e-01 1.50019036e-01 -3.91931405e-01 -5.68130892e-01 1.49849694e-01 4.00991304e-01 -1.27849460e-01 4.22991537e-01
1.2100 1.29469476e-07 2.42184398e-07 -1.44814088e-07 -3.61150900e-07 1.05026826e-07 1.70024493e-07 -1.34311113e-07 1.40740206e-07 6.90854124e-01 2.02988772e-01 -3.71872166e-01 -5.68240172e-01 2.17174652e-01 4.15210849e-01 -4.62694431e-02 5.86116058e-01
1.2200 1.29308750e-07 2.55498268e-07 -1.37170756e-07 -3.54451746e-07 1.19489651e-07 1.70980560e-07 -1.06815486e-07 1.83654725e-07 6.90004783e-01 2.14131606e-01 -3.52239406e-01 -5.57696982e-01 2.47068481e-01 4.17543953e-01 -5.79999867e-03 6.58812435e-01
1.2300 1.28149006e-07 2.18708688e-07 -1.32236177e-07 -3.46491872e-07 1.13407967e-07 1.69089579e-07 -1.31870356e-07 1.50627189e-07 6.83820006e-01 1.83277515e-01 -3.39559504e-01 -5.45163912e-01 2.34485345e-01 4.12921881e-01 -1.76258946e-02 6.29781331e-01
1.2400 1.26868997e-07 1.46405326e-07 -1.31189598e-07 -3.43111455e-07 9.00269572e-08 1.67250443e-07 -2.01026730e-07 5.62506699e-08 6.76982831e-01 1.22661520e-01 -3.36862070e-01 -5.39830756e-01 1.86137078e-01 4.08424594e-01 -7.70484750e-02 5.17513197e-01
1.2500 1.26181382e-07 6.26799168e-08 -1.33141256e-07 -3.48173716e-07 5.68966513e-08 1.67997970e-07 -2.92453674e-07 -6.75590524e-08 6.73293002e-01 5.24808035e-02 -3.41863993e-01 -5.47777782e-01 1.17634633e-01 4.10243151e-01 -1.63867970e-01 3.64009814e-01
1.2600 1.26474877e-07 -7.13127769e-09 -1.35276643e-07 -3.62054369e-07 2.32532684e-08 1.72481382e-07 -3.77987413e-07 -1.82252763e-07 6.74825491e-01 -6.02759137e-03 -3.47339673e-01 -5.69598828e-01 4.80738297e-02 4.21185066e-01 -2.48140601e-01 2.21118294e-01
1.2700 1.27784522e-07 -4.47916619e-08 -1.33817672e-07 -3.81447225e-07 -2.92040470e-09 1.80034368e-07 -4.32272037e-07 -2.55158073e-07 6.81771484e-01 -3.75805024e-02 -3.43588916e-01 -6.00095040e-01 -6.04196370e-03 4.39624310e-01 -2.99492975e-01 1.34089371e-01
1.2800 1.29869667e-07 -4.47574291e-08 -1.25452086e-07 -4.00507771e-07 -1.71792559e-08 1.88466546e-07 -4.40847618e-07 -2.69560329e-07 6.92853237e-01 -3.75355111e-02 -3.22107226e-01 -6.30073587e-01 -3.55237890e-02 4.60212953e-01 -2.96863088e-01 1.27826077e-01
1.2900 1.32349506e-07 -1.52197434e-08 -1.08698950e-07 -4.12873854e-07 -1.95475836e-08 1.94929271e-07 -4.04443042e-07 -2.29061354e-07 7.06045630e-01 -1.27628156e-02 -2.79091972e-01 -6.49526355e-01 -4.04227223e-02 4.75995298e-01 -2.35335512e-01 2.00237064e-01
1.3000 1.34839109e-07 2.55637796e-08 -8.46932962e-08 -4.13806923e-07 -1.39049626e-08 1.96999949e-07 -3.38097331e-07 -1.55002344e-07 7.19300452e-01 2.14311558e-02 -2.17457119e-01 -6.50998407e-01 -2.87597034e-02 4.81055586e-01 -1.27723917e-01 3.24571966e-01
1.3100 1.37043134e-07 5.61723885e-08 -5.70800873e-08 -4.01689056e-07 -6.17082292e-09 1.93563833e-07 -2.65553621e-07 -7.81606107e-08 7.31045368e-01 4.70908067e-02 -1.46560973e-01 -6.31943136e-01 -1.27721779e-02 4.72671231e-01 -3.67934087e-04 4.59531119e-01
1.3200 1.38790751e-07 5.96355959e-08 -3.10286041e-08 -3.78381132e-07 -2.01271054e-09 1.85169095e-07 -2.10983389e-07 -2.78270043e-08 7.40369912e-01 4.99927332e-02 -7.96754902e-02 -5.95285927e-01 -4.17640070e-03 4.52179911e-01 1.15401227e-01 5.63404737e-01
1.3300 1.40021739e-07 2.91160898e-08 -1.16941529e-08 -3.48384509e-07 -4.90272815e-09 1.73746251e-07 -1.90940833e-07 -2.20973102e-08 7.46951504e-01 2.44082461e-02 -3.00365589e-02 -5.48105672e-01 -1.01498406e-02 4.24294554e-01 1.93217518e-01 6.07362232e-01
1.3400 1.40749977e-07 -3.01668426e-08 -2.64964794e-09 -3.17184437e-07 -1.51510761e-08 1.61830504e-07 -2.09250951e-07 -6.25715231e-08 7.50861223e-01 -2.52855743e-02 -6.81701267e-03 -4.99029120e-01 -3.13336620e-02 3.95204595e-01 2.19729516e-01 5.83600449e-01
1.3500 1.41032061e-07 -1.03200815e-07 -4.81626075e-09 -2.89427751e-07 -3.01475626e-08 1.51610198e-07 -2.56412766e-07 -1.34950130e-07 7.52397012e-01 -8.65040749e-02 -1.23811447e-02 -4.55364567e-01 -6.23323215e-02 3.70252627e-01 1.98147225e-01 5.06067530e-01
1.3600 1.40957400e-07 -1.70595673e-07 -1.62414736e-08 -2.67606606e-07 -4.55996743e-08 1.44178573e-07 -3.13486353e-07 -2.14907454e-07 7.52031360e-01 -1.42994511e-01 -4.17150636e-02 -4.21031561e-01 -9.42730485e-02 3.52107437e-01 1.46290223e-01 4.04124612e-01
1.3700 1.40658882e-07 -2.15110208e-07 -3.27739527e-08 -2.51689180e-07 -5.72304856e-08 1.39273443e-07 -3.58914458e-07 -2.76871501e-07 7.50468631e-01 -1.80306429e-01 -8.41596907e-02 -3.95980180e-01 -1.18315601e-01 3.40128406e-01 9.00223312e-02 3.11835137e-01
1.3800 1.40328733e-07 -2.27022690e-07 -4.93777186e-08 -2.39755096e-07 -6.22964077e-08 1.35590291e-07 -3.75826772e-07 -3.02532889e-07 7.48729970e-01 -1.90292475e-01 -1.26785106e-01 -3.77190630e-01 -1.28789338e-01 3.31129976e-01 5.44617591e-02 2.56802397e-01
1.3900 1.40219048e-07 -2.06650550e-07 -6.16224887e-08 -2.29307912e-07 -6.04187055e-08 1.31527416e-07 -3.57361904e-07 -2.86253193e-07 7.48156538e-01 -1.73219541e-01 -1.58217075e-01 -3.60737725e-01 -1.24911641e-01 3.21201042e-01 5.59821963e-02 2.52271598e-01
1.4000 1.40612747e-07 -1.63433474e-07 -6.68517758e-08 -2.18694079e-07 -5.35213798e-08 1.26054254e-07 -3.08366581e-07 -2.35833707e-07 7.50255023e-01 -1.36999679e-01 -1.71636043e-01 -3.44022622e-01 -1.10659165e-01 3.07825100e-01 9.75966787e-02 2.94762613e-01
1.4100 1.41765090e-07 -1.12206416e-07 -6.46704697e-08 -2.08042736e-07 -4.50060320e-08 1.19347976e-07 -2.43154532e-07 -1.68812589e-07 7.56386192e-01 -9.40661482e-02 -1.66028745e-01 -3.27250690e-01 -9.30621262e-02 2.91434617e-01 1.69040609e-01 3.67413100e-01
1.4200 1.43831764e-07 -6.81718545e-08 -5.66511651e-08 -1.99350563e-07 -3.85447743e-08 1.12933961e-07 -1.80341819e-07 -1.05952632e-07 7.67381743e-01 -5.71597202e-02 -1.45433895e-01 -3.13564471e-01 -7.97094031e-02 2.75754091e-01 2.51223657e-01 4.47268345e-01
1.4300 1.46809609e-07 -4.23570708e-08 -4.54359413e-08 -1.95683444e-07 -3.69540970e-08 1.09256296e-07 -1.36666848e-07 -6.43646489e-08 7.83228220e-01 -3.55218364e-02 -1.16635730e-01 -3.07787481e-01 -7.64212800e-02 2.66751459e-01 3.23283172e-01 5.13613351e-01
1.4400 1.50515418e-07 -3.89767750e-08 -3.36077248e-08 -1.99816278e-07 -4.15163680e-08 1.10822173e-07 -1.21885360e-07 -5.25795547e-08 8.02953624e-01 -3.26847526e-02 -8.62660989e-02 -3.14284442e-01 -8.58475892e-02 2.70549170e-01 3.69718331e-01 5.54419913e-01
1.4500 1.54616762e-07 -5.53098038e-08 -2.27567581e-08 -2.12851900e-07 -5.18995594e-08 1.19227631e-07 -1.36301700e-07 -6.89736278e-08 8.24790947e-01 -4.63685652e-02 -5.84076312e-02 -3.34788952e-01 -1.07302285e-01 2.91045497e-01 3.85225799e-01 5.68969011e-01
1.4600 1.58710507e-07 -8.37749968e-08 -1.30631478e-08 -2.33370369e-07 -6.65864488e-08 1.34421794e-07 -1.71498006e-07 -1.03662661e-07 8.46595714e-01 -7.02209859e-02 -3.35220869e-02 -3.67065701e-01 -1.37650768e-01 3.28118098e-01 3.75786941e-01 5.66254270e-01
1.4700 1.62426805e-07 -1.15192852e-07 -3.50296058e-09 -2.57461570e-07 -8.35556878e-08 1.54485950e-07 -2.13730577e-07 -1.42800315e-07 8.66399334e-01 -9.65504961e-02 -8.97972469e-03 -4.04962322e-01 -1.72717380e-01 3.77084503e-01 3.55906791e-01 5.60273914e-01
1.4800 1.65525876e-07 -1.41964120e-07 7.45330159e-09 -2.79665408e-07 -1.00913731e-07 1.76023541e-07 -2.48650350e-07 -1.73540540e-07 8.82924200e-01 -1.18989617e-01 1.91471616e-02 -4.39888860e-01 -2.08590919e-01 4.29654049e-01 3.43192885e-01 5.64256015e-01
1.4900 1.67956039e-07 -1.60116838e-07 2.09565769e-08 -2.94508740e-07 -1.17257665e-07 1.95043686e-07 -2.65712962e-07 -1.87926940e-07 8.95892802e-01 -1.34209828e-01 5.38141286e-02 -4.63235739e-01 -2.42373754e-01 4.76084678e-01 3.52261364e-01 5.85972288e-01
1.5000 1.69854162e-07 -1.69726672e-07 3.70684223e-08 -2.98109912e-07 -1.31704178e-07 2.08050681e-07 -2.60914000e-07 -1.84567497e-07 9.06030496e-01 -1.42273473e-01 9.51795179e-02 -4.68897750e-01 -2.72240959e-01 5.07842617e-01 3.90038791e-01 6.25640449e-01
1.5100 1.71489257e-07 -1.73857280e-07 5.44994355e-08 -2.89297275e-07 -1.43675329e-07 2.12984091e-07 -2.37165862e-07 -1.67857100e-07 9.14765787e-01 -1.45745798e-01 1.39932893e-01 -4.55033182e-01 -2.96997124e-01 5.19897293e-01 4.53919700e-01 6.76819869e-01
1.5200 1.73169244e-07 -1.76654530e-07 7.08926666e-08 -2.69862008e-07 -1.52622458e-07 2.09709582e-07 -2.02454628e-07 -1.45367504e-07 9.23734695e-01 -1.48098349e-01 1.82022751e-01 -4.24461004e-01 -3.15505839e-01 5.11919509e-01 5.33198094e-01 7.29611763e-01
1.5300 1.75142913e-07 -1.81409282e-07 8.35416220e-08 -2.43870928e-07 -1.57865382e-07 1.99916648e-07 -1.66595674e-07 -1.24544408e-07 9.34259540e-01 -1.52086336e-01 2.14500035e-01 -3.83579318e-01 -3.26357970e-01 4.88031798e-01 6.13093921e-01 7.74767750e-01
1.5400 1.77529510e-07 -1.89262487e-07 9.02768483e-08 -2.16289446e-07 -1.58638631e-07 1.86478877e-07 -1.37745575e-07 -1.09905329e-07 9.46974577e-01 -1.58664325e-01 2.31794417e-01 -3.40198835e-01 -3.27968156e-01 4.55246799e-01 6.79905834e-01 8.07184478e-01
1.5500 1.80297231e-07 -1.98871008e-07 9.02034712e-08 -1.91393438e-07 -1.54317274e-07 1.72505350e-07 -1.19763743e-07 -1.01575667e-07 9.61711732e-01 -1.66706760e-01 2.31607892e-01 -3.01044590e-01 -3.19042508e-01 4.21151803e-01 7.25568274e-01 8.27677569e-01
1.5600 1.83293654e-07 -2.06953787e-07 8.40368829e-08 -1.71504315e-07 -1.44699711e-07 1.60400799e-07 -1.11127566e-07 -9.54264777e-08 9.77662350e-01 -1.73465765e-01 2.15776644e-01 -2.69766438e-01 -2.99163726e-01 3.91614825e-01 7.50206791e-01 8.42657890e-01
1.5700 1.86312504e-07 -2.09354674e-07 7.39344532e-08 -1.56451269e-07 -1.30195799e-07 1.51231132e-07 -1.05558986e-07 -8.45236539e-08 9.93731995e-01 -1.75461360e-01 1.89839011e-01 -2.46093674e-01 -2.69180026e-01 3.69236206e-01 7.62015973e-01 8.62072153e-01
1.5800 1.89169149e-07 -2.02175539e-07 6.28981573e-08 -1.43901185e-07 -1.11815073e-07 1.44572986e-07 -9.40094181e-08 -6.12515045e-08 1.00894138e+00 -1.69430175e-01 1.61501872e-01 -2.26354645e-01 -2.31180345e-01 3.52981802e-01 7.74658434e-01 8.96459891e-01
1.5900 1.91755946e-07 -1.82640105e-07 5.39615694e-08 -1.30397262e-07 -9.09459891e-08 1.38856488e-07 -6.73198515e-08 -1.94093526e-08 1.02272000e+00 -1.53048385e-01 1.38553452e-01 -2.05111073e-01 -1.88037229e-01 3.39019973e-01 8.03113993e-01 9.54096737e-01
1.6000 1.94058250e-07 -1.49556883e-07 4.94287396e-08 -1.12716819e-07 -6.90159552e-08 1.32049398e-07 -1.87867121e-08 4.42467307e-08 1.03499053e+00 -1.25318880e-01 1.26909335e-01 -1.77294195e-01 -1.42703207e-01 3.22391681e-01 8.59286791e-01 1.03897526e+00
1.6100 1.96128511e-07 -1.03443329e-07 5.03902052e-08 -8.90727383e-08 -4.71768933e-08 1.22431747e-07 5.40026497e-08 1.29257503e-07 1.04603060e+00 -8.66749819e-02 1.29369926e-01 -1.40094542e-01 -9.75601755e-02 2.98901122e-01 9.48631001e-01 1.14997195e+00
1.6200 1.98032937e-07 -4.64649860e-08 5.66267581e-08 -5.97629677e-08 -2.61473605e-08 1.09201391e-07 1.48431741e-07 2.31485772e-07 1.05618908e+00 -3.89296663e-02 1.45373327e-01 -9.39831542e-02 -5.40928087e-02 2.66593334e-01 1.06864959e+00 1.28115012e+00
1.6300 1.99796156e-07 1.76903797e-08 6.68726090e-08 -2.70814528e-08 -6.26688934e-09 9.27286274e-08 2.57277692e-07 3.43739430e-07 1.06559240e+00 1.48292628e-02 1.71670793e-01 -4.25707779e-02 -1.30011173e-02 2.26374943e-01 1.20952168e+00 1.42289550e+00
1.6400 2.01370007e-07 8.39983249e-08 7.92984545e-08 5.43737285e-09 1.22833306e-08 7.44089730e-08 3.70104159e-07 4.56796463e-07 1.07397958e+00 7.03937991e-02 2.03566674e-01 8.58128309e-03 2.53427681e-02 1.81654053e-01 1.35652133e+00 1.56351815e+00
1.6500 2.02642751e-07 1.46448627e-07 9.20282389e-08 3.41509874e-08 2.92197665e-08 5.61991095e-08 4.75270605e-07 5.60689481e-07 1.08075268e+00 1.22729025e-01 2.36244863e-01 5.37429720e-02 6.03549569e-02 1.37206965e-01 1.49346954e+00 1.69103146e+00
1.6600 2.03488470e-07 1.98695225e-07 1.03529714e-07 5.64231191e-08 4.40036701e-08 4.00158319e-08 5.62136528e-07 6.46156030e-07 1.08524078e+00 1.66517335e-01 2.65771346e-01 8.87685126e-02 9.09230993e-02 9.77109061e-02 1.60629797e+00 1.79493197e+00
1.6700 2.03839387e-07 2.35050207e-07 1.12798291e-07 7.13591232e-08 5.58948739e-08 2.72038445e-08 6.23047008e-07 7.06145727e-07 1.08708544e+00 1.96991419e-01 2.89566235e-01 1.12252911e-01 1.15517179e-01 6.64452995e-02 1.68589601e+00 1.86785848e+00
1.6800 2.03752935e-07 2.51691622e-07 1.19348013e-07 7.99527402e-08 6.42119920e-08 1.82334421e-08 6.54745311e-07 7.37190745e-07 1.08659747e+00 2.10946823e-01 3.06380843e-01 1.25762204e-01 1.32727357e-01 4.45545755e-02 1.72968735e+00 1.90696928e+00
1.6900 2.03444823e-07 2.47774282e-07 1.23093207e-07 8.46427549e-08 6.86929789e-08 1.26959476e-08 6.58955067e-07 7.40343994e-07 1.08493194e+00 2.07673417e-01 3.15994247e-01 1.33135297e-01 1.42009623e-01 3.10380106e-02 1.74173490e+00 1.91478254e+00
1.7000 2.03269685e-07 2.26042504e-07 1.24224312e-07 8.84686702e-08 6.97855467e-08 9.55982385e-09 6.42005172e-07 7.21350542e-07 1.08398370e+00 1.89469473e-01 3.18894932e-01 1.39155090e-01 1.44286697e-01 2.33757967e-02 1.73150319e+00 1.89916569e+00
1.7100 2.03648666e-07 1.92609058e-07 1.23149859e-07 9.41256284e-08 6.87054464e-08 7.57043011e-09 6.13533211e-07 6.89809087e-07 1.08600034e+00 1.61456788e-01 3.16132161e-01 1.48061372e-01 1.42069137e-01 1.85054104e-02 1.71165066e+00 1.87222521e+00
1.7200 2.04962267e-07 1.55787420e-07 1.20514103e-07 1.03221239e-07 6.71831852e-08 5.64561503e-09 5.84485029e-07 6.57313829e-07 1.09301049e+00 1.30602161e-01 3.09361298e-01 1.62381709e-01 1.38932278e-01 1.37873155e-02 1.69535565e+00 1.84807525e+00
1.7300 2.07440266e-07 1.24177246e-07 1.17238972e-07 1.15941060e-07 6.69455829e-08 3.14223186e-09 5.64797544e-07 6.34885359e-07 1.10623710e+00 1.04112774e-01 3.00951238e-01 1.82405556e-01 1.38444833e-01 7.65505024e-03 1.69370667e+00 1.83980656e+00
1.7400 2.11083608e-07 1.04491950e-07 1.14509765e-07 1.31177623e-07 6.90970313e-08 -6.94043997e-11 5.61262946e-07 6.30290572e-07 1.12568176e+00 8.76153134e-02 2.93947154e-01 2.06387837e-01 1.42889890e-01 -2.03905594e-04 1.71363207e+00 1.85631805e+00
1.7500 2.15644637e-07 9.97668602e-08 1.13640868e-07 1.47026510e-07 7.36265010e-08 -3.71157170e-09 5.76078875e-07 6.45993804e-07 1.15002009e+00 8.36540321e-02 2.91725074e-01 2.31330045e-01 1.52245645e-01 -9.10805777e-03 1.75672924e+00 1.89986683e+00
1.7600 2.20674493e-07 1.08525575e-07 1.15813605e-07 1.61451742e-07 7.92417464e-08 -7.31463947e-09 6.06465416e-07 6.78392523e-07 1.17685536e+00 9.09919519e-02 2.97318273e-01 2.54027578e-01 1.63842372e-01 -1.79088502e-02 1.81919316e+00 1.96512668e+00
1.7700 2.25625864e-07 1.25215665e-07 1.21748063e-07 1.72897967e-07 8.36269178e-08 -1.04452218e-08 6.45487559e-07 7.18669255e-07 1.20326679e+00 1.04976006e-01 3.12574416e-01 2.72033140e-01 1.72894616e-01 -2.55481270e-02 1.89285035e+00 2.04019684e+00
1.7800 2.29982180e-07 1.41834679e-07 1.31421869e-07 1.80675988e-07 8.40714171e-08 -1.28626155e-08 6.83914716e-07 7.55123517e-07 1.22649857e+00 1.18899840e-01 3.37433691e-01 2.84263229e-01 1.73800869e-01 -3.14400133e-02 1.96709533e+00 2.10945619e+00
1.7900 2.33376439e-07 1.50284725e-07 1.43955928e-07 1.85043670e-07 7.82818859e-08 -1.45598177e-08 7.12660762e-07 7.76382830e-07 1.24459329e+00 1.25977229e-01 3.69635938e-01 2.91125110e-01 1.61821908e-01 -3.55705360e-02 2.03133157e+00 2.15758294e+00
1.8000 2.35666454e-07 1.44751807e-07 1.57742180e-07 1.87007721e-07 6.51176113e-08 -1.56955681e-08 7.25168162e-07 7.74590205e-07 1.25679284e+00 1.21336184e-01 4.05049435e-01 2.94204461e-01 1.34600906e-01 -3.83308657e-02 2.07738292e+00 2.17365296e+00
1.8100 2.36947080e-07 1.23390697e-07 1.70805886e-07 1.87948284e-07 4.50102675e-08 -1.64638586e-08 7.19091946e-07 7.47638355e-07 1.26360341e+00 1.03430927e-01 4.38601813e-01 2.95674234e-01 9.30310693e-02 -4.01977990e-02 2.10131038e+00 2.15414365e+00
1.8200 2.37499183e-07 8.88151536e-08 1.81305499e-07 1.89198535e-07 1.99346828e-08 -1.69640414e-08 6.96818370e-07 6.99789011e-07 1.26652337e+00 7.44525646e-02 4.65564025e-01 2.97632835e-01 4.11951801e-02 -4.14158531e-02 2.10417279e+00 2.10395212e+00
1.8300 2.37693564e-07 4.72730678e-08 1.88012637e-07 1.91695793e-07 -7.05106408e-09 -1.71253666e-08 6.64675062e-07 6.40498631e-07 1.26753117e+00 3.96375910e-02 4.82782808e-01 3.01555068e-01 -1.45851483e-02 -4.18126005e-02 2.09150664e+00 2.03510889e+00
1.8400 2.37880003e-07 6.79830751e-09 1.90609046e-07 1.95775418e-07 -3.25366189e-08 -1.67119153e-08 6.31062775e-07 5.81814241e-07 1.26849393e+00 5.71885054e-03 4.89442864e-01 3.07967978e-01 -6.72605769e-02 -4.08107336e-02 2.07162362e+00 1.96355231e+00
1.8500 2.38293711e-07 -2.50616403e-08 1.89692694e-07 2.01126685e-07 -5.35220511e-08 -1.54007268e-08 6.04051450e-07 5.35128672e-07 1.27066867e+00 -2.09788931e-02 4.87081920e-01 3.16381777e-01 -1.10630706e-01 -3.76192526e-02 2.05315347e+00 1.90490352e+00
1.8600 2.39003755e-07 -4.32390503e-08 1.86483783e-07 2.06890123e-07 -6.79815007e-08 -1.29006700e-08 5.89138610e-07 5.08256440e-07 1.27442720e+00 -3.62094276e-02 4.78835171e-01 3.25443442e-01 -1.40509200e-01 -3.15244142e-02 2.04249639e+00 1.87046277e+00
1.8700 2.39913621e-07 -4.62828608e-08 1.82328524e-07 2.11856888e-07 -7.50864363e-08 -9.07029989e-09 5.87816173e-07 5.03659436e-07 1.27925853e+00 -3.87576521e-02 4.68160617e-01 3.33250818e-01 -1.55185158e-01 -2.21782753e-02 2.04191231e+00 1.86454888e+00
1.8800 2.40807902e-07 -3.63653699e-08 1.78174697e-07 2.14729348e-07 -7.50796841e-08 -4.00000112e-09 5.97346578e-07 5.18266892e-07 1.28401706e+00 -3.04449031e-02 4.57492232e-01 3.37762827e-01 -1.55162463e-01 -9.79990479e-03 2.04882722e+00 1.88386485e+00
1.8900 2.41426455e-07 -1.82578412e-08 1.74208791e-07 2.14407440e-07 -6.89142795e-08 1.95898836e-09 6.11784845e-07 5.44829554e-07 1.28731713e+00 -1.52702089e-02 4.47308381e-01 3.37249977e-01 -1.42412883e-01 4.75341335e-03 2.05660527e+00 1.91894581e+00
1.9000 2.41541670e-07 2.31040307e-09 1.69792140e-07 2.10266828e-07 -5.78380506e-08 8.21771170e-09 6.23911042e-07 5.74290703e-07 1.28794442e+00 1.96499916e-03 4.35968224e-01 3.30731657e-01 -1.19516978e-01 2.00427050e-02 2.05660930e+00 1.95713503e+00
1.9100 2.41016919e-07 2.03368005e-08 1.63729703e-07 2.02387976e-07 -4.30934484e-08 1.40120525e-08 6.27471398e-07 5.98390003e-07 1.28516753e+00 1.70688114e-02 4.20402356e-01 3.18336037e-01 -8.90433241e-02 3.42004371e-02 2.04097474e+00 1.98613185e+00
1.9200 2.39832906e-07 3.27424404e-08 1.54785946e-07 1.91684917e-07 -2.58225519e-08 1.84898099e-08 6.19046209e-07 6.11713467e-07 1.27887889e+00 2.74617111e-02 3.97437864e-01 3.01502085e-01 -5.33520228e-02 4.51437197e-02 2.00528055e+00 1.99707225e+00
1.9300 2.38080168e-07 3.87609908e-08 1.42269916e-07 1.79879830e-07 -7.15666861e-09 2.08122963e-08 5.98990905e-07 6.12646533e-07 1.26955582e+00 3.25022524e-02 3.65300784e-01 2.82939144e-01 -1.47800313e-02 5.08229918e-02 1.95029800e+00 1.98634096e+00
1.9400 2.35926182e-07 3.94994672e-08 1.26479320e-07 1.69286252e-07 1.16228061e-08 2.02663917e-08 5.71191221e-07 6.03080419e-07 1.25808640e+00 3.31187189e-02 3.24756264e-01 2.66285692e-01 2.40259916e-02 4.94960803e-02 1.88224708e+00 1.95576915e+00
1.9500 2.33571394e-07 3.69319343e-08 1.08833886e-07 1.62404159e-07 2.90006747e-08 1.63838076e-08 5.41741373e-07 5.87125856e-07 1.24553630e+00 3.09656497e-02 2.79450651e-01 2.55472477e-01 5.99361577e-02 4.00195747e-02 1.81142508e+00 1.91138081e+00
1.9600 2.31208725e-07 3.27571507e-08 9.16285784e-08 1.61387339e-07 4.33322940e-08 9.05734872e-09 5.16981793e-07 5.69371436e-07 1.23293361e+00 2.74664873e-02 2.35277391e-01 2.53885046e-01 8.95525583e-02 2.21325509e-02 1.74956253e+00 1.86124764e+00
1.9700 2.28996535e-07 2.75607875e-08 7.74637417e-08 1.67499356e-07 5.31531089e-08 -1.36822669e-09 5.01520420e-07 5.53305302e-07 1.22112484e+00 2.31116039e-02 1.98913439e-01 2.63508504e-01 1.09848710e-01 -3.32197869e-03 1.70665839e+00 1.81318512e+00
1.9800 2.27048099e-07 2.05802720e-08 6.85191683e-08 1.80706109e-07 5.76009120e-08 -1.40635851e-08 4.96853648e-07 5.40390975e-07 1.21071821e+00 1.72614309e-02 1.75955146e-01 2.84287206e-01 1.19042239e-01 -3.43179251e-02 1.68822200e+00 1.77294631e+00
1.9900 2.25434123e-07 1.01338139e-08 6.58954585e-08 1.99541980e-07 5.67814185e-08 -2.77737245e-08 5.01005375e-07 5.30013069e-07 1.20209591e+00 8.50620139e-03 1.69227197e-01 3.13914659e-01 1.17350661e-01 -6.77903974e-02 1.69374397e+00 1.74330423e+00
2.0000 2.24191163e-07 -5.46967943e-09 6.92301357e-08 2.21327223e-07 5.18995777e-08 -4.09867824e-08 5.09278843e-07 5.20191638e-07 1.19545755e+00 -4.57137957e-03 1.77797277e-01 3.48175735e-01 1.07263167e-01 -1.00048110e-01 1.71685918e+00 1.72407424e+00
2.0100 2.23328785e-07 -2.68935879e-08 7.67134495e-08 2.42718864e-07 4.50484004e-08 -5.22016392e-08 5.15867510e-07 5.08714271e-07 1.19085710e+00 -2.25270672e-02 1.97017121e-01 3.81813175e-01 9.31045879e-02 -1.27426726e-01 1.74716033e+00 1.71283819e+00
2.0200 2.22831386e-07 -5.30063005e-08 8.55071491e-08 2.60473370e-07 3.86709103e-08 -6.02470447e-08 5.15805604e-07 4.94229470e-07 1.18821193e+00 -4.44121744e-02 2.19598212e-01 4.09726985e-01 7.99236842e-02 -1.47067742e-01 1.77312495e+00 1.70598090e+00
2.0300 2.22655049e-07 -8.06877542e-08 9.24483301e-08 2.72221591e-07 3.48424462e-08 -6.45749940e-08 5.06637215e-07 4.76904668e-07 1.18728596e+00 -6.76116204e-02 2.37419262e-01 4.28192929e-01 7.20099215e-02 -1.57634334e-01 1.78528653e+00 1.69966212e+00
2.0400 2.22723426e-07 -1.05321255e-07 9.48379642e-08 2.77034296e-07 3.46075504e-08 -6.54404595e-08 4.89274431e-07 4.58441522e-07 1.18766844e+00 -8.82562718e-02 2.43550863e-01 4.35751608e-01 7.15228426e-02 -1.59749741e-01 1.77871464e+00 1.69048774e+00
2.0500 2.22928013e-07 -1.21855430e-07 9.10942479e-08 2.75603458e-07 3.76104552e-08 -6.38966235e-08 4.67770289e-07 4.41484120e-07 1.18877652e+00 -1.02113005e-01 2.33932782e-01 4.33493183e-01 7.77280642e-02 -1.55985313e-01 1.75408948e+00 1.67583223e+00
2.0600 2.23136719e-07 -1.26133669e-07 8.10977020e-08 2.69970564e-07 4.21731620e-08 -6.15786991e-08 4.48071316e-07 4.28665779e-07 1.18990225e+00 -1.05698823e-01 2.08259633e-01 4.24629737e-01 8.71582914e-02 -1.50332632e-01 1.71709280e+00 1.65391846e+00
2.0700 2.23211172e-07 -1.16097439e-07 6.61502484e-08 2.62868277e-07 4.58268204e-08 -6.03095417e-08 4.36132258e-07 4.21649536e-07 1.19030579e+00 -9.72891448e-02 1.69875363e-01 4.13459662e-01 9.47112720e-02 -1.47240796e-01 1.67635167e+00 1.62382214e+00
2.0800 2.23029239e-07 -9.25004180e-08 4.85824968e-08 2.56863215e-07 4.61421719e-08 -6.16184804e-08 4.35974533e-07 4.20498225e-07 1.18933592e+00 -7.75160702e-02 1.24764622e-01 4.04019377e-01 9.53660266e-02 -1.50442029e-01 1.64060385e+00 1.58552785e+00
2.0900 2.22506588e-07 -5.89098664e-08 3.11375107e-08 2.53555238e-07 4.15913107e-08 -6.63014837e-08 4.48289470e-07 4.23579297e-07 1.18654484e+00 -4.93692992e-02 7.99704253e-02 3.98824076e-01 8.59640166e-02 -1.61878287e-01 1.61597004e+00 1.54005577e+00
2.1000 2.21610793e-07 -2.09754706e-08 1.63089546e-08 2.53078102e-07 3.21489613e-08 -7.41514664e-08 4.70022380e-07 4.28019874e-07 1.18176261e+00 -1.75832230e-02 4.18949276e-02 3.98082569e-01 6.64521256e-02 -1.81043213e-01 1.60415688e+00 1.48956580e+00
2.1100 2.20363734e-07 1.48473047e-08 5.80627462e-09 2.54058368e-07 1.94186900e-08 -8.39484720e-08 4.95075681e-07 4.30545899e-07 1.17510891e+00 1.24330012e-02 1.49265327e-02 3.99632938e-01 4.01438572e-02 -2.04958392e-01 1.60210139e+00 1.43728685e+00
2.1200 2.18831858e-07 4.27821260e-08 2.66618449e-10 2.54050098e-07 6.22359587e-09 -9.37297364e-08 5.15930700e-07 4.28424560e-07 1.16694020e+00 3.58397575e-02 7.00566530e-04 3.99626542e-01 1.28736685e-02 -2.28832706e-01 1.60310706e+00 1.38714803e+00
2.1300 2.17107835e-07 5.90351235e-08 -7.46607590e-10 2.50315852e-07 -4.22017095e-09 -1.01279023e-07 5.25712203e-07 4.20213008e-07 1.15775124e+00 4.94589701e-02 -1.90416792e-03 3.93756659e-01 -8.71107018e-03 -2.47256809e-01 1.59906270e+00 1.34309482e+00
2.1400 2.15289597e-07 6.25833627e-08 1.50113146e-09 2.40716501e-07 -9.28688710e-09 -1.04707642e-07 5.20090592e-07 4.06096062e-07 1.14806332e+00 5.24345419e-02 3.86341311e-03 3.78658221e-01 -1.91828193e-02 -2.55621302e-01 1.58301950e+00 1.30821538e+00
2.1500 2.13462938e-07 5.52613801e-08 5.30885022e-09 2.24438166e-07 -7.76590988e-09 -1.02967655e-07 4.98471334e-07 3.87737769e-07 1.13833189e+00 4.63045372e-02 1.36365168e-02 3.53051286e-01 -1.60385571e-02 -2.51369305e-01 1.55132423e+00 1.28391636e+00
2.1600 2.11691690e-07 4.11507643e-08 8.96233294e-09 2.02334999e-07 -2.61570252e-10 -9.61521695e-08 4.64139785e-07 3.67726046e-07 1.12889493e+00 3.44893722e-02 2.30144764e-02 3.18280176e-01 -5.26674406e-04 -2.34729279e-01 1.50467896e+00 1.26942301e+00
2.1700 2.10016077e-07 2.54608772e-08 1.10802703e-08 1.76785236e-07 1.09593875e-08 -8.54953705e-08 4.23342460e-07 3.48806477e-07 1.11996513e+00 2.13537187e-02 2.84511894e-02 2.78086951e-01 2.26679824e-02 -2.08714919e-01 1.44785699e+00 1.26181006e+00
2.1800 2.08456606e-07 1.32128940e-08 1.08192388e-08 1.51106855e-07 2.26212696e-08 -7.30694873e-08 3.83595594e-07 3.33147376e-07 1.11165119e+00 1.11037776e-02 2.77812045e-02 2.37692080e-01 4.67745170e-02 -1.78385283e-01 1.38822825e+00 1.25661748e+00
2.1900 2.07019112e-07 8.07283905e-09 7.92189161e-09 1.28711003e-07 3.13827113e-08 -6.12620719e-08 3.51724845e-07 3.21845485e-07 1.10398497e+00 6.80960555e-03 2.03434092e-02 2.02462603e-01 6.48856479e-02 -1.49568718e-01 1.33360059e+00 1.24891752e+00
2.2000 2.05697074e-07 1.16173685e-08 2.63534978e-09 1.12245350e-07 3.47716726e-08 -5.21789069e-08 3.32195143e-07 3.14787908e-07 1.09693368e+00 9.79023495e-03 6.77162888e-03 1.76564371e-01 7.18905188e-02 -1.27405284e-01 1.29005991e+00 1.23454515e+00
2.2100 2.04469764e-07 2.31809542e-08 -4.44807965e-09 1.02974135e-07 3.18265221e-08 -4.71370439e-08 3.26176774e-07 3.10866252e-07 1.09038931e+00 1.94860707e-02 -1.14140748e-02 1.61986626e-01 6.58002265e-02 -1.15109239e-01 1.26044794e+00 1.21113892e+00
2.2200 2.03297960e-07 4.02668550e-08 -1.25711415e-08 1.00561466e-07 2.32621182e-08 -4.63835926e-08 3.31555140e-07 3.08433666e-07 1.08414505e+00 3.38036961e-02 -3.22698885e-02 1.58200941e-01 4.80916137e-02 -1.13282651e-01 1.24387980e+00 1.17868876e+00
2.2300 2.02121496e-07 5.93557130e-08 -2.09681171e-08 1.03297245e-07 1.11382526e-08 -4.91083389e-08 3.43806337e-07 3.05836251e-07 1.07788145e+00 4.97937383e-02 -5.38298354e-02 1.62516504e-01 2.30223690e-02 -1.19946314e-01 1.23636185e+00 1.13943791e+00
2.2400 2.00863407e-07 7.68559465e-08 -2.89733475e-08 1.08672492e-07 -1.83447075e-09 -5.37330511e-08 3.57418498e-07 3.01850976e-07 1.07118812e+00 6.44473414e-02 -7.43843967e-02 1.70985187e-01 -3.80354086e-03 -1.31246126e-01 1.23223625e+00 1.09718659e+00
2.2500 1.99443486e-07 8.99309035e-08 -3.60779859e-08 1.14114206e-07 -1.31112297e-08 -5.83832485e-08 3.67410609e-07 2.95916131e-07 1.06363603e+00 7.53891324e-02 -9.26264026e-02 1.79557704e-01 -2.71239328e-02 -1.42604924e-01 1.22595646e+00 1.05622761e+00
2.2600 1.97800241e-07 9.70052346e-08 -4.19453696e-08 1.17656786e-07 -2.09912621e-08 -6.14018227e-08 3.70516892e-07 2.88123807e-07 1.05489485e+00 8.13011865e-02 -1.07690812e-01 1.85140151e-01 -4.34208928e-02 -1.49976504e-01 1.21364538e+00 1.02024798e+00
2.2700 1.95915894e-07 9.78704137e-08 -4.64011824e-08 1.18363791e-07 -2.49622760e-08 -6.17606050e-08 3.65748916e-07 2.79026035e-07 1.04486700e+00 8.20109893e-02 -1.19129794e-01 1.86257848e-01 -5.16333539e-02 -1.50850496e-01 1.19400604e+00 9.91522192e-01
2.2800 1.93836139e-07 9.34364464e-08 -4.94132438e-08 1.16403879e-07 -2.56393132e-08 -5.92646132e-08 3.54263221e-07 2.69359295e-07 1.03379361e+00 7.82829364e-02 -1.26861064e-01 1.83175204e-01 -5.30313973e-02 -1.44751089e-01 1.16839068e+00 9.70608198e-01
2.2900 1.91676114e-07 8.52731497e-08 -5.10705222e-08 1.12796533e-07 -2.43636321e-08 -5.45104592e-08 3.38675274e-07 2.59801183e-07 1.02228699e+00 7.14336331e-02 -1.31114024e-01 1.77495976e-01 -5.03875857e-02 -1.33135524e-01 1.14010257e+00 9.56579461e-01
2.3000 1.89607095e-07 7.51224788e-08 -5.15651409e-08 1.08940067e-07 -2.26311105e-08 -4.86336836e-08 3.22104500e-07 2.50839706e-07 1.01125999e+00 6.29231388e-02 -1.32383340e-01 1.71420847e-01 -4.67955319e-02 -1.18777200e-01 1.11322063e+00 9.47647901e-01
2.3100 1.87824058e-07 6.45370238e-08 -5.11768123e-08 1.06087922e-07 -2.15582156e-08 -4.29372884e-08 3.07272192e-07 2.42776687e-07 1.00175299e+00 5.40521473e-02 -1.31388564e-01 1.66923412e-01 -4.45656909e-02 -1.04858638e-01 1.09133999e+00 9.41915659e-01
2.3200 1.86500637e-07 5.47248914e-08 -5.02568371e-08 1.04936717e-07 -2.15591882e-08 -3.85194191e-08 2.95905409e-07 2.35826802e-07 9.94693475e-01 4.58322667e-02 -1.29032564e-01 1.65101763e-01 -4.45573979e-02 -9.40622840e-02 1.07659494e+00 9.37975258e-01
2.3300 1.85743103e-07 4.65890199e-08 -4.92080585e-08 1.05437365e-07 -2.23185909e-08 -3.60067094e-08 2.88561430e-07 2.30236129e-07 9.90650075e-01 3.90192766e-02 -1.26349652e-01 1.65880860e-01 -4.61212896e-02 -8.79192249e-02 1.06920056e+00 9.35160045e-01
2.3400 1.85556709e-07 4.08743821e-08 -4.84573544e-08 1.06860059e-07 -2.30339648e-08 -3.54577460e-08 2.84833796e-07 2.26342085e-07 9.89652694e-01 3.42367310e-02 -1.24434774e-01 1.68114268e-01 -4.76001498e-02 -8.65732556e-02 1.06756892e+00 9.33395513e-01
2.3500 1.85835393e-07 3.83053742e-08 -4.84182296e-08 1.08063317e-07 -2.28131137e-08 -3.64437688e-08 2.83785855e-07 2.24528973e-07 9.91137129e-01 3.20911927e-02 -1.24347590e-01 1.70007041e-01 -4.71496984e-02 -8.89777386e-02 1.06888777e+00 9.32760335e-01
2.3600 1.86379673e-07 3.96159646e-08 -4.94432396e-08 1.07861672e-07 -2.10686775e-08 -3.82599486e-08 2.84414070e-07 2.25085444e-07 9.94040322e-01 3.31974371e-02 -1.26990734e-01 1.69693997e-01 -4.35542220e-02 -9.34113988e-02 1.06994102e+00 9.32975401e-01
2.3700 1.86939575e-07 4.54350908e-08 -5.17697002e-08 1.05370246e-07 -1.77691054e-08 -4.01864846e-08 2.85975211e-07 2.28019621e-07 9.97029250e-01 3.80822347e-02 -1.32971031e-01 1.65781902e-01 -3.67458104e-02 -9.81159086e-02 1.06792236e+00 9.33060637e-01
2.3800 1.87271900e-07 5.60631141e-08 -5.54670386e-08 1.00227524e-07 -1.34687594e-08 -4.17129511e-08 2.88095499e-07 2.32913789e-07 9.98806482e-01 4.69968157e-02 -1.42464965e-01 1.57700250e-01 -2.78673378e-02 -1.01843881e-01 1.06103858e+00 9.31327364e-01
2.3900 1.87196599e-07 7.12317767e-08 -6.03987210e-08 9.26475495e-08 -9.12412841e-09 -4.26607981e-08 2.90677205e-07 2.38892278e-07 9.98411054e-01 5.97155922e-02 -1.55121418e-01 1.45783829e-01 -1.88933866e-02 -1.04158277e-01 1.04878906e+00 9.25737394e-01
2.4000 1.86636908e-07 8.99577202e-08 -6.62135641e-08 8.33101389e-08 -5.77669832e-09 -4.31782265e-08 2.93691203e-07 2.44736279e-07 9.95432816e-01 7.54134451e-02 -1.70039572e-01 1.31100471e-01 -1.19753684e-02 -1.05420201e-01 1.03190716e+00 9.14511591e-01
2.4100 1.85632402e-07 1.10571902e-07 -7.23782040e-08 7.31435955e-08 -4.22130614e-09 -4.36247042e-08 2.96969695e-07 2.49123684e-07 9.90082283e-01 9.26905947e-02 -1.85852127e-01 1.15109575e-01 -8.75628232e-03 -1.06507158e-01 1.01203033e+00 8.96766886e-01
2.4200 1.84321825e-07 1.30945757e-07 -7.82537208e-08 6.30763299e-08 -4.77195108e-09 -4.43952681e-08 3.00090190e-07 2.50922971e-07 9.83099248e-01 1.09762469e-01 -2.00921571e-01 9.92715154e-02 -9.88650043e-03 -1.08384130e-01 9.91211661e-01 8.72941031e-01
2.4300 1.82901175e-07 1.48864074e-07 -8.32064567e-08 5.38291531e-08 -7.19216105e-09 -4.57482434e-08 3.02387945e-07 2.49447540e-07 9.75529264e-01 1.24772528e-01 -2.13624046e-01 8.47208301e-02 -1.48793398e-02 -1.11682831e-01 9.71398576e-01 8.44836405e-01
2.4400 1.81569340e-07 1.62441588e-07 -8.67298000e-08 4.57951746e-08 -1.07940226e-08 -4.76920096e-08 3.03076303e-07 2.44590270e-07 9.68433665e-01 1.36141608e-01 -2.22661335e-01 7.20770445e-02 -2.23150804e-02 -1.16424978e-01 9.53990983e-01 8.15250925e-01
2.4500 1.80476679e-07 1.70464876e-07 -8.85452826e-08 3.90209755e-08 -1.46532394e-08 -4.99619086e-08 3.01417248e-07 2.36802100e-07 9.62615160e-01 1.42854432e-01 -2.27319893e-01 6.14147229e-02 -3.02848438e-02 -1.21965571e-01 9.39564422e-01 7.87314007e-01
2.4600 1.79690371e-07 1.72567822e-07 -8.86521877e-08 3.32731204e-08 -1.78566380e-08 -5.20870117e-08 2.96879125e-07 2.26935475e-07 9.58432787e-01 1.44606394e-01 -2.27597954e-01 5.23677738e-02 -3.69017598e-02 -1.27155596e-01 9.27809001e-01 7.63751646e-01
2.4700 1.79184866e-07 1.69206085e-07 -8.73066739e-08 2.81563076e-08 -1.97014352e-08 -5.35189387e-08 2.89240584e-07 2.16020210e-07 9.55750723e-01 1.41781677e-01 -2.24152003e-01 4.43150747e-02 -4.07127556e-02 -1.30656316e-01 9.17695472e-01 7.46326401e-01
2.4800 1.78858139e-07 1.61461006e-07 -8.49318775e-08 2.32456634e-08 -1.97969906e-08 -5.37794154e-08 2.78632931e-07 2.05056525e-07 9.54024700e-01 1.35288351e-01 -2.18066331e-01 3.65884827e-02 -4.09091198e-02 -1.31299480e-01 9.07835202e-01 7.35626602e-01
2.4900 1.78567081e-07 1.50751910e-07 -8.19834466e-08 1.82026056e-08 -1.80642132e-08 -5.25829966e-08 2.65538150e-07 1.94890940e-07 9.52490629e-01 1.26316767e-01 -2.10508350e-01 2.86551377e-02 -3.73257630e-02 -1.28387058e-01 8.96954183e-01 7.31241363e-01
2.5000 1.78170522e-07 1.38551339e-07 -7.88124046e-08 1.28552412e-08 -1.46664514e-08 -4.99042529e-08 2.50764698e-07 1.86193994e-07 9.50394056e-01 1.16100649e-01 -2.02377076e-01 2.02440814e-02 -3.02989438e-02 -1.21855514e-01 8.84361711e-01 7.32207253e-01
2.5100 1.77567270e-07 1.26177921e-07 -7.55719371e-08 7.23477540e-09 -9.92389903e-09 -4.59786608e-08 2.35408029e-07 1.79505470e-07 9.47193218e-01 1.05743545e-01 -1.94064280e-01 1.14037284e-02 -2.04898399e-02 -1.12278296e-01 8.70276212e-01 7.37508076e-01
2.5200 1.76719257e-07 1.14697761e-07 -7.22032666e-08 1.56612030e-09 -4.25615432e-09 -4.12460443e-08 2.20779873e-07 1.75277674e-07 9.42682865e-01 9.61365525e-02 -1.85418461e-01 2.48727888e-03 -8.76609590e-03 -1.00728050e-01 8.55888236e-01 7.46394091e-01
2.5300 1.75655266e-07 1.04917646e-07 -6.85104451e-08 -3.78549831e-09 1.82966853e-09 -3.62586269e-08 2.08276969e-07 1.73848010e-07 9.37014608e-01 8.79531951e-02 -1.75936868e-01 -5.93114362e-03 3.82275677e-03 -8.85523641e-02 8.43099792e-01 7.58370185e-01
2.5400 1.74456809e-07 9.74215859e-08 -6.43023144e-08 -8.40668653e-09 7.72130584e-09 -3.15797523e-08 1.99169394e-07 1.75310948e-07 9.30622111e-01 8.16806879e-02 -1.65129740e-01 -1.32013964e-02 1.60091306e-02 -7.71266065e-02 8.33971663e-01 7.72854187e-01
2.5500 1.73232687e-07 9.25978609e-08 -5.95528691e-08 -1.19554334e-08 1.26941398e-08 -2.76949872e-08 1.94322246e-07 1.79321398e-07 9.24085761e-01 7.76431155e-02 -1.52931663e-01 -1.87854103e-02 2.62929618e-02 -6.76368522e-02 8.30011802e-01 7.88667912e-01
2.5600 1.72091058e-07 9.06252488e-08 -5.45191146e-08 -1.42875234e-08 1.59575234e-08 -2.49482378e-08 1.93909669e-07 1.84918955e-07 9.17983840e-01 7.59901477e-02 -1.40003778e-01 -2.24561297e-02 3.30380112e-02 -6.09237660e-02 8.31514080e-01 8.03628325e-01
2.5700 1.71117176e-07 9.14218870e-08 -4.97641115e-08 -1.55597991e-08 1.67777636e-08 -2.35062160e-08 1.97215152e-07 1.90486700e-07 9.12773617e-01 7.66541219e-02 -1.27792638e-01 -2.44600569e-02 3.47265661e-02 -5.73956142e-02 8.37175043e-01 8.14505995e-01
2.5800 1.70361821e-07 9.45903106e-08 -4.60612072e-08 -1.62757357e-08 1.46652770e-08 -2.33485403e-08 2.02615189e-07 1.93931926e-07 9.08729169e-01 7.93036330e-02 -1.18284181e-01 -2.55890321e-02 3.03466293e-02 -5.70038375e-02 8.44159590e-01 8.17502381e-01
2.5900 1.69841235e-07 9.94028416e-08 -4.41952335e-08 -1.72443693e-08 9.57654105e-09 -2.42791496e-08 2.07804474e-07 1.93101865e-07 9.05940328e-01 8.33307720e-02 -1.13493326e-01 -2.71156726e-02 1.98094662e-02 -5.92706909e-02 8.48662101e-01 8.09200877e-01
2.6000 1.69545539e-07 1.04857699e-07 -4.47146951e-08 -1.94415655e-08 2.05898075e-09 -2.59562992e-08 2.10246978e-07 1.86349659e-07 9.04356870e-01 8.78976195e-02 -1.14827885e-01 -3.05751330e-02 4.24895416e-03 -6.33623258e-02 8.46851472e-01 7.87738101e-01
2.6100 1.69450493e-07 1.09804902e-07 -4.77121958e-08 -2.37902442e-08 -6.73023280e-09 -2.79404406e-08 2.07752955e-07 1.73082281e-07 9.03850638e-01 9.20413662e-02 -1.22525029e-01 -3.74193296e-02 -1.39399190e-02 -6.82056425e-02 8.35947645e-01 7.53802084e-01
2.6200 1.69527403e-07 1.13107832e-07 -5.27093025e-08 -3.09058444e-08 -1.51705278e-08 -2.97590763e-08 1.99020088e-07 1.54090484e-07 9.04268118e-01 9.48095583e-02 -1.35355891e-01 -4.86164551e-02 -3.14040727e-02 -7.26466941e-02 8.15105331e-01 7.11054564e-01
2.6300 1.69747853e-07 1.13788177e-07 -5.86952785e-08 -4.08745283e-08 -2.14796314e-08 -3.09839800e-08 1.83966223e-07 1.31502611e-07 9.05455823e-01 9.53816654e-02 -1.50725137e-01 -6.43019938e-02 -4.44565475e-02 -7.56393698e-02 7.85810358e-01 6.65714440e-01
2.6400 1.70082719e-07 1.11108984e-07 -6.43239116e-08 -5.31348578e-08 -2.41087905e-08 -3.13099780e-08 1.63732934e-07 1.08314166e-07 9.07255542e-01 9.31389869e-02 -1.65176345e-01 -8.35925323e-02 -4.98940016e-02 -7.64379387e-02 7.51625652e-01 6.25293712e-01
2.6500 1.70497523e-07 1.04581066e-07 -6.82229838e-08 -6.65142652e-08 -2.21321597e-08 -3.06186563e-08 1.40341340e-07 8.75905238e-08 9.09480310e-01 8.76704060e-02 -1.75186489e-01 -1.04643126e-01 -4.58020150e-02 -7.47527833e-02 7.17321101e-01 5.96766303e-01
2.6600 1.70947631e-07 9.39182739e-08 -6.93329564e-08 -7.94324277e-08 -1.55216541e-08 -2.90084048e-08 1.16100521e-07 7.15704618e-08 9.11889618e-01 7.87352605e-02 -1.78035387e-01 -1.24967281e-01 -3.21234243e-02 -7.08238888e-02 6.87622210e-01 5.84674897e-01
2.6700 1.71376721e-07 7.89975551e-08 -6.71781278e-08 -9.02349644e-08 -5.22222215e-09 -2.67766587e-08 9.29611839e-08 6.09623030e-08 9.14181824e-01 6.62300828e-02 -1.72501776e-01 -1.41961999e-01 -1.08138326e-02 -6.53775266e-02 6.65948132e-01 5.89756773e-01
2.6800 1.71720446e-07 5.98830156e-08 -6.19901218e-08 -9.75777112e-08 7.00665615e-09 -2.43512167e-08 7.20356285e-08 5.46910680e-08 9.16013932e-01 5.02088042e-02 -1.59180312e-01 -1.53512422e-01 1.44863894e-02 -5.94584993e-02 6.53530001e-01 6.08557891e-01
2.6900 1.71915061e-07 3.69435168e-08 -5.46456091e-08 -1.00759027e-07 1.89540114e-08 -2.21824484e-08 5.34539420e-08 5.02255050e-08 9.17047409e-01 3.09811761e-02 -1.40321692e-01 -1.58514721e-01 3.92031371e-02 -5.41668071e-02 6.49192172e-01 6.34228502e-01
2.7000 1.71908798e-07 1.10395864e-08 -4.64347957e-08 -9.99045505e-08 2.84385988e-08 -2.06222500e-08 3.66090384e-08 4.44253872e-08 9.17008293e-01 9.26917639e-03 -1.19238349e-01 -1.57166825e-01 5.88240007e-02 -5.03619129e-02 6.49872296e-01 6.58334384e-01
2.7100 1.71672673e-07 -1.63004796e-08 -3.87272245e-08 -9.59458225e-08 3.37881390e-08 -1.98234467e-08 2.06991468e-08 3.46638391e-08 9.15744069e-01 -1.36456633e-02 -9.94465249e-02 -1.50934801e-01 6.98895974e-02 -4.84169502e-02 6.51717080e-01 6.73189727e-01
2.7200 1.71207538e-07 -4.28272144e-08 -3.26310129e-08 -9.03914556e-08 3.41960611e-08 -1.96911800e-08 5.35785544e-09 1.98627365e-08 9.13260584e-01 -3.58777055e-02 -8.37914786e-02 -1.42192785e-01 7.07315175e-02 -4.80999343e-02 6.51398614e-01 6.74030198e-01
2.7300 1.70545387e-07 -6.57389165e-08 -2.87415189e-08 -8.49501482e-08 2.98682193e-08 -1.99050011e-08 -8.88519613e-09 1.07802202e-09 9.09728581e-01 -5.50788884e-02 -7.38022165e-02 -1.33629765e-01 6.17758331e-02 -4.86277293e-02 6.47217712e-01 6.60365816e-01
2.7400 1.69744656e-07 -8.21123141e-08 -2.70459495e-08 -8.11096667e-08 2.19285997e-08 -2.00100226e-08 -2.05232739e-08 -1.86046968e-08 9.05458607e-01 -6.87996436e-02 -6.94465118e-02 -1.27587028e-01 4.53480567e-02 -4.88887561e-02 6.39625424e-01 6.36084724e-01
2.7500 1.68880872e-07 -8.95416634e-08 -2.70013911e-08 -7.97903091e-08 1.21166580e-08 -1.95536638e-08 -2.74524920e-08 -3.48894978e-08 9.00851544e-01 -7.50244125e-02 -6.93310903e-02 -1.25512799e-01 2.50470453e-02 -4.77771146e-02 6.30983243e-01 6.08253173e-01
2.7600 1.68034993e-07 -8.68390381e-08 -2.77510834e-08 -8.11698212e-08 2.36165334e-09 -1.82284460e-08 -2.77249493e-08 -4.35917420e-08 8.96337137e-01 -7.27584016e-02 -7.12567063e-02 -1.27686655e-01 4.86440973e-03 -4.45415023e-02 6.24635375e-01 5.84958282e-01
2.7700 1.67281924e-07 -7.45895117e-08 -2.84042203e-08 -8.47252754e-08 -5.65305294e-09 -1.59767912e-08 -2.04370838e-08 -4.20669280e-08 8.92313476e-01 -6.24927227e-02 -7.29363406e-02 -1.33285379e-01 -1.17168945e-02 -3.90413013e-02 6.23599033e-01 5.72840837e-01
2.7800 1.66681082e-07 -5.53584121e-08 -2.82902208e-08 -8.94717693e-08 -1.08267774e-08 -1.30231805e-08 -6.43932007e-09 -3.02892780e-08 8.89097315e-01 -4.63779632e-02 -7.26479247e-02 -1.40758590e-01 -2.24193875e-02 -3.18251723e-02 6.29312838e-01 5.75068278e-01
2.7900 1.66270050e-07 -3.34216082e-08 -2.71128089e-08 -9.43184583e-08 -1.28033342e-08 -9.82014575e-09 1.14171744e-08 -1.12063056e-08 8.86890389e-01 -2.79980459e-02 -6.96299521e-02 -1.48389067e-01 -2.65059666e-02 -2.39990900e-02 6.40873324e-01 5.90368267e-01
2.8000 1.66061495e-07 -1.40171012e-08 -2.49665041e-08 -9.84280900e-08 -1.19330732e-08 -6.92114460e-09 2.86497996e-08 9.79558175e-09 8.85762757e-01 -1.17429250e-02 -6.41239582e-02 -1.54858661e-01 -2.47014958e-02 -1.69156949e-02 6.55037213e-01 6.13420022e-01
2.8100 1.66043191e-07 -2.25983347e-09 -2.22251302e-08 -1.01467621e-07 -9.06476144e-09 -4.81701092e-09 4.00906059e-08 2.62088335e-08 8.85652244e-01 -1.89904672e-03 -5.70885100e-02 -1.59642834e-01 -1.87623246e-02 -1.17746115e-02 6.67021853e-01 6.36484917e-01
2.8200 1.66180920e-07 -1.97578088e-09 -1.93529511e-08 -1.03674032e-07 -5.23958959e-09 -3.78555783e-09 4.11781562e-08 3.21530087e-08 8.86379062e-01 -1.67218642e-03 -4.97145818e-02 -1.63114367e-01 -1.08432372e-02 -9.25488482e-03 6.71877927e-01 6.51779805e-01
2.8300 1.66424218e-07 -1.47570847e-08 -1.67109002e-08 -1.05719303e-07 -1.37964763e-09 -3.80144961e-09 2.92369300e-08 2.40558328e-08 8.87675645e-01 -1.23955801e-02 -4.29282971e-02 -1.66330956e-01 -2.85286288e-03 -9.29467952e-03 6.66020813e-01 6.53873270e-01
2.8400 1.66714898e-07 -3.94987025e-08 -1.44268151e-08 -1.08422611e-07 1.94322081e-09 -4.53591922e-09 4.36676980e-09 1.77407140e-09 8.89231591e-01 -3.31416834e-02 -3.70579052e-02 -1.70582264e-01 4.02470801e-03 -1.10905415e-02 6.48449738e-01 6.41383904e-01
2.8500 1.66997847e-07 -7.25576957e-08 -1.23720264e-08 -1.12405872e-07 4.60163773e-09 -5.44850659e-09 -3.03377469e-08 -3.11846157e-08 8.90751208e-01 -6.08558499e-02 -3.17736806e-02 -1.76847738e-01 9.52507716e-03 -1.33215586e-02 6.21273940e-01 6.17477458e-01
2.8600 1.67232752e-07 -1.08512721e-07 -1.02469964e-08 -1.17806113e-07 6.85618297e-09 -5.94428596e-09 -6.93330786e-08 -6.84211816e-08 8.92016501e-01 -9.09931222e-02 -2.63076681e-02 -1.85343753e-01 1.41868579e-02 -1.45336030e-02 5.89371958e-01 5.89025213e-01
2.8700 1.67404430e-07 -1.41341633e-07 -7.73981588e-09 -1.24139759e-07 9.17799381e-09 -5.54921435e-09 -1.05816777e-07 -1.02187997e-07 8.92943067e-01 -1.18505489e-01 -1.98603908e-02 -1.95309832e-01 1.89848294e-02 -1.35679031e-02 5.59267355e-01 5.64684281e-01
2.8800 1.67528841e-07 -1.65726100e-07 -4.69628802e-09 -1.30366308e-07 1.20129266e-08 -4.05005838e-09 -1.33259855e-07 -1.25296987e-07 8.93613072e-01 -1.38935571e-01 -1.20372636e-02 -2.05108689e-01 2.48420884e-02 -9.90308929e-03 5.37531548e-01 5.52470547e-01
2.8900 1.67652092e-07 -1.78164457e-07 -1.23698359e-09 -1.35137252e-07 1.55631537e-08 -1.55599605e-09 -1.46886601e-07 -1.32879443e-07 8.94270747e-01 -1.49349471e-01 -3.14888464e-03 -2.12617910e-01 3.21781441e-02 -3.80583720e-03 5.29154482e-01 5.57526789e-01
2.9000 1.67841099e-07 -1.77632957e-07 2.22450731e-09 -1.37159658e-07 1.96537102e-08 1.53680214e-09 -1.44727008e-07 -1.23536496e-07 8.95272987e-01 -1.48890950e-01 5.74226986e-03 -2.15802211e-01 4.06326323e-02 3.75560981e-03 5.36322095e-01 5.80710337e-01
2.9100 1.68166790e-07 -1.65660842e-07 5.07379507e-09 -1.35569496e-07 2.37247112e-08 4.66616556e-09 -1.27989753e-07 -9.95988765e-08 8.96999675e-01 -1.38844100e-01 1.30586759e-02 -2.13301153e-01 4.90489210e-02 1.14070969e-02 5.57913098e-01 6.18369115e-01
2.9200 1.68683265e-07 -1.45837483e-07 6.67234360e-09 -1.30207077e-07 2.69527524e-08 7.27253774e-09 -1.00688952e-07 -6.64636615e-08 8.99742059e-01 -1.22219817e-01 1.71612666e-02 -2.04862836e-01 5.57249306e-02 1.77806595e-02 5.89820673e-01 6.63326263e-01
2.9300 1.69408345e-07 -1.22906645e-07 6.56365683e-09 -1.21715595e-07 2.84677682e-08 8.96280697e-09 -6.86502383e-08 -3.12196631e-08 9.03598205e-01 -1.02996133e-01 1.68786862e-02 -1.91499197e-01 5.88614624e-02 2.19149972e-02 6.25981561e-01 7.06758020e-01
2.9400 1.70311506e-07 -1.01688336e-07 4.64323075e-09 -1.11434100e-07 2.76043114e-08 9.61908118e-09 -3.81676991e-08 -9.44306480e-10 9.08407815e-01 -8.52140678e-02 1.19434765e-02 -1.75317673e-01 5.70818397e-02 2.35214359e-02 6.59819550e-01 7.40422826e-01
2.9500 1.71313947e-07 -8.60854380e-08 1.23669361e-09 -1.01112872e-07 2.41158954e-08 9.42005890e-09 -1.46476696e-08 1.88882847e-08 9.13751967e-01 -7.21447057e-02 3.19254396e-03 -1.59073226e-01 4.98752890e-02 2.30362887e-02 6.85726579e-01 7.58638157e-01
2.9600 1.72302530e-07 -7.83842353e-08 -2.94190384e-09 -9.25258548e-08 1.82901606e-08 8.77052186e-09 -1.54946353e-09 2.55112190e-08 9.19027234e-01 -6.57028788e-02 -7.54004976e-03 -1.45558246e-01 3.78353327e-02 2.14486406e-02 7.00226060e-01 7.59510033e-01
2.9700 1.73155346e-07 -7.89659593e-08 -6.94378400e-09 -8.70792548e-08 1.09286053e-08 8.16333170e-09 1.66347408e-10 1.92582844e-08 9.23582148e-01 -6.62056638e-02 -1.78177710e-02 -1.36986323e-01 2.26181662e-02 1.99631153e-02 7.02572389e-01 7.45153671e-01
2.9800 1.73772788e-07 -8.64401882e-08 -9.81018436e-09 -8.55123902e-08 3.19055811e-09 8.01898048e-09 -7.98997465e-09 3.21956394e-09 9.26883488e-01 -7.24847247e-02 -2.51786634e-02 -1.34521241e-01 6.62029112e-03 1.96077139e-02 6.94698859e-01 7.20926864e-01
2.9900 1.74105730e-07 -9.81185302e-08 -1.08067815e-08 -8.77593438e-08 -3.66244911e-09 8.55379160e-09 -2.25789254e-08 -1.76875829e-08 9.28667163e-01 -8.22840077e-02 -2.77372254e-02 -1.38059110e-01 -7.54988521e-03 2.09116115e-02 6.80586820e-01 6.93948546e-01
3.0000 1.74172331e-07 -1.10687856e-07 -9.60420787e-09 -9.29969509e-08 -8.55828904e-09 9.71763329e-09 -3.91166838e-08 -3.79573395e-08 9.29028461e-01 -9.28246558e-02 -2.46478669e-02 -1.46303916e-01 -1.76749801e-02 2.37528065e-02 6.65252023e-01 6.71329849e-01
3.0100 1.74057665e-07 -1.20923316e-07 -6.35692763e-09 -9.98585284e-08 -1.08670760e-08 1.12190552e-08 -5.30811076e-08 -5.27291283e-08 9.28420435e-01 -1.01403062e-01 -1.63073995e-02 -1.57104048e-01 -2.24515492e-02 2.74194321e-02 6.53605924e-01 6.58573807e-01
3.0200 1.73894964e-07 -1.26298244e-07 -1.66130561e-09 -1.06755196e-07 -1.05488723e-08 1.26276406e-08 -6.08197812e-08 -5.87410128e-08 9.27553887e-01 -1.05902164e-01 -4.24735479e-03 -1.67958256e-01 -2.17957530e-02 3.08598166e-02 6.49446112e-01 6.58510175e-01
3.0300 1.73832598e-07 -1.25389417e-07 3.59367526e-09 -1.12225853e-07 -8.15599803e-09 1.35191226e-08 -6.01889966e-08 -5.48258720e-08 9.27220995e-01 -1.05130868e-01 9.24932915e-03 -1.76566695e-01 -1.68484656e-02 3.30371152e-02 6.54772761e-01 6.70961411e-01
3.0400 1.73995358e-07 -1.18028849e-07 8.44212274e-09 -1.15235920e-07 -4.68700055e-09 1.36160510e-08 -5.08272885e-08 -4.18982380e-08 9.28088381e-01 -9.89507335e-02 2.17021813e-02 -1.81301266e-01 -9.67365910e-03 3.32731251e-02 6.69538562e-01 6.93138028e-01
3.0500 1.74450742e-07 -1.05205624e-07 1.20672165e-08 -1.15361989e-07 -1.32829360e-09 1.28792860e-08 -3.40496541e-08 -2.24986617e-08 9.30516814e-01 -8.81930482e-02 3.10134602e-02 -1.81496216e-01 -2.72443466e-03 3.14719635e-02 6.91841011e-01 7.20588539e-01
3.0600 1.75189955e-07 -8.87655012e-08 1.39815216e-08 -1.12828784e-07 8.50259559e-10 1.15221685e-08 -1.24228080e-08 -5.03799816e-11 9.34459574e-01 -7.44064626e-02 3.59311737e-02 -1.77506156e-01 1.78633979e-03 2.81547832e-02 7.18478128e-01 7.48419251e-01
3.0700 1.76129468e-07 -7.09870434e-08 1.41201585e-08 -1.08399109e-07 1.16630561e-09 9.94426200e-09 1.08634744e-08 2.19740420e-08 9.39470650e-01 -5.95013762e-02 3.62883541e-02 -1.70532575e-01 2.44640979e-03 2.42979087e-02 7.45725053e-01 7.72469371e-01
3.0800 1.77133180e-07 -5.41281080e-08 1.28292500e-08 -1.03149155e-07 -5.09171263e-10 8.60693961e-09 3.26851674e-08 4.07829357e-08 9.44823174e-01 -4.53698220e-02 3.29734395e-02 -1.62269898e-01 -1.01268520e-03 2.10288086e-02 7.70156893e-01 7.90173016e-01
3.0900 1.78049352e-07 -4.00341551e-08 1.07586144e-08 -9.81848489e-08 -3.73542947e-09 7.89078970e-09 5.05889623e-08 5.47443225e-08 9.49706721e-01 -3.35574766e-02 2.76547808e-02 -1.54458835e-01 -7.68124954e-03 1.92775961e-02 7.89345190e-01 8.00941537e-01
3.1000 1.78752090e-07 -2.98799214e-08 8.69009058e-09 -9.43657761e-08 -7.63919619e-09 7.97950850e-09 6.31964834e-08 6.35367957e-08 9.53448987e-01 -2.50476566e-02 2.23398508e-02 -1.48451796e-01 -1.57547572e-02 1.94932348e-02 8.02289385e-01 8.06027863e-01
3.1100 1.79175793e-07 -2.40815763e-08 7.34607229e-09 -9.21000644e-08 -1.11677700e-08 8.80556588e-09 7.03402247e-08 6.79780205e-08 9.55699798e-01 -2.01882278e-02 1.88836206e-02 -1.44890181e-01 -2.30568828e-02 2.15107087e-02 8.09505009e-01 8.07958835e-01
3.1200 1.79332922e-07 -2.23741412e-08 7.22445524e-09 -9.12571878e-08 -1.33878682e-08 1.00728826e-08 7.29260481e-08 6.96110625e-08 9.56526014e-01 -1.87568674e-02 1.85647426e-02 -1.43567413e-01 -2.76573135e-02 2.46064184e-02 8.12766477e-01 8.09715582e-01
3.1300 1.79310256e-07 -2.40088883e-08 8.49686259e-09 -9.12188656e-08 -1.37467112e-08 1.13476668e-08 7.25793643e-08 7.01803199e-08 9.56391431e-01 -2.01265975e-02 2.18242110e-02 -1.43509371e-01 -2.84117096e-02 2.77201826e-02 8.14579673e-01 8.13888147e-01
3.1400 1.79244948e-07 -2.79989480e-08 1.09897938e-08 -9.10561857e-08 -1.22217669e-08 1.21880651e-08 7.11796081e-08 7.11459063e-08 9.56028787e-01 -2.34714059e-02 2.82169474e-02 -1.43253462e-01 -2.52716441e-02 2.97721303e-02 8.17520867e-01 8.22021353e-01
3.1500 1.79287433e-07 -3.33371534e-08 1.42477947e-08 -8.97903289e-08 -9.31662001e-09 1.22725996e-08 7.04077458e-08 7.33637254e-08 9.56241582e-01 -2.79483579e-02 3.65739961e-02 -1.41259131e-01 -1.92764883e-02 2.99766370e-02 8.23608089e-01 8.34308238e-01
3.1600 1.79561817e-07 -3.91305072e-08 1.76587683e-08 -8.66719762e-08 -5.90426080e-09 1.14893595e-08 7.14181021e-08 7.70032008e-08 9.57692515e-01 -3.28097528e-02 4.53242728e-02 -1.36347596e-01 -1.22297997e-02 2.80603470e-02 8.33859439e-01 8.49689986e-01
3.1700 1.80134810e-07 -4.46343371e-08 2.06082977e-08 -8.14068124e-08 -2.96334826e-09 9.96141153e-09 7.47019585e-08 8.17000218e-08 9.60737658e-01 -3.74313252e-02 5.28907930e-02 -1.28056584e-01 -6.15429347e-03 2.43242883e-02 8.48140542e-01 8.66310537e-01
3.1800 1.81001473e-07 -4.92125576e-08 2.26249695e-08 -7.42648970e-08 -1.28479969e-09 8.00416103e-09 8.01489875e-08 8.68683489e-08 9.65350483e-01 -4.12787922e-02 5.80637633e-02 -1.16812188e-01 -2.68526421e-03 1.95396391e-02 8.65323266e-01 8.82177641e-01
3.1900 1.82090934e-07 -5.22817625e-08 2.34828290e-08 -6.60392053e-08 -1.23571912e-09 6.03086703e-09 8.72527950e-08 9.20479429e-08 9.71152570e-01 -4.38611983e-02 6.02635777e-02 -1.03863326e-01 -2.58236259e-03 1.47167466e-02 8.83691624e-01 8.95826008e-01
3.2000 1.83289411e-07 -5.33026993e-08 2.32389553e-08 -5.78576287e-08 -2.65175912e-09 4.43690156e-09 9.53680380e-08 9.71531804e-08 9.77536663e-01 -4.47242748e-02 5.96372037e-02 -9.09856541e-02 -5.50677585e-03 1.08221692e-02 9.01463938e-01 9.06779332e-01
3.2100 1.84473032e-07 -5.18587094e-08 2.22006896e-08 -5.08934762e-08 -4.89158724e-09 3.49759343e-09 1.03921536e-07 1.02527543e-07 9.83841979e-01 -4.35168421e-02 5.69739490e-02 -8.00258675e-02 -1.01335276e-02 8.52891472e-03 9.17273218e-01 9.15668605e-01
3.2200 1.85540566e-07 -4.78146454e-08 2.08343008e-08 -4.60505849e-08 -7.03884586e-09 3.30794982e-09 1.12509636e-07 1.08778740e-07 9.89528866e-01 -4.01246087e-02 5.34708891e-02 -7.24061908e-02 -1.45687886e-02 8.06904873e-03 9.30468955e-01 9.23969215e-01
3.2300 1.86436755e-07 -4.14994576e-08 1.96406679e-08 -4.37106574e-08 -8.19210340e-09 3.77792889e-09 1.20867308e-07 1.16453134e-07 9.94303232e-01 -3.48235575e-02 5.04136632e-02 -6.87268978e-02 -1.69492453e-02 9.22211104e-03 9.41166440e-01 9.33439306e-01
3.2400 1.87160306e-07 -3.38229025e-08 1.90306046e-08 -4.36173250e-08 -7.75544847e-09 4.67930478e-09 1.28750683e-07 1.25674539e-07 9.98158914e-01 -2.83777435e-02 4.88564083e-02 -6.85840441e-02 -1.60429497e-02 1.14296797e-02 9.50053534e-01 9.45440264e-01
3.2500 1.87755441e-07 -2.62388528e-08 1.92310569e-08 -4.49356320e-08 -5.64045105e-09 5.72518126e-09 1.35812013e-07 1.35896744e-07 1.00133239e+00 -2.20081424e-02 4.93810185e-02 -7.06632343e-02 -1.16670294e-02 1.39897826e-02 9.58042031e-01 9.60364784e-01
3.2600 1.88290926e-07 -2.05093449e-08 2.02440543e-08 -4.64762414e-08 -2.31542067e-09 6.65530644e-09 1.41549394e-07 1.45889280e-07 1.00419063e+00 -1.71942233e-02 5.19918750e-02 -7.30925333e-02 -4.78971657e-03 1.62655301e-02 9.65895752e-01 9.77371565e-01
3.2700 1.88833910e-07 -1.82938755e-08 2.18655015e-08 -4.70247269e-08 1.31682451e-09 7.30141394e-09 1.45380809e-07 1.53999047e-07 1.00709149e+00 -1.53289909e-02 5.61642135e-02 -7.39606659e-02 2.72223096e-03 1.78449519e-02 9.73966049e-01 9.94533231e-01
3.2800 1.89427024e-07 -2.06633902e-08 2.37547250e-08 -4.56828508e-08 4.17950240e-09 7.61578495e-09 1.46835508e-07 1.58630795e-07 1.01026157e+00 -1.73110665e-02 6.10227628e-02 -7.18540115e-02 8.64218724e-03 1.86109393e-02 9.82119251e-01 1.00937238e+00
3.2900 1.90075602e-07 -2.76886642e-08 2.55325592e-08 -4.21218935e-08 5.34468559e-09 7.65958359e-09 1.45797603e-07 1.58801873e-07 1.01372821e+00 -2.31994537e-02 6.55935997e-02 -6.62551813e-02 1.10511942e-02 1.87128410e-02 9.89867177e-01 1.01963121e+00
3.3000 1.90748308e-07 -3.82550446e-08 2.68793171e-08 -3.66714133e-08 4.32191147e-09 7.56061803e-09 1.42701167e-07 1.54583697e-07 1.01732317e+00 -3.20584325e-02 6.90556559e-02 -5.76826486e-02 8.93486056e-03 1.84632806e-02 9.96637741e-01 1.02403588e+00
3.3100 1.91390099e-07 -5.02022009e-08 2.76059454e-08 -3.02144388e-08 1.22474890e-09 7.45880574e-09 1.38579405e-07 1.47262959e-07 1.02075193e+00 -4.20752062e-02 7.09233433e-02 -4.75258300e-02 2.52794776e-03 1.82048581e-02 1.00207424e+00 1.02280704e+00
3.3200 1.91942646e-07 -6.07912415e-08 2.76812498e-08 -2.39181940e-08 -3.23697965e-09 7.45933166e-09 1.34914460e-07 1.39136812e-07 1.02370284e+00 -5.09521116e-02 7.11164012e-02 -3.76214079e-02 -6.70157272e-03 1.81955859e-02 1.00624572e+00 1.01773974e+00
3.3300 1.92365251e-07 -6.73923337e-08 2.72122524e-08 -1.88802261e-08 -7.93976639e-09 7.60829182e-09 1.33304944e-07 1.32973469e-07 1.02595869e+00 -5.64836071e-02 6.99094541e-02 -2.96965525e-02 -1.64299768e-02 1.85492249e-02 1.00968798e+00 1.01180723e+00
3.3400 1.92649516e-07 -6.82015495e-08 2.63890549e-08 -1.57970572e-08 -1.16518059e-08 7.89582222e-09 1.35039964e-07 1.31283981e-07 1.02747479e+00 -5.71575102e-02 6.77905014e-02 -2.48475600e-02 -2.41093253e-02 1.92427611e-02 1.01326023e+00 1.00839366e+00
3.3500 1.92823267e-07 -6.27681218e-08 2.54155757e-08 -1.47569361e-08 -1.33723426e-08 8.28103217e-09 1.40713784e-07 1.35622474e-07 1.02839980e+00 -5.25969605e-02 6.52831901e-02 -2.32137127e-02 -2.76693289e-02 2.01771696e-02 1.01787232e+00 1.01038016e+00
3.3600 1.92942873e-07 -5.21569151e-08 2.44501593e-08 -1.52208797e-08 -1.26061350e-08 8.72528780e-09 1.50015238e-07 1.46134391e-07 1.02903450e+00 -4.36962576e-02 6.27944513e-02 -2.39473509e-02 -2.60851064e-02 2.12586157e-02 1.02418534e+00 1.01935885e+00
3.3700 1.93076755e-07 -3.86757947e-08 2.35746900e-08 -1.61981230e-08 -9.49415575e-09 9.21812742e-09 1.61777528e-07 1.61501499e-07 1.02974376e+00 -3.23917523e-02 6.05352810e-02 -2.54898019e-02 -1.96476590e-02 2.24617071e-02 1.03239749e+00 1.03521154e+00
3.3800 1.93285547e-07 -2.52318058e-08 2.27994796e-08 -1.65614266e-08 -4.76526709e-09 9.78391441e-09 1.74291795e-07 1.79310442e-07 1.03085078e+00 -2.11215544e-02 5.85332821e-02 -2.60673721e-02 -9.86408514e-03 2.38457480e-02 1.04219513e+00 1.05617680e+00
3.3900 1.93605236e-07 -1.44999372e-08 2.20978364e-08 -1.54036756e-08 4.72763964e-10 1.04656731e-08 1.85799460e-07 1.96737897e-07 1.03254726e+00 -1.21283009e-02 5.67212921e-02 -2.42523621e-02 9.74530650e-04 2.55153097e-02 1.05288789e+00 1.07937773e+00
3.4000 1.94038415e-07 -8.15310611e-09 2.14534970e-08 -1.23240564e-08 5.03759212e-09 1.12922799e-08 1.95014749e-07 2.11344621e-07 1.03484705e+00 -6.81355001e-03 5.50589251e-02 -1.94133661e-02 1.04224924e-02 2.75401904e-02 1.06367906e+00 1.10164174e+00
3.4100 1.94556074e-07 -6.38862416e-09 2.08997366e-08 -7.55423598e-09 7.98075394e-09 1.22427080e-08 2.01512950e-07 2.21736412e-07 1.03759582e+00 -5.34104708e-03 5.36326869e-02 -1.19139259e-02 1.65175008e-02 2.98682075e-02 1.07397353e+00 1.12035924e+00
3.4200 1.95108959e-07 -7.89743182e-09 2.05324677e-08 -1.88549077e-09 8.81175885e-09 1.32235320e-08 2.05858504e-07 2.27893795e-07 1.04053180e+00 -6.61142244e-03 5.26893218e-02 -2.99807442e-03 1.82442340e-02 3.22703901e-02 1.08361163e+00 1.13412625e+00
3.4300 1.95644559e-07 -1.02859297e-08 2.04897455e-08 3.57946653e-09 7.57895829e-09 1.40723100e-08 2.09427841e-07 2.31079110e-07 1.04337631e+00 -8.61640408e-03 5.25830100e-02 5.59991627e-03 1.57017521e-02 3.43493664e-02 1.09294283e+00 1.14299395e+00
3.4400 1.96124144e-07 -1.08204800e-08 2.09032183e-08 7.77124232e-09 4.79476228e-09 1.45908078e-08 2.13978125e-07 2.33363695e-07 1.04592437e+00 -9.06344352e-03 5.36507070e-02 1.21977824e-02 9.94897875e-03 3.56205978e-02 1.10270942e+00 1.14827900e+00
3.4500 1.96534421e-07 -7.26685811e-09 2.18384880e-08 9.98676631e-09 1.24071162e-09 1.46011359e-08 2.21092817e-07 2.36934665e-07 1.04810660e+00 -6.07970179e-03 5.60592031e-02 1.56891145e-02 2.60167064e-03 3.56495243e-02 1.11377522e+00 1.15202642e+00
3.4600 1.96890219e-07 1.42793176e-09 2.32468825e-08 1.01072291e-08 -2.27790961e-09 1.40084616e-08 2.31672262e-07 2.43402814e-07 1.05000311e+00 1.21642601e-03 5.96816490e-02 1.58862748e-02 -4.67501739e-03 3.42046983e-02 1.12678746e+00 1.15631714e+00
3.4700 1.97227531e-07 1.48096007e-08 2.49486260e-08 8.63527266e-09 -5.14814314e-09 1.28493943e-08 2.45621031e-07 2.53322282e-07 1.05180614e+00 1.24423138e-02 6.40547807e-02 1.35790418e-02 -1.06133779e-02 3.13758700e-02 1.14188228e+00 1.16264477e+00
3.4800 1.97589320e-07 3.10303912e-08 2.66574646e-08 6.54347353e-09 -7.07242034e-09 1.13073588e-08 2.61820649e-07 2.66055587e-07 1.05374424e+00 2.60470376e-02 6.84425536e-02 1.02964243e-02 -1.45976817e-02 2.76114093e-02 1.15853025e+00 1.17154398e+00
3.4900 1.98008718e-07 4.73518836e-08 2.80427580e-08 4.98512241e-09 -8.07063286e-09 9.68501596e-09 2.78388482e-07 2.80002866e-07 1.05599274e+00 3.97334225e-02 7.19958390e-02 7.85183749e-03 -1.66685018e-02 2.36508209e-02 1.17557384e+00 1.18255616e+00
3.5000 1.98495093e-07 6.08736410e-08 2.88117181e-08 4.95960723e-09 -8.37572650e-09 8.33667800e-09 2.93140060e-07 2.93101011e-07 1.05859971e+00 5.10692700e-02 7.39636312e-02 7.81682198e-03 -1.73068437e-02 2.03595867e-02 1.19144944e+00 1.19450218e+00
3.5100 1.99027455e-07 6.92690170e-08 2.87865611e-08 7.03559254e-09 -8.27209723e-09 7.57679528e-09 3.04118626e-07 3.03423324e-07 1.06145120e+00 5.81043386e-02 7.38909605e-02 1.10856241e-02 -1.70999986e-02 1.85056309e-02 1.20453212e+00 1.20593775e+00
3.5200 1.99557453e-07 7.13241739e-08 2.79517774e-08 1.12130813e-08 -7.94176665e-09 7.58977043e-09 3.10046486e-07 3.09694490e-07 1.06428756e+00 5.98220692e-02 7.17398906e-02 1.76582001e-02 -1.64235047e-02 1.85390966e-02 1.21350772e+00 1.21562331e+00
3.5300 2.00021211e-07 6.71510956e-08 2.64556057e-08 1.69585730e-08 -7.37558084e-09 8.36836571e-09 3.10586485e-07 3.11579270e-07 1.06676692e+00 5.63177923e-02 6.78928349e-02 2.66954829e-02 -1.52576040e-02 2.04420129e-02 1.21767303e+00 1.22285744e+00
3.5400 2.00356547e-07 5.80513333e-08 2.45643008e-08 2.33919136e-08 -6.37935250e-09 9.70166983e-09 3.06364095e-07 3.09686412e-07 1.06855720e+00 4.86840361e-02 6.30346951e-02 3.68132623e-02 -1.32000663e-02 2.36990248e-02 1.21708919e+00 1.22758815e+00
3.5500 2.00520519e-07 4.61081376e-08 2.25831042e-08 2.95573846e-08 -4.66839359e-09 1.12203540e-08 2.98769145e-07 3.05321106e-07 1.06942959e+00 3.86681808e-02 5.79496460e-02 4.65085800e-02 -9.66181149e-03 2.74080228e-02 1.21255600e+00 1.23030221e+00
3.5600 2.00502088e-07 3.36496928e-08 2.07687854e-08 3.46895613e-08 -2.01145729e-09 1.24903800e-08 2.89610127e-07 3.00089050e-07 1.06932607e+00 2.82222251e-02 5.32964977e-02 5.45779009e-02 -4.16468541e-03 3.05090501e-02 1.20542269e+00 1.23176705e+00
3.5700 2.00326206e-07 2.27397964e-08 1.92614859e-08 3.83924869e-08 1.63202284e-09 1.31312677e-08 2.80719975e-07 2.95483266e-07 1.06838083e+00 1.90757987e-02 4.94338478e-02 6.03989169e-02 3.37468443e-03 3.20731193e-02 1.19728940e+00 1.23273720e+00
3.5800 2.00048128e-07 1.48177584e-08 1.80573048e-08 4.06845643e-08 6.03390329e-09 1.29261513e-08 2.73607756e-07 2.92567810e-07 1.06688981e+00 1.24344968e-02 4.63500270e-02 6.40011009e-02 1.24835651e-02 3.15709074e-02 1.18967543e+00 1.23372991e+00
3.5900 1.99739620e-07 1.05451943e-08 1.70296812e-08 4.19087486e-08 1.07087619e-08 1.18911983e-08 2.69223244e-07 2.91823204e-07 1.06523683e+00 8.85181166e-03 4.37184269e-02 6.59243484e-02 2.21568944e-02 2.90421712e-02 1.18373142e+00 1.23493048e+00
3.6000 1.99471030e-07 9.84930993e-09 1.59915917e-08 4.25517634e-08 1.50127463e-08 1.02819688e-08 2.67863695e-07 2.93158410e-07 1.06379796e+00 8.26582070e-03 4.10575965e-02 6.69345025e-02 3.10619150e-02 2.51111659e-02 1.18005588e+00 1.23622896e+00
3.6100 1.99294298e-07 1.21027508e-08 1.47772273e-08 4.30426609e-08 1.82973071e-08 8.53149643e-09 2.69216937e-07 2.96045740e-07 1.06285078e+00 1.01502707e-02 3.79412256e-02 6.77064036e-02 3.78563477e-02 2.08353699e-02 1.17864868e+00 1.23734039e+00
3.6200 1.99231527e-07 1.63610418e-08 1.33155683e-08 4.36022185e-08 2.00673408e-08 7.13453379e-09 2.72510356e-07 2.99712230e-07 1.06251350e+00 1.37137609e-02 3.41871370e-02 6.85869614e-02 4.15156681e-02 1.74228148e-02 1.17900136e+00 1.23793984e+00
3.6300 1.99272054e-07 2.15888430e-08 1.16711528e-08 4.41915204e-08 2.00937020e-08 6.50881222e-09 2.76723570e-07 3.03326084e-07 1.06272937e+00 1.80893345e-02 2.99618438e-02 6.95143316e-02 4.15659437e-02 1.58933630e-02 1.18029488e+00 1.23775418e+00
3.6400 1.99378364e-07 2.68341111e-08 1.00382729e-08 4.45699190e-08 1.84478608e-08 6.87229394e-09 2.80820667e-07 3.06140821e-07 1.06329827e+00 2.24802148e-02 2.57653781e-02 7.01092366e-02 3.81555428e-02 1.67790924e-02 1.18165310e+00 1.23658774e+00
3.6500 1.99498729e-07 3.13393036e-08 8.69011917e-09 4.44332942e-08 1.54544641e-08 8.17246531e-09 2.83961446e-07 3.07588375e-07 1.06394413e+00 2.62526587e-02 2.23003762e-02 6.98926617e-02 3.19569342e-02 1.99517709e-02 1.18238983e+00 1.23429853e+00
3.6600 1.99582619e-07 3.45986282e-08 7.89891550e-09 4.35766928e-08 1.15851798e-08 1.00901136e-08 2.85656856e-07 3.07332149e-07 1.06439709e+00 2.89835838e-02 2.02667079e-02 6.85419109e-02 2.39469289e-02 2.46321684e-02 1.18218929e+00 1.23076839e+00
3.6700 1.99594417e-07 3.63754683e-08 7.85211542e-09 4.20195687e-08 7.33451804e-09 1.21193222e-08 2.85841569e-07 3.05295410e-07 1.06446669e+00 3.04749166e-02 2.01461040e-02 6.60877749e-02 1.51495756e-02 2.95853971e-02 1.18117548e+00 1.22591046e+00
3.6800 1.99521736e-07 3.66882785e-08 8.59047618e-09 4.00478511e-08 3.11971752e-09 1.37034315e-08 2.84848341e-07 3.01671490e-07 1.06408622e+00 3.07416834e-02 2.20431087e-02 6.29807435e-02 6.42881004e-03 3.34528093e-02 1.17985176e+00 1.21973338e+00
3.6900 1.99376474e-07 3.57652475e-08 9.98633645e-09 3.81582184e-08 -7.67236335e-10 1.43898740e-08 2.83286276e-07 2.96908914e-07 1.06331844e+00 2.99741097e-02 2.56294109e-02 6.00032326e-02 -1.61102195e-03 3.51298922e-02 1.17892519e+00 1.21244406e+00
3.7000 1.99188965e-07 3.39663300e-08 1.17674731e-08 3.69246851e-08 -4.15054131e-09 1.39602142e-08 2.81847453e-07 2.91657126e-07 1.06232446e+00 2.84725208e-02 3.02053077e-02 5.80594652e-02 -8.60652997e-03 3.40835826e-02 1.17906175e+00 1.20453881e+00
3.7100 1.98997569e-07 3.16792588e-08 1.35779649e-08 3.68337177e-08 -6.92240551e-09 1.24976619e-08 2.81088510e-07 2.86663767e-07 1.06130834e+00 2.65605131e-02 3.48562225e-02 5.79157662e-02 -1.43356193e-02 3.05169371e-02 1.18064084e+00 1.19682216e+00
3.7200 1.98837145e-07 2.92103736e-08 1.50571230e-08 3.81430506e-08 -8.98744568e-09 1.03713813e-08 2.81247692e-07 2.82631627e-07 1.06045570e+00 2.44937705e-02 3.86555694e-02 5.99781467e-02 -1.86023112e-02 2.53307353e-02 1.18358319e+00 1.19031161e+00
3.7300 1.98729850e-07 2.67029280e-08 1.59138811e-08 4.08090486e-08 -1.02309929e-08 8.14035756e-09 2.82155708e-07 2.80065072e-07 1.05988474e+00 2.23918248e-02 4.08558660e-02 6.41778262e-02 -2.11708916e-02 1.98888068e-02 1.18731026e+00 1.18602817e+00
3.7400 1.98680647e-07 2.41158555e-08 1.59777461e-08 4.45025464e-08 -1.05290462e-08 6.40267428e-09 2.83276795e-07 2.79150423e-07 1.05962219e+00 2.02203533e-02 4.10195459e-02 6.99961151e-02 -2.17861474e-02 1.56502156e-02 1.19085820e+00 1.18472227e+00
3.7500 1.98678215e-07 2.12802710e-08 1.52166170e-08 4.87030315e-08 -9.79681721e-09 5.63202670e-09 2.83878134e-07 2.79713344e-07 1.05960813e+00 1.78384847e-02 3.90646014e-02 7.66127441e-02 -2.02734559e-02 1.37703833e-02 1.19312396e+00 1.18662089e+00
3.7600 1.98700244e-07 1.80225154e-08 1.37228591e-08 5.28364906e-08 -8.05362235e-09 6.04735337e-09 2.83282109e-07 2.81275840e-07 1.05972414e+00 1.51017539e-02 3.52286648e-02 8.31230512e-02 -1.66728023e-02 1.47831063e-02 1.19317761e+00 1.19128791e+00
3.7700 1.98720865e-07 1.43118975e-08 1.16779936e-08 5.64112495e-08 -5.47231366e-09 7.55229719e-09 2.81122006e-07 2.83201990e-07 1.05983274e+00 1.19856851e-02 2.99781843e-02 8.87520936e-02 -1.13409903e-02 1.84530076e-02 1.19054870e+00 1.19766072e+00
3.7800 1.98717598e-07 1.03722764e-08 9.31033755e-09 5.91114691e-08 -2.38553436e-09 9.76138828e-09 2.77511681e-07 2.84887535e-07 1.05981441e+00 8.67905153e-03 2.38995598e-02 9.30021162e-02 -4.96473663e-03 2.38395817e-02 1.18539514e+00 1.20426998e+00
3.7900 1.98675736e-07 6.70017735e-09 6.85812024e-09 6.08264744e-08 7.62696509e-10 1.21051474e-08 2.73060508e-07 2.85928352e-07 1.05959094e+00 5.59883743e-03 1.76044224e-02 9.56989323e-02 1.53916326e-03 2.95537382e-02 1.17849314e+00 1.20958604e+00
3.8000 1.98589243e-07 3.96083990e-09 4.54446557e-09 6.16182057e-08 3.50970926e-09 1.39839812e-08 2.68712754e-07 2.86206444e-07 1.05913021e+00 3.30296745e-03 1.16654648e-02 9.69407485e-02 7.21524863e-03 3.41332829e-02 1.17103939e+00 1.21238792e+00
3.8100 1.98458576e-07 2.77937321e-09 2.56322259e-09 6.16497968e-08 5.48220793e-09 1.49273185e-08 2.65450969e-07 2.85860495e-07 1.05843463e+00 2.31521948e-03 6.58017700e-03 9.69856067e-02 1.12924788e-02 3.64310634e-02 1.16431563e+00 1.21203917e+00
3.8200 1.98286889e-07 3.49048302e-09 1.06931067e-09 6.11084707e-08 6.48281559e-09 1.47137841e-08 2.63955153e-07 2.85151753e-07 1.05752093e+00 2.91551230e-03 2.74617486e-03 9.61297173e-02 1.33630123e-02 3.59079505e-02 1.15931234e+00 1.20858330e+00
3.8300 1.98076452e-07 5.93803081e-09 1.66326893e-10 6.01528358e-08 6.52488970e-09 1.34203391e-08 2.64333645e-07 2.84278874e-07 1.05640116e+00 4.97204084e-03 4.29453032e-04 9.46241059e-02 1.34541670e-02 3.27524692e-02 1.15642676e+00 1.20263339e+00
3.8400 1.97826807e-07 9.41124916e-09 -1.12029541e-10 5.89005283e-08 5.80390881e-09 1.13894349e-08 2.66026555e-07 2.83219899e-07 1.05507277e+00 7.88800221e-03 -2.83315086e-04 9.26547842e-02 1.19693712e-02 2.78004321e-02 1.15533224e+00 1.19510205e+00
3.8500 1.97535295e-07 1.27654765e-08 1.76562514e-10 5.74531916e-08 4.61717996e-09 9.12688191e-09 2.67930526e-07 2.81674588e-07 1.05352147e+00 1.07029939e-02 4.59986538e-04 9.03818168e-02 9.52235982e-03 2.22856398e-02 1.15506627e+00 1.18687427e+00
3.8600 1.97199511e-07 1.47129885e-08 8.68350277e-10 5.59396022e-08 3.26273929e-09 7.16225675e-09 2.68720452e-07 2.79145448e-07 1.05173426e+00 1.23369608e-02 2.23905168e-03 8.80071484e-02 6.72838856e-03 1.74993354e-02 1.15431742e+00 1.17854514e+00
3.8700 1.96820461e-07 1.42053318e-08 1.69803600e-09 5.45504313e-08 1.95545425e-09 5.91271534e-09 2.67274260e-07 2.75142430e-07 1.04971622e+00 1.19107860e-02 4.37265140e-03 8.58294861e-02 4.03098557e-03 1.44581235e-02 1.15182914e+00 1.17031825e+00
3.8800 1.96404881e-07 1.07866009e-08 2.33200538e-09 5.35421020e-08 7.90466002e-10 5.58772384e-09 2.63065590e-07 2.69443780e-07 1.04750299e+00 9.04245571e-03 6.00388033e-03 8.42507065e-02 1.62650128e-03 1.36718269e-02 1.14680003e+00 1.16209836e+00
3.8900 1.95965545e-07 4.79497529e-09 2.43124434e-09 5.32004518e-08 -2.35829157e-10 6.15798485e-09 2.56392217e-07 2.62314372e-07 1.04516238e+00 4.01596022e-03 6.26172740e-03 8.37190773e-02 -4.92483850e-04 1.50679919e-02 1.13915914e+00 1.15373465e+00
3.9000 1.95519182e-07 -2.66849022e-09 1.73350619e-09 5.37720314e-08 -1.16121928e-09 7.39152783e-09 2.48356229e-07 2.54586538e-07 1.04278343e+00 -2.24496187e-03 4.47217801e-03 8.46215024e-02 -2.40375209e-03 1.80801914e-02 1.12963215e+00 1.14530859e+00
3.9100 1.95082614e-07 -1.00113753e-08 1.34086193e-10 5.53851247e-08 -1.98212148e-09 8.94003210e-09 2.40590450e-07 2.47548360e-07 1.04045589e+00 -8.40455018e-03 3.65813649e-04 8.71594551e-02 -4.09938058e-03 2.18587397e-02 1.11957660e+00 1.13733596e+00
3.9200 1.94668423e-07 -1.55884160e-08 -2.26015735e-09 5.79885699e-08 -2.60490857e-09 1.04450393e-08 2.34808419e-07 2.42648550e-07 1.03824713e+00 -1.30827648e-02 -5.78326838e-03 9.12527395e-02 -5.38527741e-03 2.55297553e-02 1.11063383e+00 1.13077831e+00
3.9300 1.94281680e-07 -1.81738370e-08 -5.12538937e-09 6.13320024e-08 -2.85129666e-09 1.16305613e-08 2.32314456e-07 2.41093721e-07 1.03618472e+00 -1.52513654e-02 -1.31434009e-02 9.65082574e-02 -5.89246683e-03 2.84208715e-02 1.10429822e+00 1.12682662e+00
3.9400 1.93918916e-07 -1.73173132e-08 -7.97410006e-09 6.49979990e-08 -2.52201830e-09 1.23560575e-08 2.33625501e-07 2.43459541e-07 1.03425083e+00 -1.45324169e-02 -2.04621748e-02 1.02270328e-01 -5.20882296e-03 3.01901664e-02 1.10152657e+00 1.12650791e+00
3.9500 1.93569665e-07 -1.34668261e-08 -1.02602337e-08 6.84796619e-08 -1.49667265e-09 1.26188073e-08 2.38322267e-07 2.49444402e-07 1.03239029e+00 -1.13013513e-02 -2.63364888e-02 1.07742476e-01 -3.08552718e-03 3.08316373e-02 1.10249492e+00 1.13024103e+00
3.9600 1.93220037e-07 -7.81544321e-09 -1.15122016e-08 7.12825439e-08 1.71371707e-10 1.25120401e-08 2.45174936e-07 2.57858348e-07 1.03052946e+00 -6.55855439e-03 -2.95543271e-02 1.12147561e-01 3.66768391e-04 3.05728343e-02 1.10656414e+00 1.13750374e+00
3.9700 1.92857023e-07 -1.91865868e-09 -1.14584764e-08 7.30225320e-08 2.20950799e-09 1.21590394e-08 2.52502420e-07 2.66870967e-07 1.02859908e+00 -1.60856524e-03 -2.94175574e-02 1.14881652e-01 4.58402438e-03 2.97140497e-02 1.11245461e+00 1.14675268e+00
3.9800 1.92472072e-07 2.79593863e-09 -1.01091537e-08 7.34935860e-08 4.15949638e-09 1.16495180e-08 2.58652443e-07 2.74461457e-07 1.02655324e+00 2.35103629e-03 -2.59516444e-02 1.15620593e-01 8.61839467e-03 2.84732310e-02 1.11857322e+00 1.15566485e+00
3.9900 1.92062820e-07 5.46978547e-09 -7.76692808e-09 7.26897932e-08 5.49126103e-09 1.10013413e-08 2.62455470e-07 2.78948073e-07 1.02437865e+00 4.59953448e-03 -1.99340093e-02 1.14354777e-01 1.13735891e-02 2.68928784e-02 1.12339895e+00 1.16166542e+00
4.0000 1.91632612e-07 6.06506219e-09 -4.96003113e-09 7.07809285e-08 5.76602552e-09 1.01598251e-08 2.63518571e-07 2.79444422e-07 1.02209219e+00 5.10424040e-03 -1.27218325e-02 1.11350836e-01 1.19422136e-02 2.48386716e-02 1.12582543e+00 1.16260632e+00
4.0100 1.91188327e-07 5.34934119e-09 -2.31233800e-09 6.80543057e-08 4.79476510e-09 9.03247820e-09 2.62279636e-07 2.76106880e-07 1.01972952e+00 4.50778291e-03 -5.91833201e-03 1.07060300e-01 9.93339599e-03 2.20845220e-02 1.12537927e+00 1.15739719e+00
4.0200 1.90737630e-07 4.62240555e-09 -3.85111722e-10 6.48436627e-08 2.73325325e-09 7.54428872e-09 2.59818587e-07 2.70096129e-07 1.01733061e+00 3.89924587e-03 -9.66068100e-04 1.02007827e-01 5.66929609e-03 1.84476067e-02 1.12227161e+00 1.14638852e+00
4.0300 1.90286891e-07 5.27652352e-09 4.65498984e-10 6.14660121e-08 7.19852755e-11 5.69175925e-09 2.57494925e-07 2.63258670e-07 1.01492880e+00 4.44564718e-03 1.21935778e-03 9.66919295e-02 1.64260548e-04 1.39201659e-02 1.11728574e+00 1.13137016e+00
4.0400 1.89840633e-07 8.33183497e-09 1.74485231e-10 5.81806532e-08 -2.48678586e-09 3.57496062e-09 2.56527606e-07 2.57615781e-07 1.01254798e+00 7.00248602e-03 4.70527056e-04 9.15205194e-02 -5.12942527e-03 8.74749586e-03 1.11154151e+00 1.11515958e+00
4.0500 1.89402581e-07 1.40918697e-08 -1.02737761e-09 5.51741400e-08 -4.23314570e-09 1.39512865e-09 2.57641213e-07 2.54803196e-07 1.01020811e+00 1.18249161e-02 -2.61969994e-03 8.67872494e-02 -8.74353484e-03 3.42176687e-03 1.10620057e+00 1.10087880e+00
4.0600 1.88977590e-07 2.20214707e-08 -2.69149160e-09 5.25652137e-08 -4.67199270e-09 -5.82408888e-10 2.60872783e-07 2.55618381e-07 1.00793551e+00 1.84652845e-02 -6.89842209e-03 8.26792447e-02 -9.65391134e-03 -1.40875483e-03 1.10218162e+00 1.09111895e+00
4.0700 1.88573242e-07 3.08765846e-08 -4.28885616e-09 5.04181433e-08 -3.69037935e-09 -2.08834261e-09 2.65579113e-07 2.59800391e-07 1.00577126e+00 2.58817561e-02 -1.10058271e-02 7.92980420e-02 -7.62651496e-03 -5.08659978e-03 1.09994524e+00 1.08723212e+00
4.0800 1.88199937e-07 3.90374973e-08 -5.36624985e-09 4.87531823e-08 -1.61064228e-09 -2.91352352e-09 2.70624366e-07 2.66100200e-07 1.00377156e+00 3.27174674e-02 -1.37766434e-02 7.66759721e-02 -3.32736386e-03 -7.10166297e-03 1.09938835e+00 1.08895933e+00
4.0900 1.87868892e-07 4.49391283e-08 -5.67522474e-09 4.75480787e-08 8.94021982e-10 -2.95753380e-09 2.74680874e-07 2.72617363e-07 1.00199697e+00 3.76610674e-02 -1.45718085e-02 7.47784497e-02 1.85190609e-03 -7.20960124e-03 1.09986468e+00 1.09450698e+00
4.1000 1.87588397e-07 4.74706575e-08 -5.23665959e-09 4.67319868e-08 2.99949327e-09 -2.24809097e-09 2.76554382e-07 2.77305784e-07 1.00049243e+00 3.97816118e-02 -1.34445656e-02 7.34943016e-02 6.20731706e-03 -5.47892898e-03 1.10032378e+00 1.10105216e+00
4.1100 1.87359557e-07 4.62355560e-08 -4.32354073e-09 4.61792240e-08 3.98458004e-09 -9.27836956e-10 2.75450796e-07 2.78507540e-07 9.99264501e-01 3.87465213e-02 -1.10963782e-02 7.26258549e-02 8.24734433e-03 -2.25848069e-03 1.09954050e+00 1.10552936e+00
4.1200 1.87173245e-07 4.16123957e-08 -3.36955071e-09 4.57123546e-08 3.45737432e-09 7.84424546e-10 2.71128445e-07 2.75370244e-07 9.98265119e-01 3.48726231e-02 -8.64208481e-03 7.18937345e-02 7.16093851e-03 1.91742692e-03 1.09638939e+00 1.10546776e+00
4.1300 1.87009812e-07 3.46182940e-08 -2.83317828e-09 4.51211821e-08 1.47997150e-09 2.64377738e-09 2.63916110e-07 2.68039859e-07 9.97389979e-01 2.90118168e-02 -7.26061849e-03 7.09667479e-02 3.07550756e-03 6.45124617e-03 1.09010793e+00 1.09963468e+00
4.1400 1.86842262e-07 2.66305127e-08 -3.05960557e-09 4.41976288e-08 -1.45014066e-09 4.42464026e-09 2.54610797e-07 2.57585297e-07 9.96495409e-01 2.23178695e-02 -7.83989387e-03 6.95168380e-02 -2.98136062e-03 1.07930558e-02 1.08049022e+00 1.08830192e+00
4.1500 1.86642387e-07 1.90525922e-08 -4.18187983e-09 4.27789934e-08 -4.55680044e-09 5.94978899e-09 2.44292093e-07 2.45685081e-07 9.95431034e-01 1.59667109e-02 -1.07225794e-02 6.72872883e-02 -9.40567708e-03 1.45111916e-02 1.06796245e+00 1.07306797e+00
4.1600 1.86388200e-07 1.30137854e-08 -6.08938914e-09 4.07869312e-08 -7.02920580e-09 7.09891091e-09 2.34099527e-07 2.34169232e-07 9.94079312e-01 1.09045985e-02 -1.56248384e-02 6.41542357e-02 -1.45213796e-02 1.73128485e-02 1.05351331e+00 1.05630478e+00
4.1700 1.86070285e-07 9.16849297e-09 -8.46999144e-09 3.82489815e-08 -8.27374659e-09 7.80091597e-09 2.25017768e-07 2.24544938e-07 9.92389433e-01 7.68004102e-03 -2.17444349e-02 6.01607153e-02 -1.71008714e-02 1.90250538e-02 1.03848575e+00 1.04040994e+00
4.1800 1.85694865e-07 7.62672521e-09 -1.09093239e-08 3.52940611e-08 -8.09201059e-09 8.01976459e-09 2.17706327e-07 2.17634081e-07 9.90393708e-01 6.38548330e-03 -2.80159291e-02 5.55096787e-02 -1.67330569e-02 1.95599111e-02 1.02427294e+00 1.02709979e+00
4.1900 1.85282273e-07 8.01016520e-09 -1.30140428e-08 3.21214852e-08 -6.72849906e-09 7.74438614e-09 2.12399881e-07 2.13415768e-07 9.88199617e-01 6.70421665e-03 -3.34275277e-02 5.05152569e-02 -1.39221466e-02 1.88899752e-02 1.01199156e+00 1.01695939e+00
4.2000 1.84861062e-07 9.60133266e-09 -1.45200699e-08 2.89518357e-08 -4.77533843e-09 6.98931011e-09 2.08894161e-07 2.11108133e-07 9.85958551e-01 8.03530063e-03 -3.72995228e-02 4.55253413e-02 -9.89091701e-03 1.70499221e-02 1.00221967e+00 1.00937867e+00
4.2100 1.84459439e-07 1.15403883e-08 -1.53536971e-08 2.59741340e-08 -2.96865148e-09 5.80577758e-09 2.06620264e-07 2.09457390e-07 9.83820361e-01 9.65842253e-03 -3.94416317e-02 4.08382585e-02 -6.16002869e-03 1.41639057e-02 9.94875410e-01 1.00287929e+00
4.2200 1.84096783e-07 1.30243409e-08 -1.56299605e-08 2.33050583e-08 -1.94621218e-09 4.29634835e-09 2.04796222e-07 2.07146358e-07 9.81888261e-01 1.09008030e-02 -4.01490821e-02 3.66383581e-02 -4.04726859e-03 1.04814805e-02 9.89278340e-01 9.95712552e-01
4.2300 1.83778089e-07 1.34722342e-08 -1.55933307e-08 2.09718969e-08 -2.04696965e-09 2.62232192e-09 2.02628889e-07 2.03204242e-07 9.80189202e-01 1.12756332e-02 -4.00503295e-02 3.29689846e-02 -4.25325124e-03 6.39593560e-03 9.84383491e-01 9.86526175e-01
4.2400 1.83493297e-07 1.26319605e-08 -1.55236944e-08 1.89230401e-08 -3.21677613e-09 9.94382223e-10 1.99524603e-07 1.97302209e-07 9.78670212e-01 1.05716265e-02 -3.98654116e-02 2.97488818e-02 -6.66654307e-03 2.42156837e-03 9.79125309e-01 9.74880334e-01
4.2500 1.83221890e-07 1.06160125e-08 -1.56402131e-08 1.70608902e-08 -5.04730822e-09 -3.57424214e-10 1.95258579e-07 1.89853847e-07 9.77222664e-01 8.88303576e-03 -4.01586816e-02 2.68240080e-02 -1.04440045e-02 -8.79627968e-04 9.72771026e-01 9.61447394e-01
4.2600 1.82941296e-07 7.86374661e-09 -1.60342388e-08 1.52852142e-08 -6.92988475e-09 -1.23001197e-09 1.90056018e-07 1.81896121e-07 9.75726842e-01 6.57807305e-03 -4.11661112e-02 2.40359095e-02 -1.43285594e-02 -3.01119597e-03 9.65174713e-01 9.47834958e-01
4.2700 1.82636296e-07 5.03745820e-09 -1.66510746e-08 1.35324016e-08 -8.26818056e-09 -1.49788213e-09 1.84555081e-07 1.74789019e-07 9.74101852e-01 4.21183104e-03 -4.27480977e-02 2.12837264e-02 -1.70886782e-02 -3.66602373e-03 9.56849312e-01 9.36094610e-01
4.2800 1.82306153e-07 2.86984733e-09 -1.73231876e-08 1.17984494e-08 -8.67622044e-09 -1.15212292e-09 1.79651262e-07 1.69822919e-07 9.72343537e-01 2.39842328e-03 -4.44745718e-02 1.85605902e-02 -1.79274537e-02 -2.82178720e-03 9.48827978e-01 9.28078737e-01
4.2900 1.81966880e-07 1.99081395e-09 -1.78404255e-08 1.01396367e-08 -8.09581317e-09 -3.13469436e-10 1.76256905e-07 1.67847622e-07 9.70536594e-01 1.66576499e-03 -4.58053424e-02 1.59548324e-02 -1.67252085e-02 -7.73009716e-04 9.42351849e-01 9.24853631e-01
4.3000 1.81647627e-07 2.76942071e-09 -1.80314156e-08 8.65241483e-09 -6.79724808e-09 7.87921116e-10 1.75038047e-07 1.69028720e-07 9.68835537e-01 2.32304935e-03 -4.62993453e-02 1.36183571e-02 -1.40408713e-02 1.91823675e-03 9.38477599e-01 9.26354964e-01
4.3100 1.81382194e-07 5.20846410e-09 -1.78280644e-08 7.44037036e-09 -5.26781188e-09 1.86315896e-09 1.76202964e-07 1.72798311e-07 9.67419710e-01 4.37232819e-03 -4.57806039e-02 1.17145350e-02 -1.08815411e-02 4.54612332e-03 9.37725970e-01 9.31390552e-01
4.3200 1.81198338e-07 8.92125940e-09 -1.72921787e-08 6.57923915e-09 -4.03031336e-09 2.63303250e-09 1.79406657e-07 1.78009377e-07 9.66436630e-01 7.48903865e-03 -4.44069203e-02 1.03629412e-02 -8.32742510e-03 6.42822361e-03 9.39881689e-01 9.37982488e-01
4.3300 1.81108428e-07 1.32025768e-08 -1.65968519e-08 6.09020983e-09 -3.45575199e-09 2.89518463e-09 1.83804363e-07 1.83243796e-07 9.65952368e-01 1.10814991e-02 -4.26223091e-02 9.59712581e-03 -7.14470318e-03 7.06972270e-03 9.44008684e-01 9.43933703e-01
4.3400 1.81104601e-07 1.71816392e-08 -1.59705691e-08 5.92793297e-09 -3.63377976e-09 2.57086299e-09 1.88243605e-07 1.87180688e-07 9.65925782e-01 1.44192418e-02 -4.10135375e-02 9.34560191e-03 -7.51786339e-03 6.27776621e-03 9.48677088e-01 9.47436990e-01
4.3500 1.81160142e-07 2.00214832e-08 -1.56238453e-08 5.98449732e-09 -4.34280236e-09 1.71801959e-09 1.91542277e-07 1.88917494e-07 9.66215758e-01 1.68002431e-02 -4.01216456e-02 9.43809491e-03 -8.98799877e-03 4.19360831e-03 9.52332451e-01 9.47538060e-01
4.3600 1.81236762e-07 2.11137014e-08 -1.56829262e-08 6.10611313e-09 -5.12670732e-09 5.07792084e-10 1.92773650e-07 1.88154735e-07 9.66619732e-01 1.77142878e-02 -4.02714865e-02 9.63193669e-03 -1.06115063e-02 1.23527083e-03 9.53694469e-01 9.44318234e-01
4.3700 1.81295478e-07 2.02166317e-08 -1.61515216e-08 6.11675938e-09 -5.44955353e-09 -8.27454414e-10 1.91477347e-07 1.85200339e-07 9.66931257e-01 1.69588987e-02 -4.14732123e-02 9.64952214e-03 -1.12799379e-02 -2.02933693e-03 9.52066465e-01 9.38757191e-01
4.3800 1.81307548e-07 1.74999753e-08 -1.69113762e-08 5.84298989e-09 -4.87502567e-09 -2.05800387e-09 1.87739137e-07 1.80806107e-07 9.66997992e-01 1.46767727e-02 -4.34235407e-02 9.21760814e-03 -1.00910412e-02 -5.03849624e-03 9.47468832e-01 9.32339295e-01
4.3900 1.81261940e-07 1.34856187e-08 -1.77594660e-08 5.13581874e-09 -3.21161381e-09 -3.01323477e-09 1.82123912e-07 1.75899063e-07 9.66761243e-01 1.13061350e-02 -4.56011839e-02 8.10193574e-03 -6.64894192e-03 -7.37468366e-03 9.40568130e-01 9.26544505e-01
4.4000 1.81166926e-07 8.90470934e-09 -1.84681840e-08 3.88788205e-09 -5.78235321e-10 -3.61475941e-09 1.75491334e-07 1.71298339e-07 9.66264427e-01 7.46081825e-03 -4.74214411e-02 6.13426320e-03 -1.19984207e-03 -8.84569876e-03 9.32438067e-01 9.22392526e-01
4.4100 1.81045401e-07 4.51482542e-09 -1.88486614e-08 2.04570017e-09 2.62727730e-09 -3.87879125e-09 1.68757265e-07 1.67505751e-07 9.65628268e-01 3.77683681e-03 -4.83989454e-02 3.23150831e-03 5.43312352e-03 -9.49063603e-03 9.24237667e-01 9.20180155e-01
4.4200 1.80925622e-07 9.30542782e-10 -1.87980012e-08 -3.82781437e-10 5.84265704e-09 -3.89060879e-09 1.62675382e-07 1.64627430e-07 9.65001752e-01 7.70169214e-04 -4.82691445e-02 -5.92680739e-04 1.20866140e-02 -9.51766001e-03 9.16910096e-01 9.19479050e-01
4.4300 1.80830604e-07 -1.48706462e-09 -1.83179291e-08 -3.32591790e-09 8.49928719e-09 -3.76268431e-09 1.57699692e-07 1.62436295e-07 9.64505963e-01 -1.25603975e-03 -4.70363502e-02 -5.22469253e-03 1.75840283e-02 -9.20179796e-03 9.10988880e-01 9.19371111e-01
4.4400 1.80769811e-07 -2.65823633e-09 -1.75024630e-08 -6.65286029e-09 1.01735526e-08 -3.59225171e-09 1.53956252e-07 1.60537553e-07 9.64190150e-01 -2.23490794e-03 -4.49421445e-02 -1.04583093e-02 2.10485984e-02 -8.78125648e-03 9.06554788e-01 9.18822130e-01
4.4500 1.80735991e-07 -2.73367286e-09 -1.65020710e-08 -1.01865004e-08 1.06868240e-08 -3.43262212e-09 1.51313747e-07 1.58567949e-07 9.64015043e-01 -2.29322176e-03 -4.23732937e-02 -1.60151989e-02 2.21103209e-02 -8.38721368e-03 9.03333328e-01 9.17056436e-01
4.4600 1.80708176e-07 -1.99299613e-09 -1.54781791e-08 -1.37253075e-08 1.01286537e-08 -3.28626966e-09 1.49511694e-07 1.56354078e-07 9.63868917e-01 -1.66625957e-03 -3.97447852e-02 -2.15791905e-02 2.09541137e-02 -8.02671184e-03 9.00878682e-01 9.13806083e-01
4.4700 1.80659783e-07 -7.32694379e-10 -1.45630511e-08 -1.70719769e-08 8.80320924e-09 -3.11910880e-09 1.48292061e-07 1.53976161e-07 9.63610611e-01 -6.03713889e-04 -3.73966122e-02 -2.68410822e-02 1.82091908e-02 -7.61728905e-03 8.98769203e-01 9.09361105e-01
4.4800 1.80568950e-07 8.19039940e-10 -1.38361414e-08 -2.00639049e-08 7.12204548e-09 -2.88767126e-09 1.47487944e-07 1.51722318e-07 9.63124402e-01 7.01905484e-04 -3.55328786e-02 -3.15462180e-02 1.47273587e-02 -7.05315726e-03 8.96747211e-01 9.04421413e-01
4.4900 1.80427505e-07 2.53842122e-09 -1.33209062e-08 -2.25985330e-08 5.47999997e-09 -2.56679225e-09 1.47046487e-07 1.49959694e-07 9.62367532e-01 2.14577547e-03 -3.42135180e-02 -3.55340078e-02 1.13262698e-02 -6.27271825e-03 8.94765781e-01 8.99819333e-01
4.5000 1.80245403e-07 4.39185490e-09 -1.29985323e-08 -2.46467127e-08 4.15202077e-09 -2.16622486e-09 1.46992013e-07 1.48977809e-07 9.61393646e-01 3.69905672e-03 -3.33895745e-02 -3.87587264e-02 8.57582726e-03 -5.29916285e-03 8.92944402e-01 8.96221066e-01
4.5100 1.80049018e-07 6.38831420e-09 -1.28297875e-08 -2.62498287e-08 3.23820043e-09 -1.72976172e-09 1.47357716e-07 1.48866155e-07 9.60343582e-01 5.36912273e-03 -3.29594474e-02 -4.12849590e-02 6.68419419e-03 -4.23847035e-03 8.91468298e-01 8.93914022e-01
4.5200 1.79873749e-07 8.52427814e-09 -1.27747942e-08 -2.75008972e-08 2.66683292e-09 -1.31782506e-09 1.48122336e-07 1.49471344e-07 9.59405984e-01 7.15345533e-03 -3.28198813e-02 -4.32580392e-02 5.50379761e-03 -3.23712200e-03 8.90481519e-01 8.92748194e-01
4.5300 1.79753331e-07 1.07448853e-08 -1.28030867e-08 -2.85147513e-08 2.24715211e-09 -9.81221818e-10 1.49180378e-07 1.50446308e-07 9.58760475e-01 9.00701828e-03 -3.28920166e-02 -4.48574629e-02 4.64017043e-03 -2.41826654e-03 8.90018014e-01 8.92239918e-01
4.5400 1.79709363e-07 1.29338148e-08 -1.28914642e-08 -2.93959642e-08 1.75015447e-09 -7.37318512e-10 1.50355749e-07 1.51368585e-07 9.58522010e-01 1.08336022e-02 -3.31160530e-02 -4.62467790e-02 3.61903953e-03 -1.82375673e-03 8.89992780e-01 8.91788063e-01
4.5500 1.79744504e-07 1.49302623e-08 -1.30127516e-08 -3.02139198e-08 9.90825627e-10 -5.59000403e-10 1.51448095e-07 1.51879921e-07 9.58704749e-01 1.24998025e-02 -3.34224634e-02 -4.75346473e-02 2.05650890e-03 -1.38730915e-03 8.90247441e-01 8.90916641e-01
4.5600 1.79841584e-07 1.65606252e-08 -1.31224665e-08 -3.09920024e-08 -1.11569466e-10 -3.81857388e-10 1.52287740e-07 1.51794313e-07 9.59217379e-01 1.38612967e-02 -3.36977153e-02 -4.87579464e-02 -2.15963257e-04 -9.52045497e-04 8.90623014e-01 8.89455006e-01
4.5700 1.79968942e-07 1.76693177e-08 -1.31512304e-08 -3.17130145e-08 -1.50907482e-09 -1.27994277e-10 1.52774015e-07 1.51136946e-07 9.59891566e-01 1.47884239e-02 -3.37646375e-02 -4.98902190e-02 -3.10070605e-03 -3.28503553e-04 8.91025133e-01 8.87595924e-01
4.5800 1.80090308e-07 1.81378193e-08 -1.30084055e-08 -3.23373789e-08 -3.03876251e-09 2.61646501e-10 1.52882343e-07 1.50105227e-07 9.60534461e-01 1.51819885e-02 -3.33915533e-02 -5.08700735e-02 -6.26185729e-03 6.26655192e-04 8.91454823e-01 8.85819621e-01
4.5900 1.80176062e-07 1.78902340e-08 -1.25979439e-08 -3.28264873e-08 -4.46657450e-09 7.98118656e-10 1.52641865e-07 1.48973409e-07 9.60988585e-01 1.49778887e-02 -3.23327650e-02 -5.16376139e-02 -9.21579811e-03 1.93967476e-03 8.91996094e-01 8.84719971e-01
4.6000 1.80212341e-07 1.68920409e-08 -1.18425415e-08 -3.31622797e-08 -5.54696045e-09 1.42943765e-09 1.52099561e-07 1.47982038e-07 9.61180216e-01 1.41461807e-02 -3.03904094e-02 -5.21649734e-02 -1.14544300e-02 3.48320208e-03 8.92771014e-01 8.84799786e-01
4.6100 1.80205178e-07 1.51518187e-08 -1.07087022e-08 -3.33562207e-08 -6.08240812e-09 2.04597659e-09 1.51292074e-07 1.47255643e-07 9.61141401e-01 1.26927598e-02 -2.74787294e-02 -5.24702888e-02 -1.25684092e-02 4.98957365e-03 8.93885143e-01 8.86306307e-01
4.6200 1.80178485e-07 1.27319260e-08 -9.22441859e-09 -3.34454218e-08 -5.96939497e-09 2.50562799e-09 1.50240570e-07 1.46776803e-07 9.60999212e-01 1.06686190e-02 -2.36694739e-02 -5.26116172e-02 -1.23424316e-02 6.11223714e-03 8.95386739e-01 8.89156545e-01
4.6300 1.80166616e-07 9.76551301e-09 -7.48309533e-09 -3.34788985e-08 -5.22212966e-09 2.67129984e-09 1.48970135e-07 1.46419305e-07 9.60936267e-01 8.18441005e-03 -1.92020451e-02 -5.26654764e-02 -1.08046370e-02 6.51716629e-03 8.97253156e-01 8.92965685e-01
4.6400 1.80203925e-07 6.46864647e-09 -5.63132781e-09 -3.35007419e-08 -3.97099720e-09 2.44910203e-09 1.47540502e-07 1.46018607e-07 9.61135224e-01 5.42083118e-03 -1.44522322e-02 -5.27006113e-02 -8.22366241e-03 5.97587566e-03 8.99403212e-01 8.97155425e-01
4.6500 1.80314542e-07 3.13292189e-09 -3.84283026e-09 -3.35378151e-08 -2.43763517e-09 1.81532289e-09 1.46066818e-07 1.45444506e-07 9.61724437e-01 2.62252046e-03 -9.86538887e-03 -5.27588698e-02 -5.05726224e-03 4.43104267e-03 9.01722699e-01 9.01096480e-01
4.6600 1.80505398e-07 8.86648692e-11 -2.28468881e-09 -3.35971536e-08 -8.92448281e-10 8.23985700e-10 1.44712221e-07 1.44643758e-07 9.62740916e-01 6.71365399e-05 -5.86988141e-03 -5.28512559e-02 -1.86447733e-03 2.01475905e-03 9.04086915e-01 9.04237197e-01
4.6700 1.80764449e-07 -2.35928131e-09 -1.08409932e-09 -3.36736009e-08 3.97017436e-10 -4.06957986e-10 1.43647468e-07 1.43637527e-07 9.64120804e-01 -1.98868099e-03 -2.79174749e-03 -5.29699513e-02 8.01217635e-04 -9.85274395e-04 9.06370424e-01 9.06186367e-01
4.6800 1.81064343e-07 -4.00689792e-09 -3.03428646e-10 -3.37633353e-08 1.21706179e-09 -1.72607895e-09 1.42990681e-07 1.42481664e-07 9.65718861e-01 -3.37276485e-03 -7.90692357e-04 -5.31094786e-02 2.49751675e-03 -4.20005901e-03 9.08445925e-01 9.06743383e-01
4.6900 1.81370207e-07 -4.81118252e-09 7.08675410e-11 -3.38759677e-08 1.44839611e-09 -2.98599566e-09 1.42753925e-07 1.41216325e-07 9.67349796e-01 -4.04817761e-03 1.68358844e-04 -5.32855393e-02 2.97734257e-03 -7.27075840e-03 9.10184438e-01 9.05891022e-01
4.7000 1.81649090e-07 -4.90881824e-09 1.23393048e-10 -3.40381918e-08 1.08807811e-09 -4.07683542e-09 1.42825473e-07 1.39836716e-07 9.68838372e-01 -4.12908687e-03 3.02803251e-04 -5.35405568e-02 2.23433127e-03 -9.93015317e-03 9.11471532e-01 9.03775710e-01
4.7100 1.81878275e-07 -4.57857131e-09 -9.45106726e-12 -3.42855598e-08 2.47893968e-10 -4.94648298e-09 1.43004692e-07 1.38306103e-07 9.70063602e-01 -3.84933574e-03 -3.71025277e-05 -5.39306035e-02 4.99534271e-04 -1.20518184e-02 9.12246560e-01 9.00694276e-01
4.7200 1.82050254e-07 -4.15274322e-09 -1.68715054e-10 -3.46444641e-08 -8.70986224e-10 -5.60310262e-09 1.43084332e-07 1.36610243e-07 9.70985203e-01 -3.48815314e-03 -4.43353373e-04 -5.44970223e-02 -1.81102421e-03 -1.36560728e-02 9.12556674e-01 8.97089577e-01
4.7300 1.82173280e-07 -3.90408906e-09 -2.06000151e-10 -3.51115145e-08 -2.02188381e-09 -6.10099691e-09 1.42951676e-07 1.34828796e-07 9.71646541e-01 -3.27516673e-03 -5.35195064e-04 -5.52340554e-02 -4.18716407e-03 -1.48753500e-02 9.12602124e-01 8.93539610e-01
4.7400 1.82267734e-07 -3.94789546e-09 -1.38612831e-11 -3.56399557e-08 -2.96516926e-09 -6.51554718e-09 1.42666022e-07 1.33185305e-07 9.72155448e-01 -3.30805054e-03 -3.71862376e-05 -5.60676155e-02 -6.13333634e-03 -1.58930458e-02 9.12742596e-01 8.90716214e-01
4.7500 1.82359725e-07 -4.19786084e-09 4.52309533e-10 -3.61412471e-08 -3.51717813e-09 -6.91542662e-09 1.42472927e-07 1.32040322e-07 9.72650263e-01 -3.51527674e-03 1.16463966e-03 -5.68579196e-02 -7.26985799e-03 -1.68758314e-02 9.13441706e-01 8.89296017e-01
4.7600 1.82473899e-07 -4.39779135e-09 1.16514354e-09 -3.65046833e-08 -3.58388587e-09 -7.34003630e-09 1.42736568e-07 1.31812646e-07 9.73261691e-01 -3.68249619e-03 2.99936632e-03 -5.74304648e-02 -7.40258297e-03 -1.79187992e-02 9.15148096e-01 8.89826714e-01
4.7700 1.82627421e-07 -4.22396546e-09 2.03091129e-09 -3.66307910e-08 -3.17176366e-09 -7.78765948e-09 1.43803576e-07 1.32844153e-07 9.74080867e-01 -3.53827901e-03 5.22570299e-03 -5.76286059e-02 -6.54533276e-03 -1.90167991e-02 9.18139685e-01 8.92577553e-01
4.7800 1.82826516e-07 -3.42513665e-09 2.90930777e-09 -3.64679338e-08 -2.37453794e-09 -8.21626159e-09 1.45842753e-07 1.35251953e-07 9.75140976e-01 -2.87153569e-03 7.48288890e-03 -5.73711148e-02 -4.89245333e-03 -2.00666040e-02 9.22381214e-01 8.97422157e-01
4.7900 1.83066083e-07 -1.94950166e-09 3.64409959e-09 -3.60387165e-08 -1.34126043e-09 -8.55542497e-09 1.48721964e-07 1.38825279e-07 9.76415167e-01 -1.63811210e-03 9.36948026e-03 -5.66936582e-02 -2.75269849e-03 -2.08961651e-02 9.27452877e-01 9.03804013e-01
4.8000 1.83332033e-07 -8.34369481e-12 4.09887158e-09 -3.54448595e-08 -2.36016807e-10 -8.72553503e-09 1.51977701e-07 1.43016149e-07 9.77828895e-01 -1.43458361e-05 1.05351989e-02 -5.57564123e-02 -4.65816941e-04 -2.13114490e-02 9.32593336e-01 9.10816070e-01
4.8100 1.83605364e-07 1.95426094e-09 4.19044507e-09 -3.48458462e-08 7.98863763e-10 -8.65938425e-09 1.54904224e-07 1.47043703e-07 9.79281536e-01 1.62813965e-03 1.07667526e-02 -5.48104562e-02 1.67361018e-03 -2.11490652e-02 9.36865972e-01 9.17390517e-01
4.8200 1.83866781e-07 3.38347310e-09 3.91224179e-09 -3.44156782e-08 1.66655453e-09 -8.32163240e-09 1.56746817e-07 1.50091739e-07 9.80670839e-01 2.82461031e-03 1.00477811e-02 -5.41297712e-02 3.46533448e-03 -2.03235799e-02 9.39413460e-01 9.22555214e-01
4.8300 1.84100741e-07 3.79094854e-09 3.34134714e-09 -3.42903007e-08 2.32215189e-09 -7.72252617e-09 1.56942736e-07 1.51542362e-07 9.81914420e-01 3.16578500e-03 8.57689666e-03 -5.39285859e-02 4.81674897e-03 -1.88607877e-02 9.39728516e-01 9.25684477e-01
4.8400 1.84298222e-07 2.92787784e-09 2.62630292e-09 -3.45225756e-08 2.76372482e-09 -6.92342371e-09 1.55329827e-07 1.51170129e-07 9.82964425e-01 2.44294811e-03 6.73621397e-03 -5.42905761e-02 5.72437419e-03 -1.69110059e-02 9.37853011e-01 9.26666380e-01
4.8500 1.84457907e-07 8.92007089e-10 1.95718983e-09 -3.50602706e-08 3.01484910e-09 -6.03273372e-09 1.52246833e-07 1.49228948e-07 9.83813864e-01 7.37770656e-04 5.01440341e-03 -5.51342110e-02 6.23769436e-03 -1.47390397e-02 9.34431827e-01 9.25930482e-01
4.8600 1.84585887e-07 -1.87308565e-09 1.52427203e-09 -3.57556058e-08 3.10730440e-09 -5.19194627e-09 1.48481468e-07 1.46396826e-07 9.84495076e-01 -1.57818308e-03 3.90040311e-03 -5.62276633e-02 6.42328555e-03 -1.26900564e-02 9.30589633e-01 9.24322862e-01
4.8700 1.84694217e-07 -4.69216133e-09 1.47501216e-09 -3.64046872e-08 3.07084049e-09 -4.55276436e-09 1.45072381e-07 1.43590457e-07 9.85072059e-01 -3.93908573e-03 3.77299648e-03 -5.72506660e-02 6.34352130e-03 -1.11338293e-02 9.27655304e-01 9.22864996e-01
4.8800 1.84798707e-07 -6.85231312e-09 1.88040047e-09 -3.68051574e-08 2.93247857e-09 -4.24811865e-09 1.43021637e-07 1.41705997e-07 9.85628789e-01 -5.74744905e-03 4.81436474e-03 -5.78850096e-02 6.05497072e-03 -1.03941199e-02 9.26810695e-01 9.22471546e-01
4.8900 1.84916355e-07 -7.81471876e-09 2.71963890e-09 -3.68141302e-08 2.72269284e-09 -4.36189478e-09 1.43007145e-07 1.41367943e-07 9.86255595e-01 -6.55166936e-03 6.97082170e-03 -5.79055383e-02 5.62102716e-03 -1.06749517e-02 9.28769209e-01 9.23715284e-01
4.9000 1.85062758e-07 -7.37500929e-09 3.88754099e-09 -3.63882116e-08 2.48225791e-09 -4.90393615e-09 1.45187078e-07 1.42765400e-07 9.87035365e-01 -6.18053010e-03 9.97190879e-03 -5.72430843e-02 5.12595414e-03 -1.19997530e-02 9.33583660e-01 9.26709861e-01
4.9100 1.85249787e-07 -5.72016423e-09 5.22275031e-09 -3.55932974e-08 2.26312013e-09 -5.79744692e-09 1.49159076e-07 1.45624749e-07 9.88031216e-01 -4.79095851e-03 1.34029504e-02 -5.60000083e-02 4.67665113e-03 -1.41807275e-02 9.40643200e-01 9.31139123e-01
4.9200 1.85483828e-07 -3.36500001e-09 6.54887387e-09 -3.45818509e-08 2.11958824e-09 -6.88454823e-09 1.54085851e-07 1.49320891e-07 9.89277101e-01 -2.81480753e-03 1.68107480e-02 -5.44147259e-02 4.38450226e-03 -1.68324726e-02 9.48858316e-01 9.36410345e-01
4.9300 1.85764829e-07 -9.91953803e-10 7.71678049e-09 -3.35460240e-08 2.09120710e-09 -7.95217914e-09 1.58943632e-07 1.53082660e-07 9.90772743e-01 -8.24513541e-04 1.98122234e-02 -5.27883089e-02 4.33012930e-03 -1.94351925e-02 9.56972144e-01 9.41867081e-01
4.9400 1.86086333e-07 7.50559637e-10 8.63596213e-09 -3.26625737e-08 2.18365842e-09 -8.77532489e-09 1.62810281e-07 1.56218614e-07 9.92483810e-01 6.36027433e-04 2.21749310e-02 -5.13981596e-02 4.52413798e-03 -2.14401474e-02 9.63896609e-01 9.46980600e-01
4.9500 1.86436527e-07 1.42447543e-09 9.28626609e-09 -3.20474762e-08 2.35661983e-09 -9.16903158e-09 1.65099792e-07 1.58287380e-07 9.94347501e-01 1.19938897e-03 2.38471304e-02 -5.04268214e-02 4.88227289e-03 -2.23965131e-02 9.68967199e-01 9.51452959e-01
4.9600 1.86800137e-07 8.98506673e-10 9.70751028e-09 -3.17339094e-08 2.52629740e-09 -9.03661693e-09 1.65672245e-07 1.59161926e-07 9.96282625e-01 7.55553301e-04 2.49310540e-02 -4.99273584e-02 5.23086873e-03 -2.20689402e-02 9.72041874e-01 9.55203802e-01
4.9700 1.87160806e-07 -6.59323009e-10 9.97155280e-09 -3.16785257e-08 2.58545158e-09 -8.40055634e-09 1.64794510e-07 1.58979405e-07 9.98202252e-01 -5.54294682e-04 2.56111338e-02 -4.98330315e-02 5.34836885e-03 -2.05128355e-02 9.73426059e-01 9.58261593e-01
4.9800 1.87503463e-07 -2.87980691e-09 1.01469989e-08 -3.17909068e-08 2.43686294e-09 -7.40557614e-09 1.62979748e-07 1.58011035e-07 1.00002634e+00 -2.42004833e-03 2.60633593e-02 -5.00032794e-02 5.03449455e-03 -1.80818283e-02 9.73666374e-01 9.60619040e-01
4.9900 1.87816232e-07 -5.33803223e-09 1.02690042e-08 -3.19733801e-08 2.03000546e-09 -6.29015420e-09 1.60773824e-07 1.56513675e-07 1.00169185e+00 -4.48473115e-03 2.63777674e-02 -5.02859368e-02 4.18590906e-03 -1.53581599e-02 9.73298950e-01 9.62126699e-01
5.0000 1.88091523e-07 -7.69056625e-09 1.03247548e-08 -3.21556438e-08 1.38782148e-09 -5.33127291e-09 1.58570068e-07 1.54626617e-07 1.00315854e+00 -6.45965547e-03 2.65212292e-02 -5.05713401e-02 2.85131725e-03 -1.30178255e-02 9.72648775e-01 9.62482267e-01
5.0100 1.88326244e-07 -9.75761987e-09 1.02597441e-08 -3.23116660e-08 6.12412790e-10 -4.77538315e-09 1.56516702e-07 1.52353732e-07 1.00441008e+00 -8.19347377e-03 2.63536587e-02 -5.08187049e-02 1.24294109e-03 -1.16620949e-02 9.71751561e-01 9.61332407e-01
5.0200 1.88521281e-07 -1.15289367e-08 1.00027193e-08 -3.24537625e-08 -1.35123847e-10 -4.77351915e-09 1.54541302e-07 1.49632659e-07 1.00545127e+00 -9.67726159e-03 2.56921511e-02 -5.10468151e-02 -3.05417947e-04 -1.16591959e-02 9.70419347e-01 9.58454733e-01
5.0300 1.88680600e-07 -1.31034714e-08 9.50057484e-09 -3.26077264e-08 -6.76660027e-10 -5.33853024e-09 1.52469977e-07 1.46454786e-07 1.00630323e+00 -1.09940296e-02 2.44006222e-02 -5.12951056e-02 -1.42527800e-03 -1.30400001e-02 9.68414714e-01 9.53949436e-01
5.0400 1.88810306e-07 -1.45976374e-08 8.75077747e-09 -3.27800482e-08 -8.68647789e-10 -6.33709865e-09 1.50183398e-07 1.42977651e-07 1.00699839e+00 -1.22418007e-02 2.24730465e-02 -5.15724351e-02 -1.82018329e-03 -1.54786235e-02 9.65657204e-01 9.48358397e-01
5.0500 1.88917934e-07 -1.60657869e-08 7.81939745e-09 -3.29310768e-08 -6.46932568e-10 -7.51990757e-09 1.47740468e-07 1.39573627e-07 1.00757673e+00 -1.34668554e-02 2.00796702e-02 -5.18152318e-02 -1.35821902e-03 -1.83661395e-02 9.62374314e-01 9.42649955e-01
5.0600 1.89011969e-07 -1.74670646e-08 6.83737867e-09 -3.29655790e-08 -4.96192964e-11 -8.58267033e-09 1.45416704e-07 1.36784414e-07 1.00808319e+00 -1.46357927e-02 1.75572961e-02 -5.18729255e-02 -1.19061540e-04 -2.09596026e-02 9.59131769e-01 9.38053104e-01
5.0700 1.89101452e-07 -1.86897559e-08 5.97478563e-09 -3.27456295e-08 7.90451192e-10 -9.24192518e-09 1.43640853e-07 1.35189379e-07 1.00856560e+00 -1.56557646e-02 1.53430025e-02 -5.15283542e-02 1.62182363e-03 -2.25670857e-02 9.56724489e-01 9.35779226e-01
5.0800 1.89195401e-07 -1.96178205e-08 5.40005348e-09 -3.21226433e-08 1.68213774e-09 -9.30525484e-09 1.42854990e-07 1.35231873e-07 1.00907161e+00 -1.64300942e-02 1.38693795e-02 -5.05481060e-02 3.46871053e-03 -2.27190788e-02 9.55962784e-01 9.36712416e-01
5.0900 1.89301845e-07 -2.02056051e-08 5.23629922e-09 -3.09786251e-08 2.43016765e-09 -8.71723965e-09 1.43353914e-07 1.37066842e-07 1.00964354e+00 -1.69208034e-02 1.34522830e-02 -4.87472209e-02 5.01770411e-03 -2.12806272e-02 9.57427795e-01 9.41164872e-01
5.1000 1.89426507e-07 -2.05233599e-08 5.52787378e-09 -2.92636732e-08 2.88982195e-09 -7.56950653e-09 1.45167348e-07 1.40487663e-07 1.01031147e+00 -1.71867366e-02 1.42049751e-02 -4.60479363e-02 5.96978022e-03 -1.84758083e-02 9.61281770e-01 9.48775742e-01
5.1100 1.89571413e-07 -2.07492364e-08 6.22721351e-09 -2.70182766e-08 3.00473285e-09 -6.07351491e-09 1.48031113e-07 1.44962331e-07 1.01108583e+00 -1.73768920e-02 1.60044767e-02 -4.25145361e-02 6.20880811e-03 -1.48212381e-02 9.67198881e-01 9.58586451e-01
5.1200 1.89733913e-07 -2.11071777e-08 7.20577952e-09 -2.43741265e-08 2.81616238e-09 -4.50506926e-09 1.51458388e-07 1.49769482e-07 1.01195233e+00 -1.76784504e-02 1.85198396e-02 -3.83544942e-02 5.82055510e-03 -1.09905615e-02 9.74439227e-01 9.69269221e-01
5.1300 1.89906667e-07 -2.17744216e-08 8.28556287e-09 -2.15339214e-08 2.44184048e-09 -3.13685618e-09 1.54883887e-07 1.54188871e-07 1.01287187e+00 -1.82393623e-02 2.12932490e-02 -3.38866956e-02 5.04875826e-03 -7.64971493e-03 9.82039057e-01 9.79438100e-01
5.1400 1.90078884e-07 -2.27969338e-08 9.28167640e-09 -1.87365023e-08 2.03264956e-09 -2.17750271e-09 1.57827124e-07 1.57682271e-07 1.01378721e+00 -1.90975839e-02 2.38495678e-02 -2.94866819e-02 4.20544968e-03 -5.30812069e-03 9.89052514e-01 9.87949843e-01
5.1500 1.90238784e-07 -2.40497308e-08 1.00438001e-08 -1.62167242e-08 1.72255747e-09 -1.73235444e-09 1.60016129e-07 1.60006332e-07 1.01463611e+00 -2.01479227e-02 2.58028616e-02 -2.55236674e-02 3.56740981e-03 -4.22291517e-03 9.94767378e-01 9.94111873e-01
5.1600 1.90376748e-07 -2.52620910e-08 1.04854072e-08 -1.41691384e-08 1.58877199e-09 -1.79372705e-09 1.61430925e-07 1.61225970e-07 1.01536799e+00 -2.11632406e-02 2.69314484e-02 -2.23035323e-02 3.29384413e-03 -4.37514217e-03 9.98832662e-01 9.97751364e-01
5.1700 1.90488308e-07 -2.61018547e-08 1.05941532e-08 -1.27215580e-08 1.63469845e-09 -2.25937129e-09 1.62259048e-07 1.61634375e-07 1.01595979e+00 -2.18651459e-02 2.72044728e-02 -2.00272946e-02 3.39127177e-03 -5.51483893e-03 1.00127182e+00 9.99148251e-01
5.1800 1.90575999e-07 -2.62888373e-08 1.04228868e-08 -1.19205800e-08 1.79966001e-09 -2.97020683e-09 1.62789469e-07 1.61618922e-07 1.01642567e+00 -2.20190479e-02 2.67586436e-02 -1.87683076e-02 3.73377256e-03 -7.25318272e-03 1.00239696e+00 9.98877551e-01
5.1900 1.90649341e-07 -2.56946975e-08 1.00663633e-08 -1.17279406e-08 1.98971076e-09 -3.75427360e-09 1.63293067e-07 1.61528504e-07 1.01681681e+00 -2.15178195e-02 2.58382229e-02 -1.84664323e-02 4.12682644e-03 -9.16984005e-03 1.00267078e+00 9.97627769e-01
5.2000 1.90722717e-07 -2.43907250e-08 9.63213879e-09 -1.20253066e-08 2.11673787e-09 -4.46422325e-09 1.63938824e-07 1.61591339e-07 1.01720994e+00 -2.04217741e-02 2.47200889e-02 -1.89354695e-02 4.38823870e-03 -1.09045687e-02 1.00257279e+00 9.96056457e-01
5.2100 1.90811561e-07 -2.26245054e-08 9.21445062e-09 -1.26258004e-08 2.13090252e-09 -4.99987787e-09 1.64775706e-07 1.61906731e-07 1.01768702e+00 -1.89390075e-02 2.36465318e-02 -1.98812253e-02 4.41522487e-03 -1.22123805e-02 1.00251332e+00 9.94716168e-01
5.2200 1.90927855e-07 -2.07336919e-08 8.87742520e-09 -1.32921864e-08 2.03490094e-09 -5.31356110e-09 1.65779402e-07 1.62500742e-07 1.01831127e+00 -1.73530146e-02 2.27820959e-02 -2.09301364e-02 4.21384144e-03 -1.29766481e-02 1.00281022e+00 9.94047411e-01
5.2300 1.91076226e-07 -1.90293913e-08 8.64990531e-09 -1.37627275e-08 1.87604589e-09 -5.40173172e-09 1.66934013e-07 1.63408327e-07 1.01910645e+00 -1.59248474e-02 2.22003578e-02 -2.16700483e-02 3.88251141e-03 -1.31887532e-02 1.00371192e+00 9.94405674e-01
5.2400 1.91251853e-07 -1.76933606e-08 8.53017604e-09 -1.37850423e-08 1.72082153e-09 -5.28997485e-09 1.68303626e-07 1.64734473e-07 1.02004590e+00 -1.48068795e-02 2.18962031e-02 -2.17036310e-02 3.55929030e-03 -1.29114789e-02 1.00543159e+00 9.96079405e-01
5.2500 1.91440911e-07 -1.67276660e-08 8.49628977e-09 -1.31556037e-08 1.62306268e-09 -5.01872307e-09 1.70053931e-07 1.66658271e-07 1.02105508e+00 -1.40005894e-02 2.18125228e-02 -2.07106632e-02 3.35595471e-03 -1.22441274e-02 1.00815635e+00 9.99268178e-01
5.2600 1.91623560e-07 -1.59748639e-08 8.51721891e-09 -1.17587447e-08 1.59887816e-09 -4.63455331e-09 1.72407170e-07 1.69371495e-07 1.02202765e+00 -1.33735127e-02 2.18690285e-02 -1.85094711e-02 3.30606163e-03 -1.13011888e-02 1.01201370e+00 1.00401857e+00
5.2700 1.91778702e-07 -1.51992524e-08 8.56147446e-09 -9.59595184e-09 1.61828327e-09 -4.18792302e-09 1.75544972e-07 1.72975333e-07 1.02285099e+00 -1.27274378e-02 2.19845116e-02 -1.51029799e-02 3.34759642e-03 -1.02066792e-02 1.01700508e+00 1.01014600e+00
5.2800 1.91889230e-07 -1.41961412e-08 8.60216738e-09 -6.79571906e-09 1.61659228e-09 -3.73457681e-09 1.79499537e-07 1.77381552e-07 1.02343415e+00 -1.18901274e-02 2.20898875e-02 -1.06940716e-02 3.34652447e-03 -9.09741348e-03 1.02293984e+00 1.01718895e+00
5.2900 1.91946295e-07 -1.28856508e-08 8.61955030e-09 -3.59737835e-09 1.52071036e-09 -3.33606721e-09 1.84082816e-07 1.82267459e-07 1.02373061e+00 -1.07940858e-02 2.21346842e-02 -5.65993321e-03 3.15119691e-03 -8.12412472e-03 1.02941128e+00 1.02443835e+00
5.3000 1.91951441e-07 -1.13542679e-08 8.60292273e-09 -3.08793883e-10 1.27963051e-09 -3.05551181e-09 1.88891302e-07 1.87115421e-07 1.02374951e+00 -9.51151739e-03 2.20918222e-02 -4.85288375e-04 2.65549277e-03 -7.44100000e-03 1.03584452e+00 1.03105902e+00
5.3100 1.91916064e-07 -9.82847104e-09 8.55314454e-09 2.75423292e-09 8.86896295e-10 -2.94741232e-09 1.93394971e-07 1.91334455e-07 1.02355261e+00 -8.23229261e-03 2.19639194e-02 4.33306848e-03 1.84537944e-03 -7.18079384e-03 1.04161730e+00 1.03628189e+00
5.3200 1.91858441e-07 -8.59173271e-09 8.48536666e-09 5.33231490e-09 3.86053936e-10 -3.04380748e-09 1.97084390e-07 1.94426637e-07 1.02323828e+00 -7.19437720e-03 2.17901557e-02 8.38751856e-03 8.10314073e-04 -7.42107792e-03 1.04622157e+00 1.03961081e+00
5.3300 1.91799244e-07 -7.87839395e-09 8.42995222e-09 7.27333599e-09 -1.43151823e-10 -3.34166181e-09 1.99624139e-07 1.96139325e-07 1.02291745e+00 -6.59479532e-03 2.16485364e-02 1.14394956e-02 -2.85179733e-04 -8.15358397e-03 1.04941068e+00 1.04097192e+00
5.3400 1.91756825e-07 -7.78656176e-09 8.42896471e-09 8.55532808e-09 -6.12540613e-10 -3.79700136e-09 2.00954556e-07 1.96545014e-07 1.02268834e+00 -6.51647155e-03 2.16468466e-02 1.34552418e-02 -1.25883113e-03 -9.27006520e-03 1.05127396e+00 1.04074506e+00
5.3500 1.91743512e-07 -8.24400203e-09 8.52662470e-09 9.27475376e-09 -9.56497100e-10 -4.32953952e-09 2.01300889e-07 1.96014852e-07 1.02261671e+00 -6.89946258e-03 2.18982008e-02 1.45871117e-02 -1.97469102e-03 -1.05737722e-02 1.05220256e+00 1.03965409e+00
5.3600 1.91763767e-07 -9.03941319e-09 8.75459482e-09 9.60423304e-09 -1.15426469e-09 -4.83801480e-09 2.01083181e-07 1.95090902e-07 1.02272599e+00 -7.56700550e-03 2.24833833e-02 1.51068616e-02 -2.38926528e-03 -1.18170409e-02 1.05274923e+00 1.03854293e+00
5.3700 1.91814421e-07 -9.90518781e-09 9.11590512e-09 9.73362961e-09 -1.23500425e-09 -5.22254083e-09 2.00758768e-07 1.94301223e-07 1.02299873e+00 -8.29478307e-03 2.34097356e-02 1.53128882e-02 -2.56207663e-03 -1.27559273e-02 1.05342657e+00 1.03810856e+00
5.3800 1.91886623e-07 -1.06173359e-08 9.57343224e-09 9.81396416e-09 -1.26379665e-09 -5.40748950e-09 2.00656683e-07 1.93985397e-07 1.02338697e+00 -8.89466605e-03 2.45817314e-02 1.54420698e-02 -2.62687094e-03 -1.32060572e-02 1.05451611e+00 1.03868318e+00
5.3900 1.91968665e-07 -1.10717955e-08 1.00489071e-08 9.92263546e-09 -1.31415719e-09 -5.35791036e-09 2.00868412e-07 1.94196344e-07 1.02382759e+00 -9.27876488e-03 2.57985360e-02 1.56152624e-02 -2.73494894e-03 -1.30826180e-02 1.05596262e+00 1.04014506e+00
5.4000 1.92048796e-07 -1.13064143e-08 1.04359532e-08 1.00609338e-08 -1.43784781e-09 -5.08449211e-09 2.01239269e-07 1.94716929e-07 1.02425732e+00 -9.47802574e-03 2.67875097e-02 1.58336672e-02 -2.99288647e-03 -1.24123297e-02 1.05740048e+00 1.04199526e+00
5.4100 1.92117293e-07 -1.14603589e-08 1.06261571e-08 1.01832243e-08 -1.64380910e-09 -4.63588574e-09 2.01466315e-07 1.95186620e-07 1.02462395e+00 -9.60841845e-03 2.72710752e-02 1.60249999e-02 -3.41905391e-03 -1.13145532e-02 1.05831160e+00 1.04357800e+00
5.4200 1.92167452e-07 -1.16885421e-08 1.05420702e-08 1.02454747e-08 -1.89449110e-09 -4.08143378e-09 2.01266455e-07 1.95290530e-07 1.02489162e+00 -9.79940520e-03 2.70512970e-02 1.61199924e-02 -3.93603247e-03 -9.95900788e-03 1.05826351e+00 1.04436847e+00
5.4300 1.92195626e-07 -1.20674543e-08 1.01672252e-08 1.02532437e-08 -2.12109389e-09 -3.49043100e-09 2.00548640e-07 1.94937116e-07 1.02504104e+00 -1.01151315e-02 2.60867399e-02 1.61278959e-02 -4.40205184e-03 -8.51508035e-03 1.05714055e+00 1.04422342e+00
5.4400 1.92200676e-07 -1.25329194e-08 9.56238385e-09 1.02887577e-08 -2.25182615e-09 -2.91486541e-09 1.99518898e-07 1.94352206e-07 1.02506650e+00 -1.05022676e-02 2.45339740e-02 1.61789387e-02 -4.66928773e-03 -7.10969727e-03 1.05527714e+00 1.04349816e+00
5.4500 1.92183343e-07 -1.28780013e-08 8.86008952e-09 1.05037797e-08 -2.24208998e-09 -2.38090275e-09 1.98669211e-07 1.94046218e-07 1.02497238e+00 -1.07881488e-02 2.27334231e-02 1.65128642e-02 -4.64612057e-03 -5.80659924e-03 1.05343052e+00 1.04297780e+00
5.4600 1.92145859e-07 -1.28153261e-08 8.23566843e-09 1.10773698e-08 -2.09451333e-09 -1.89087804e-09 1.98643571e-07 1.94658180e-07 1.02477102e+00 -1.07328153e-02 2.11348393e-02 1.74122152e-02 -4.33842103e-03 -4.61129356e-03 1.05258526e+00 1.04363554e+00
5.4700 1.92091877e-07 -1.20819152e-08 7.86037928e-09 1.21511128e-08 -1.86040374e-09 -1.43360709e-09 2.00021453e-07 1.96727443e-07 1.02448220e+00 -1.01166410e-02 2.01770627e-02 1.91002239e-02 -3.85247286e-03 -3.49631301e-03 1.05364284e+00 1.04629406e+00
5.4800 1.92026511e-07 -1.05466581e-08 7.84901003e-09 1.37640958e-08 -1.62116663e-09 -9.97929358e-10 2.03092959e-07 2.00473863e-07 1.02413333e+00 -8.83019947e-03 2.01536389e-02 2.16384258e-02 -3.35653855e-03 -2.43432951e-03 1.05709519e+00 1.05130432e+00
5.4900 1.91956170e-07 -8.27804798e-09 8.21750967e-09 1.58121849e-08 -1.45594145e-09 -5.83599421e-10 2.07707817e-07 2.05668276e-07 1.02375852e+00 -6.93090789e-03 2.11042851e-02 2.48626345e-02 -3.01399480e-03 -1.42474607e-03 1.06279453e+00 1.05835579e+00
5.5000 1.91887893e-07 -5.54397307e-09 8.86480095e-09 1.80497565e-08 -1.40728308e-09 -2.05176305e-10 2.13258477e-07 2.11646018e-07 1.02339511e+00 -4.64284438e-03 2.27684677e-02 2.83858153e-02 -2.91247296e-03 -5.03149223e-04 1.06990655e+00 1.06649092e+00
5.5100 1.91828138e-07 -2.74087334e-09 9.58680503e-09 2.01387930e-08 -1.45804257e-09 1.12271200e-10 2.18812863e-07 2.17467091e-07 1.02307729e+00 -2.29749069e-03 2.46216470e-02 3.16755246e-02 -3.01617207e-03 2.69244031e-04 1.07707697e+00 1.07433004e+00
5.5200 1.91781274e-07 -2.76603952e-10 1.01215432e-08 2.17344096e-08 -1.52910982e-09 3.43331671e-10 2.23360623e-07 2.22174845e-07 1.02282815e+00 -2.35769418e-04 2.59912160e-02 3.41886458e-02 -3.16129133e-03 8.30473466e-04 1.08277224e+00 1.08044142e+00
5.5300 1.91748225e-07 1.55062231e-09 1.02146942e-08 2.25827451e-08 -1.50054895e-09 4.73570957e-10 2.26096286e-07 2.25069308e-07 1.02265254e+00 1.29316789e-03 2.62248277e-02 3.55255033e-02 -3.09979142e-03 1.14550749e-03 1.08569604e+00 1.08374175e+00
5.5400 1.91725807e-07 2.63289848e-09 9.68816469e-09 2.26012892e-08 -1.25038566e-09 5.06911559e-10 2.26648160e-07 2.25904686e-07 1.02253357e+00 2.19932988e-03 2.48663214e-02 3.55562473e-02 -2.57960382e-03 1.22424851e-03 1.08515547e+00 1.08380011e+00
5.5500 1.91707121e-07 3.06362654e-09 8.49234632e-09 2.19153652e-08 -6.98812297e-10 4.65755750e-10 2.25178459e-07 2.24945402e-07 1.02243467e+00 2.56098461e-03 2.17896605e-02 3.44781750e-02 -1.43599539e-03 1.12177606e-03 1.08126349e+00 1.08094927e+00
5.5600 1.91683019e-07 3.07596135e-09 6.72658227e-09 2.08367662e-08 1.56842693e-10 3.83707609e-10 2.22322329e-07 2.22862879e-07 1.02230736e+00 2.57307484e-03 1.72511968e-02 3.27820001e-02 3.36195705e-04 9.20489699e-04 1.07491363e+00 1.07617031e+00
5.5700 1.91644327e-07 2.93341067e-09 4.62095791e-09 1.97877195e-08 1.22851010e-09 2.93987548e-10 2.18986415e-07 2.20508913e-07 1.02210294e+00 2.45566351e-03 1.18426546e-02 3.11321161e-02 2.55451265e-03 7.01730629e-04 1.06753337e+00 1.07078962e+00
5.5800 1.91584159e-07 2.81556587e-09 2.48337588e-09 1.91900482e-08 2.35064693e-09 2.18577724e-10 2.16073149e-07 2.18642374e-07 1.02178477e+00 2.35838972e-03 6.35506275e-03 3.01921605e-02 4.87638852e-03 5.19211883e-04 1.06069039e+00 1.06608599e+00
5.5900 1.91499632e-07 2.74379030e-09 6.25744048e-10 1.93503659e-08 3.31739739e-09 1.62943269e-10 2.14219533e-07 2.17699873e-07 1.02133733e+00 2.29844207e-03 1.58917707e-03 3.04444055e-02 6.87603990e-03 3.86107508e-04 1.05566935e+00 1.06293150e+00
5.6000 1.91392437e-07 2.57634781e-09 -7.10962232e-10 2.03739187e-08 3.93315298e-09 1.18865253e-10 2.13631741e-07 2.17683759e-07 1.02076922e+00 2.15668731e-03 -1.83686058e-03 3.20542844e-02 8.14903731e-03 2.82000287e-04 1.05314333e+00 1.06157437e+00
5.6100 1.91268097e-07 2.07569359e-09 -1.41276597e-09 2.21317663e-08 4.06190807e-09 7.43967266e-11 2.14062791e-07 2.18199096e-07 1.02010936e+00 1.73417566e-03 -3.63131092e-03 3.48188585e-02 8.41435441e-03 1.77266228e-04 1.05303108e+00 1.06162270e+00
5.6200 1.91134200e-07 1.02261743e-09 -1.51536654e-09 2.42908191e-08 3.66134736e-09 2.66491334e-11 2.14932270e-07 2.18620267e-07 1.01939761e+00 8.47779994e-04 -3.88685228e-03 3.82141573e-02 7.58481789e-03 6.43935831e-05 1.05457269e+00 1.06222190e+00
5.6300 1.90998203e-07 -6.66726725e-10 -1.18841124e-09 2.63984799e-08 2.79245968e-09 -8.55985714e-12 2.15541545e-07 2.18325445e-07 1.01867328e+00 -5.71873127e-04 -3.03999445e-03 4.15283740e-02 5.78692859e-03 -1.83651368e-05 1.05658978e+00 1.06235835e+00
5.6400 1.90865564e-07 -2.86704531e-09 -6.86981774e-10 2.79985585e-08 1.60292873e-09 4.59451454e-12 2.15310096e-07 2.16917619e-07 1.01796529e+00 -2.41880881e-03 -1.74637277e-03 4.40441907e-02 3.32644259e-03 1.62488392e-05 1.05784430e+00 1.06118699e+00
5.6500 1.90738791e-07 -5.24432206e-09 -2.84568237e-10 2.87470249e-08 2.90136286e-10 1.12745557e-10 2.13956926e-07 2.14359807e-07 1.01728720e+00 -4.41231041e-03 -7.08593536e-04 4.52207921e-02 6.11789070e-04 2.82060311e-04 1.05738709e+00 1.05828094e+00
5.6600 1.90617629e-07 -7.33441745e-09 -2.06039948e-10 2.84970953e-08 -9.45029705e-10 3.55755994e-10 2.11574267e-07 2.10984993e-07 1.01663814e+00 -6.16300211e-03 -5.04152526e-04 4.48276076e-02 -1.94151916e-03 8.76508092e-04 1.05479859e+00 1.05373358e+00
5.6700 1.90500181e-07 -8.67514433e-09 -5.77937949e-10 2.73324085e-08 -1.94072553e-09 7.46725959e-10 2.08579507e-07 2.07385507e-07 1.01600873e+00 -7.28364678e-03 -1.45788318e-03 4.29964017e-02 -3.99892306e-03 1.83176362e-03 1.05026360e+00 1.04809644e+00
5.6800 1.90384386e-07 -8.94726202e-09 -1.40746303e-09 2.55416141e-08 -2.60248035e-09 1.25740297e-09 2.05571275e-07 2.04226198e-07 1.01538878e+00 -7.50729014e-03 -3.58809892e-03 4.01812406e-02 -5.36540908e-03 3.07902323e-03 1.04447463e+00 1.04218825e+00
5.6900 1.90269167e-07 -8.07606035e-09 -2.59284880e-09 2.35432318e-08 -2.91182123e-09 1.81575323e-09 2.03143490e-07 2.02047422e-07 1.01477319e+00 -6.77225696e-03 -6.63329886e-03 3.70402915e-02 -6.00330791e-03 4.44250376e-03 1.03840793e+00 1.03684712e+00
5.7000 1.90154702e-07 -6.25875308e-09 -3.95910596e-09 2.17819027e-08 -2.91580327e-09 2.31865981e-09 2.01718746e-07 2.01121603e-07 1.01416326e+00 -5.24488991e-03 -1.01439740e-02 3.42726729e-02 -6.01055681e-03 5.67040465e-03 1.03304707e+00 1.03270691e+00
5.7100 1.90041676e-07 -3.90864433e-09 -5.30692653e-09 2.06231354e-08 -2.70317719e-09 2.65740775e-09 2.01449241e-07 2.01403471e-07 1.01356258e+00 -3.27251541e-03 -1.36081608e-02 3.24529682e-02 -5.57128922e-03 6.49713551e-03 1.02913487e+00 1.03006071e+00
5.7200 1.89929825e-07 -1.53550185e-09 -6.46042586e-09 2.02723282e-08 -2.37566036e-09 2.74868031e-09 2.02206226e-07 2.02579246e-07 1.01296932e+00 -1.28298332e-03 -1.65739868e-02 3.19039282e-02 -4.89628199e-03 6.71904330e-03 1.02701627e+00 1.02883904e+00
5.7300 1.89816461e-07 3.97470380e-10 -7.30159410e-09 2.07362148e-08 -2.02263762e-09 2.56108848e-09 2.03648552e-07 2.04187003e-07 1.01236846e+00 3.35322422e-04 -1.87380989e-02 3.26358793e-02 -4.17051103e-03 6.25926341e-03 1.02660156e+00 1.02869031e+00
5.7400 1.89695767e-07 1.59345117e-09 -7.78472967e-09 2.18334219e-08 -1.70509590e-09 2.12793896e-09 2.05337911e-07 2.05760754e-07 1.01172822e+00 1.33391896e-03 -1.99827266e-02 3.43633448e-02 -3.51985160e-03 5.19897818e-03 1.02744276e+00 1.02912189e+00
5.7500 1.89559450e-07 1.98218926e-09 -7.93076496e-09 2.32486947e-08 -1.45086357e-09 1.54099001e-09 2.06859569e-07 2.06949695e-07 1.01100377e+00 1.65458587e-03 -2.03611628e-02 3.65903244e-02 -3.00123244e-03 3.76223883e-03 1.02888752e+00 1.02964852e+00
5.7600 1.89398852e-07 1.70639561e-09 -7.80712211e-09 2.46154746e-08 -1.25964752e-09 9.26104282e-10 2.07913600e-07 2.07580057e-07 1.01014860e+00 1.41781124e-03 -2.00461312e-02 3.87401532e-02 -2.61313686e-03 2.25655068e-03 1.03026043e+00 1.02990385e+00
5.7700 1.89208041e-07 1.04600619e-09 -7.50191333e-09 2.56059196e-08 -1.11400838e-09 4.07910027e-10 2.08358053e-07 2.07651955e-07 1.00913112e+00 8.59138725e-04 -1.92636439e-02 4.02970803e-02 -2.31845788e-03 9.86575625e-04 1.03102369e+00 1.02969181e+00
5.7800 1.88986909e-07 3.11978143e-10 -7.10126619e-09 2.60069972e-08 -9.91754372e-10 7.46410693e-11 2.08204618e-07 2.07287505e-07 1.00795112e+00 2.39991703e-04 -1.82348587e-02 4.09259657e-02 -2.07032928e-03 1.68228486e-04 1.03088222e+00 1.02898012e+00
5.7900 1.88743141e-07 -2.51347867e-10 -6.67574198e-09 2.57655839e-08 -8.76073116e-10 -4.52813945e-11 2.07581635e-07 2.06660280e-07 1.00665017e+00 -2.34282263e-04 -1.71412272e-02 4.05432566e-02 -1.83327653e-03 -1.28586520e-04 1.02981791e+00 1.02785605e+00
5.8000 1.88492109e-07 -5.23360373e-10 -6.27750550e-09 2.49933134e-08 -7.61403958e-10 1.30711033e-11 2.06684556e-07 2.05936223e-07 1.00531084e+00 -4.62346943e-04 -1.61171747e-02 3.93246666e-02 -1.59550998e-03 1.09459985e-05 1.02805598e+00 1.02647142e+00
5.8100 1.88254343e-07 -5.09741811e-10 -5.94572492e-09 2.39314062e-08 -6.54787033e-10 1.68745385e-10 2.05730282e-07 2.05244240e-07 1.00404305e+00 -4.49038814e-04 -1.52638466e-02 3.76498962e-02 -1.37177893e-03 3.89474050e-04 1.02598006e+00 1.02499775e+00
5.8200 1.88050969e-07 -2.97889729e-10 -5.71503615e-09 2.28848665e-08 -5.73608492e-10 3.28163774e-10 2.04922909e-07 2.04677464e-07 1.00295960e+00 -2.67968991e-04 -1.46706889e-02 3.59991334e-02 -1.19867176e-03 7.78633938e-04 1.02402007e+00 1.02360004e+00
5.8300 1.87898248e-07 1.06770657e-11 -5.62153519e-09 2.21423861e-08 -5.41072366e-10 4.22878682e-10 2.04429776e-07 2.04311582e-07 1.00214703e+00 -4.80133263e-06 -1.44306921e-02 3.48270180e-02 -1.12512219e-03 1.01122813e-03 1.02253855e+00 1.02242466e+00
5.8400 1.87802747e-07 3.60682410e-10 -5.70255007e-09 2.19015682e-08 -5.80536078e-10 4.38802529e-10 2.04362447e-07 2.04220714e-07 1.00163991e+00 2.93431179e-04 -1.46397186e-02 3.44449221e-02 -1.20050333e-03 1.05262808e-03 1.02173854e+00 1.02159067e+00
5.8500 1.87758640e-07 7.71985435e-10 -5.98953816e-09 2.22178917e-08 -7.09445253e-10 4.26388134e-10 2.04758979e-07 2.04475922e-07 1.00140661e+00 6.42643362e-04 -1.53782638e-02 3.49405494e-02 -1.46187534e-03 1.02569222e-03 1.02161154e+00 1.02117535e+00
5.8600 1.87748132e-07 1.32768669e-09 -6.49661792e-09 2.29902487e-08 -9.33386101e-10 4.87369298e-10 2.05569449e-07 2.05123432e-07 1.00135175e+00 1.11183092e-03 -1.66820959e-02 3.61550728e-02 -1.92150530e-03 1.17846209e-03 1.02193656e+00 1.02119352e+00
5.8700 1.87745117e-07 2.12956600e-09 -7.20930991e-09 2.39869679e-08 -1.24092541e-09 7.41460316e-10 2.06652341e-07 2.06152876e-07 1.00133589e+00 1.78581380e-03 -1.85134975e-02 3.77240049e-02 -2.55608268e-03 1.80291635e-03 1.02233221e+00 1.02157904e+00
5.8800 1.87721259e-07 3.24193152e-09 -8.07833078e-09 2.49059531e-08 -1.60032443e-09 1.28327924e-09 2.07790812e-07 2.07473767e-07 1.00120799e+00 2.71824567e-03 -2.07454993e-02 3.91718083e-02 -3.29989678e-03 3.12983182e-03 1.02235254e+00 1.02218248e+00
5.8900 1.87652904e-07 4.64863643e-09 -9.02173127e-09 2.54534555e-08 -1.95956310e-09 2.14339592e-09 2.08733264e-07 2.08917097e-07 1.00084236e+00 3.89562642e-03 -2.31675064e-02 4.00358930e-02 -4.04494555e-03 5.23368668e-03 1.02160637e+00 1.02279512e+00
5.9000 1.87526973e-07 6.24152242e-09 -9.93591262e-09 2.54205710e-08 -2.25101213e-09 3.26655446e-09 2.09253153e-07 2.10268696e-07 1.00016991e+00 5.22761127e-03 -2.55136449e-02 3.99870891e-02 -4.65072164e-03 7.97947145e-03 1.01987097e+00 1.02319972e+00
5.9100 1.87344170e-07 7.84504734e-09 -1.07131000e-08 2.47365931e-08 -2.40131265e-09 4.51499930e-09 2.09212710e-07 2.11326397e-07 9.99195081e-01 6.56759969e-03 -2.75075948e-02 3.89137218e-02 -4.96479969e-03 1.10307790e-02 1.01716881e+00 1.02323479e+00
5.9200 1.87118610e-07 9.26711640e-09 -1.12607261e-08 2.34842561e-08 -2.34562875e-09 5.69707319e-09 2.08609256e-07 2.11960701e-07 9.97993677e-01 7.75524475e-03 -2.89122420e-02 3.69457034e-02 -4.85246195e-03 1.39195985e-02 1.01378238e+00 1.02284952e+00
5.9300 1.86873966e-07 1.03561183e-08 -1.15175777e-08 2.18723988e-08 -2.04380374e-09 6.61334802e-09 2.07584906e-07 2.12154450e-07 9.96692125e-01 8.66413779e-03 -2.95709717e-02 3.44115684e-02 -4.23022347e-03 1.61589304e-02 1.01019686e+00 1.02212557e+00
5.9400 1.86637209e-07 1.10426351e-08 -1.14626314e-08 2.01738500e-08 -1.49464589e-09 7.10703595e-09 2.06391063e-07 2.12003453e-07 9.95434019e-01 9.23664726e-03 -2.94301923e-02 3.17407150e-02 -3.09543135e-03 1.73658727e-02 1.00698119e+00 1.02125163e+00
5.9500 1.86431703e-07 1.13514253e-08 -1.11148228e-08 1.86468053e-08 -7.44153252e-10 7.10405379e-09 2.05315111e-07 2.11675012e-07 9.94343332e-01 9.49386847e-03 -2.85386294e-02 2.93396096e-02 -1.54326658e-03 1.73594642e-02 1.00463818e+00 1.02045438e+00
5.9600 1.86271577e-07 1.13817462e-08 -1.05247325e-08 1.74632817e-08 1.15712323e-10 6.63127347e-09 2.04591872e-07 2.11338858e-07 9.93494502e-01 9.51908741e-03 -2.70259483e-02 2.74790944e-02 2.35852683e-04 1.62052773e-02 1.00346674e+00 1.01990787e+00
5.9700 1.86158865e-07 1.12665719e-08 -9.76140699e-09 1.66664458e-08 9.59122494e-10 5.80811980e-09 2.04330476e-07 2.11097718e-07 9.92897425e-01 9.42361367e-03 -2.50689761e-02 2.62271429e-02 1.98138284e-03 1.41949344e-02 1.00347921e+00 1.01965552e+00
5.9800 1.86084125e-07 1.11286655e-08 -8.89856152e-09 1.61699070e-08 1.64807514e-09 4.81462364e-09 2.04484136e-07 2.10946835e-07 9.92500947e-01 9.31003123e-03 -2.28564035e-02 2.54476944e-02 3.40761699e-03 1.17681227e-02 1.00440227e+00 1.01957801e+00
5.9900 1.86030178e-07 1.10510152e-08 -8.00396853e-09 1.57988823e-08 2.05970442e-09 3.84578827e-09 2.04876107e-07 2.10781600e-07 9.92213016e-01 9.24751979e-03 -2.05616962e-02 2.48654500e-02 4.26024454e-03 9.40116769e-03 1.00576429e+00 1.01942570e+00
6.0000 1.85977764e-07 1.10713954e-08 -7.13418017e-09 1.53595672e-08 2.11330567e-09 3.06562457e-09 2.05274547e-07 2.10453477e-07 9.91930924e-01 9.26739940e-03 -1.83296841e-02 2.41751151e-02 4.37228295e-03 7.49477365e-03 1.00704375e+00 1.01891081e+00
6.0100 1.85911364e-07 1.11993713e-08 -6.33452066e-09 1.47135049e-08 1.79063612e-09 2.57350274e-09 2.05489719e-07 2.09853858e-07 9.91572373e-01 9.37745769e-03 -1.62766241e-02 2.31585474e-02 3.70605719e-03 6.29181848e-03 1.00783175e+00 1.01782963e+00
6.0200 1.85823490e-07 1.14439460e-08 -5.64232804e-09 1.38315945e-08 1.14415129e-09 2.39097654e-09 2.05456702e-07 2.08991830e-07 9.91098240e-01 9.58514899e-03 -1.44985295e-02 2.17698620e-02 2.37018766e-03 5.84513043e-03 1.00795472e+00 1.01617004e+00
6.0300 1.85716248e-07 1.18356022e-08 -5.09041495e-09 1.28086507e-08 2.90375593e-10 2.47056122e-09 2.05270086e-07 2.08031023e-07 9.90520727e-01 9.91604083e-03 -1.30799890e-02 2.01584105e-02 6.05808644e-04 6.03887814e-03 1.00751519e+00 1.01415988e+00
6.0400 1.85599841e-07 1.24295471e-08 -4.70797843e-09 1.18323630e-08 -6.11005063e-10 2.72130436e-09 2.05153772e-07 2.07264072e-07 9.89895178e-01 1.04164650e-02 -1.20963876e-02 1.86199311e-02 -1.25674485e-03 6.65098619e-03 1.00683519e+00 1.01222943e+00
6.0500 1.85488617e-07 1.32861420e-08 -4.51757809e-09 1.11160267e-08 -1.38833168e-09 3.04146780e-09 2.05373208e-07 2.07026344e-07 9.89298831e-01 1.11370305e-02 -1.16060227e-02 1.74906093e-02 -2.86249271e-03 7.43294243e-03 1.00632045e+00 1.01089090e+00
6.0600 1.85395987e-07 1.44357535e-08 -4.52877497e-09 1.08173488e-08 -1.89286630e-09 3.34752839e-09 2.06120314e-07 2.07574976e-07 9.88803590e-01 1.21030970e-02 -1.16336740e-02 1.70191675e-02 -3.90399229e-03 8.18064345e-03 1.00629218e+00 1.01056883e+00
6.0700 1.85329826e-07 1.58436629e-08 -4.73082408e-09 1.09714610e-08 -2.02972662e-09 3.59112226e-09 2.07414126e-07 2.08975522e-07 9.88451478e-01 1.32853404e-02 -1.21517975e-02 1.72612979e-02 -4.18528919e-03 8.77581796e-03 1.00684632e+00 1.01143685e+00
6.0800 1.85289795e-07 1.73924193e-08 -5.08774752e-09 1.14627105e-08 -1.77789340e-09 3.76046718e-09 2.09057178e-07 2.11039751e-07 9.88240379e-01 1.45849964e-02 -1.30678941e-02 1.80351486e-02 -3.66323277e-03 9.18955135e-03 1.00779263e+00 1.01331895e+00
6.0900 1.85267365e-07 1.88931148e-08 -5.53879189e-09 1.20476479e-08 -1.19467566e-09 3.86841514e-09 2.10669336e-07 2.13343075e-07 9.88124287e-01 1.58433948e-02 -1.42257565e-02 1.89574477e-02 -2.45663005e-03 9.45315104e-03 1.00869937e+00 1.01569589e+00
6.1000 1.85248504e-07 2.01257089e-08 -6.00574570e-09 1.24246726e-08 -4.03495717e-10 3.93370081e-09 2.11793140e-07 2.15323345e-07 9.88027757e-01 1.68758723e-02 -1.54243552e-02 1.95531370e-02 -8.20908559e-04 9.61237380e-03 1.00903241e+00 1.01782388e+00
6.1100 1.85218158e-07 2.08963376e-08 -6.40634672e-09 1.23295832e-08 4.32351070e-10 3.96375757e-09 2.12037732e-07 2.16433841e-07 9.87869895e-01 1.75199139e-02 -1.64523568e-02 1.94058502e-02 9.06199083e-04 9.68545330e-03 1.00834330e+00 1.01893495e+00
6.1200 1.85165103e-07 2.10915890e-08 -6.67080094e-09 1.16263396e-08 1.14409538e-09 3.94621225e-09 2.11212231e-07 2.16302539e-07 9.87590357e-01 1.76807102e-02 -1.71305974e-02 1.83009017e-02 2.37580136e-03 9.64229759e-03 1.00644137e+00 1.01845947e+00
6.1300 1.85085683e-07 2.07095134e-08 -6.75703951e-09 1.03622784e-08 1.59232841e-09 3.85243385e-09 2.09400436e-07 2.14845198e-07 9.87169295e-01 1.73571509e-02 -1.73512636e-02 1.63123353e-02 3.29985108e-03 9.41310927e-03 1.00348752e+00 1.01620048e+00
6.1400 1.84985258e-07 1.98550909e-08 -6.66028415e-09 8.76723530e-09 1.69450986e-09 3.65169393e-09 2.06947300e-07 2.12293504e-07 9.86635122e-01 1.66379520e-02 -1.71024056e-02 1.38016557e-02 3.50796511e-03 8.92292166e-03 9.99972324e-01 1.01240321e+00
6.1500 1.84876926e-07 1.87010724e-08 -6.41386942e-09 7.19348891e-09 1.43919537e-09 3.33030300e-09 2.04357618e-07 2.09127116e-07 9.86057670e-01 1.56686995e-02 -1.64699593e-02 1.13233549e-02 2.97676912e-03 8.13830114e-03 9.96579765e-01 1.00769484e+00
6.1600 1.84777875e-07 1.74284304e-08 -6.08070011e-09 6.01260749e-09 8.84255274e-10 2.90795300e-09 2.02138213e-07 2.05930421e-07 9.85528738e-01 1.46017718e-02 -1.56157051e-02 9.46253634e-03 1.82614946e-03 7.10724995e-03 9.93977341e-01 1.00291074e+00
6.1700 1.84704459e-07 1.61687460e-08 -5.73746012e-09 5.49989889e-09 1.40204239e-10 2.44413152e-09 2.00635644e-07 2.03219979e-07 9.85135793e-01 1.35478915e-02 -1.47366256e-02 8.65296487e-03 2.84747080e-04 5.97488751e-03 9.92600024e-01 9.98859658e-01
6.1800 1.84667434e-07 1.49703368e-08 -5.45586604e-09 5.74232874e-09 -6.56738995e-10 2.03065063e-09 1.99924233e-07 2.01298145e-07 9.84936566e-01 1.25476224e-02 -1.40167127e-02 9.03201834e-03 -1.36574664e-03 4.96524027e-03 9.92499494e-01 9.96098988e-01
6.1900 1.84668764e-07 1.38007752e-08 -5.28616431e-09 6.59958505e-09 -1.37498680e-09 1.77099101e-09 1.99782960e-07 2.00178965e-07 9.84941994e-01 1.15734416e-02 -1.35845896e-02 1.03792870e-02 -2.85328028e-03 4.33084048e-03 9.93310133e-01 9.94787693e-01
6.2000 1.84700919e-07 1.25840758e-08 -5.24738816e-09 7.73219753e-09 -1.91399755e-09 1.75177029e-09 1.99769804e-07 1.99607577e-07 9.85112399e-01 1.05609535e-02 -1.34885498e-02 1.21607429e-02 -3.97000862e-03 4.28308749e-03 9.94345545e-01 9.94658624e-01
6.2100 1.84748835e-07 1.12568491e-08 -5.32681004e-09 8.69016945e-09 -2.22091110e-09 2.01470076e-09 1.99369044e-07 1.99162833e-07 9.85367920e-01 9.45607532e-03 -1.36952577e-02 1.36682006e-02 -4.60664048e-03 4.92379094e-03 9.94796938e-01 9.95114089e-01
6.2200 1.84793969e-07 9.81971215e-09 -5.48818979e-09 9.03689376e-09 -2.29445120e-09 2.53790275e-09 1.98162385e-07 1.98405836e-07 9.85609994e-01 8.25829600e-03 -1.41110640e-02 1.42143679e-02 -4.76047937e-03 6.19954574e-03 9.93971594e-01 9.95410661e-01
6.2300 1.84819221e-07 8.36156632e-09 -5.68572466e-09 8.47210973e-09 -2.17664111e-09 3.23318403e-09 1.95967172e-07 1.97023715e-07 9.85747555e-01 7.04120466e-03 -1.46179599e-02 1.33264264e-02 -4.51829712e-03 7.89508290e-03 9.91497226e-01 9.94874012e-01
6.2400 1.84813328e-07 7.04473526e-09 -5.87891452e-09 6.91776348e-09 -1.93596370e-09 3.96152139e-09 1.92896912e-07 1.94922470e-07 9.85720363e-01 5.94019033e-03 -1.51118502e-02 1.08812468e-02 -4.02154654e-03 9.67106302e-03 9.87429950e-01 9.93079466e-01
6.2500 1.84773467e-07 6.05454162e-09 -6.04341202e-09 4.54177702e-09 -1.64740495e-09 4.56376628e-09 1.89326373e-07 1.92242735e-07 9.85512895e-01 5.11028170e-03 -1.55304574e-02 7.14287211e-03 -3.42514739e-03 1.11390446e-02 9.82235592e-01 9.89949489e-01
6.2600 1.84705399e-07 5.53164904e-09 -6.17438471e-09 1.71333963e-09 -1.37491016e-09 4.89906154e-09 1.85776003e-07 1.89300154e-07 9.85155152e-01 4.66947216e-03 -1.58619246e-02 2.69220106e-03 -2.86126012e-03 1.19552833e-02 9.76654901e-01 9.85748924e-01
6.2700 1.84621202e-07 5.51353391e-09 -6.28150723e-09 -1.09643200e-09 -1.16026579e-09 4.88092222e-09 1.82756797e-07 1.86477453e-07 9.84710694e-01 4.64962742e-03 -1.61318542e-02 -1.72934418e-03 -2.41632785e-03 1.19088260e-02 9.71499123e-01 9.80991621e-01
6.2800 1.84535371e-07 5.90936108e-09 -6.37759059e-09 -3.43898852e-09 -1.01991536e-09 4.50114648e-09 1.80628153e-07 1.84109384e-07 9.84256010e-01 4.97533442e-03 -1.63739545e-02 -5.41576916e-03 -2.12449561e-03 1.09798821e-02 9.67441620e-01 9.76297007e-01
6.2900 1.84460513e-07 6.52076654e-09 -6.46509955e-09 -5.00212143e-09 -9.48629402e-10 3.83465759e-09 1.79514058e-07 1.82400087e-07 9.83857768e-01 5.48119277e-03 -1.65952444e-02 -7.87560164e-03 -1.97517396e-03 9.35162100e-03 9.64868115e-01 9.72244562e-01
6.3000 1.84403980e-07 7.10383319e-09 -6.52566595e-09 -5.68159767e-09 -9.27145619e-10 3.02326027e-09 1.79300550e-07 1.81396664e-07 9.83554984e-01 5.96362322e-03 -1.67489739e-02 -8.94466772e-03 -1.92879301e-03 7.37047066e-03 9.63824966e-01 9.69266643e-01
6.3100 1.84366424e-07 7.45136212e-09 -6.51687573e-09 -5.59277672e-09 -9.30402640e-10 2.24182388e-09 1.79708134e-07 1.81019555e-07 9.83351401e-01 6.24970009e-03 -1.67262832e-02 -8.80440148e-03 -1.93377959e-03 5.46349901e-03 9.64070416e-01 9.67600136e-01
6.3200 1.84342675e-07 7.46566737e-09 -6.37833084e-09 -5.02247210e-09 -9.33815068e-10 1.65511284e-09 1.80407539e-07 1.81128837e-07 9.83220130e-01 6.25807089e-03 -1.63717657e-02 -7.90609699e-03 -1.93949320e-03 4.03296221e-03 9.65200338e-01 9.67293807e-01
6.3300 1.84324581e-07 7.19421645e-09 -6.04597475e-09 -4.33839332e-09 -9.16677687e-10 1.37612158e-09 1.81134429e-07 1.81593873e-07 9.83118668e-01 6.02877416e-03 -1.55203430e-02 -6.82839080e-03 -1.90324225e-03 3.35454493e-03 9.66798709e-01 9.68250011e-01
6.3400 1.84304848e-07 6.81308170e-09 -5.47087387e-09 -3.88447963e-09 -8.63450829e-10 1.43663105e-09 1.81762577e-07 1.82335757e-07 9.83009151e-01 5.70935627e-03 -1.40456529e-02 -6.11253982e-03 -1.79293546e-03 3.50547376e-03 9.68560315e-01 9.70272853e-01
6.3500 1.84280584e-07 6.56192914e-09 -4.63696294e-09 -3.89243107e-09 -7.64609287e-10 1.77779418e-09 1.82313119e-07 1.83326304e-07 9.82877008e-01 5.50040768e-03 -1.19058081e-02 -6.12319665e-03 -1.58884127e-03 4.34157383e-03 9.70348411e-01 9.73101143e-01
6.3600 1.84255340e-07 6.65230443e-09 -3.57223815e-09 -4.43277675e-09 -6.18529953e-10 2.26359727e-09 1.82902629e-07 1.84547697e-07 9.82741656e-01 5.57875035e-03 -9.17230798e-03 -6.97141632e-03 -1.28749776e-03 5.53021621e-03 9.72176682e-01 9.76419400e-01
6.3700 1.84238909e-07 7.18155099e-09 -2.34955279e-09 -5.41561467e-09 -4.34675445e-10 2.71427467e-09 1.83655293e-07 1.85934892e-07 9.82655307e-01 6.02536923e-03 -6.03218096e-03 -8.51583792e-03 -9.08300639e-04 6.63200566e-03 9.74132658e-01 9.79856363e-01
6.3800 1.84244838e-07 8.08372099e-09 -1.07604079e-09 -6.63609790e-09 -2.36720080e-10 2.95163184e-09 1.84616420e-07 1.87331332e-07 9.82689691e-01 6.78436300e-03 -2.76082483e-03 -1.04342784e-02 -4.99972071e-04 7.21154293e-03 9.76278951e-01 9.82990521e-01
6.3900 1.84286328e-07 9.13643245e-09 1.26596787e-10 -7.84741199e-09 -6.31162606e-11 2.84506385e-09 1.85701945e-07 1.88483893e-07 9.82914331e-01 7.66878747e-03 3.28718176e-04 -1.23385704e-02 -1.41744009e-04 6.94985954e-03 9.78573266e-01 9.85381382e-01
6.4000 1.84371757e-07 1.00231111e-08 1.14611889e-09 -8.83775958e-09 3.73650823e-11 2.34667467e-09 1.86703227e-07 1.89087267e-07 9.83372849e-01 8.41290822e-03 2.94763745e-03 -1.38956796e-02 6.58348740e-05 5.73019431e-03 9.80837715e-01 9.86633744e-01
6.4100 1.84501188e-07 1.04304175e-08 1.90205336e-09 -9.48899019e-09 1.61215597e-11 1.50644741e-09 1.87344669e-07 1.88867238e-07 9.84064624e-01 8.75391873e-03 4.88884013e-03 -1.49199107e-02 2.25350645e-05 3.67500717e-03 9.82787472e-01 9.86485015e-01
6.4200 1.84665030e-07 1.01479860e-08 2.36075599e-09 -9.80194039e-09 -1.60261379e-10 4.63293485e-10 1.87371831e-07 1.87674863e-07 9.84937830e-01 8.51555889e-03 6.06578254e-03 -1.54127138e-02 -3.40562454e-04 1.12404731e-03 9.84106457e-01 9.84889942e-01
6.4300 1.84845362e-07 9.13648071e-09 2.53970968e-09 -9.88449353e-09 -4.94539271e-10 -5.86180320e-10 1.86637059e-07 1.85556340e-07 9.85896679e-01 7.66513591e-03 6.52358208e-03 -1.55438329e-02 -1.02914139e-03 -1.44201619e-03 9.84541564e-01 9.82070406e-01
6.4400 1.85019715e-07 7.54083580e-09 2.50046243e-09 -9.90931376e-09 -9.48488813e-10 -1.43371143e-09 1.85151700e-07 1.82769499e-07 9.86821587e-01 6.32455857e-03 6.42083993e-03 -1.55847641e-02 -1.96435544e-03 -3.51412391e-03 9.83982221e-01 9.78503742e-01
6.4500 1.85166321e-07 5.64448576e-09 2.33253308e-09 -1.00560420e-08 -1.44291295e-09 -1.90893703e-09 1.83087297e-07 1.79735447e-07 9.87597136e-01 4.73188080e-03 5.98816375e-03 -1.58178122e-02 -2.98283882e-03 -4.67592176e-03 9.82499368e-01 9.74840608e-01
6.4600 1.85269438e-07 3.78064236e-09 2.13273602e-09 -1.04556127e-08 -1.87054405e-09 -1.92018620e-09 1.80727203e-07 1.76936473e-07 9.88140304e-01 3.16683140e-03 5.47486263e-03 -1.64485359e-02 -3.86332970e-03 -4.70342018e-03 9.80333462e-01 9.71766712e-01
6.4700 1.85323269e-07 2.23105869e-09 1.98515023e-09 -1.11520478e-08 -2.12028426e-09 -1.47636204e-09 1.78387430e-07 1.74790784e-07 9.88421162e-01 1.86586729e-03 5.09729466e-03 -1.75457351e-02 -4.37668270e-03 -3.61843338e-03 9.77838589e-01 9.69843473e-01
6.4800 1.85333373e-07 1.14625391e-09 1.94627417e-09 -1.20908737e-08 -2.10690390e-09 -6.84509757e-10 1.76335028e-07 1.73543614e-07 9.88470214e-01 9.55248953e-04 5.00059522e-03 -1.90233416e-02 -4.34713623e-03 -1.68260580e-03 9.75402717e-01 9.69372975e-01
6.4900 1.85315158e-07 5.12833172e-10 2.03809534e-09 -1.31353527e-08 -1.79743167e-09 2.76187136e-10 1.74730734e-07 1.73209490e-07 9.88370208e-01 4.23639564e-04 5.24083940e-03 -2.06660547e-02 -3.70674608e-03 6.66148322e-04 9.73368633e-01 9.70328035e-01
6.5000 1.85289847e-07 1.76549327e-10 2.24948964e-09 -1.41043462e-08 -1.22529934e-09 1.19728094e-09 1.73611540e-07 1.73583521e-07 9.88234547e-01 1.41479163e-04 5.78871966e-03 -2.21889602e-02 -2.52454644e-03 2.91841157e-03 9.71975785e-01 9.72369650e-01
6.5100 1.85279006e-07 -8.96549814e-11 2.54426680e-09 -1.48206504e-08 -4.86267181e-10 1.88989299e-09 1.72912967e-07 1.74316593e-07 9.88178096e-01 -8.18965398e-05 6.55039120e-03 -2.33135611e-02 -9.98118600e-04 4.61257615e-03 9.71333029e-01 9.74947487e-01
6.5200 1.85299108e-07 -4.98302899e-10 2.87286154e-09 -1.51569969e-08 2.84444109e-10 2.22724163e-09 1.72516669e-07 1.75028355e-07 9.88288253e-01 -4.24938032e-04 7.39772632e-03 -2.38400681e-02 5.93608679e-04 5.43874402e-03 9.71420973e-01 9.77453325e-01
6.5300 1.85357581e-07 -1.17174438e-09 3.18439692e-09 -1.50685269e-08 9.48218919e-10 2.17045147e-09 1.72301707e-07 1.75420377e-07 9.88603956e-01 -9.90384020e-04 8.19950422e-03 -2.36983694e-02 1.96477122e-03 5.30178186e-03 9.72114707e-01 9.79381260e-01
6.5400 1.85451350e-07 -2.10347370e-09 3.43651888e-09 -1.46046259e-08 1.40187939e-09 1.77176943e-09 1.72179769e-07 1.75353418e-07 9.89108041e-01 -1.77277668e-03 8.84679519e-03 -2.29665231e-02 2.90266720e-03 4.32918762e-03 9.73215537e-01 9.80447392e-01
6.5500 1.85568191e-07 -3.16732684e-09 3.60163327e-09 -1.38982978e-08 1.60716693e-09 1.15529722e-09 1.72104199e-07 1.74866663e-07 9.89734595e-01 -2.66616476e-03 9.26899026e-03 -2.18539510e-02 3.32853692e-03 2.82404120e-03 9.74483470e-01 9.80636048e-01
6.5600 1.85690449e-07 -4.16806527e-09 3.66946112e-09 -1.31364830e-08 1.60104323e-09 4.81154499e-10 1.72055361e-07 1.74137559e-07 9.90388878e-01 -3.50655504e-03 9.44026055e-03 -2.06547140e-02 3.31875251e-03 1.17748493e-03 9.75667870e-01 9.80164107e-01
6.5700 1.85800034e-07 -4.91270171e-09 3.64671912e-09 -1.25187970e-08 1.48272978e-09 -9.69448154e-11 1.72015254e-07 1.73401039e-07 9.90974065e-01 -4.13179495e-03 9.37855525e-03 -1.96826468e-02 3.07801320e-03 -2.34887424e-04 9.76538178e-01 9.79381304e-01
6.5800 1.85883321e-07 -5.27593585e-09 3.55500445e-09 -1.22143844e-08 1.38084148e-09 -4.69438913e-10 1.71948005e-07 1.72859407e-07 9.91417416e-01 -4.43653615e-03 9.13996795e-03 -1.92035807e-02 2.87149052e-03 -1.14522915e-03 9.76917267e-01 9.78643528e-01
6.5900 1.85934650e-07 -5.23696656e-09 3.42766612e-09 -1.23266309e-08 1.41063431e-09 -5.94490310e-10 1.71798718e-07 1.72614862e-07 9.91688968e-01 -4.40319061e-03 8.81054234e-03 -1.93799531e-02 2.93661566e-03 -1.45103776e-03 9.76716366e-01 9.78201944e-01
6.6000 1.85957569e-07 -4.87679344e-09 3.30586329e-09 -1.28734519e-08 1.63496240e-09 -5.02113106e-10 1.71513187e-07 1.72646036e-07 9.91808104e-01 -4.09972372e-03 8.49607815e-03 -2.02399008e-02 3.40257056e-03 -1.22528097e-03 9.75964558e-01 9.78141847e-01
6.6100 1.85963594e-07 -4.34018314e-09 3.23353050e-09 -1.37872218e-08 2.04168707e-09 -2.79020281e-10 1.71069720e-07 1.72832387e-07 9.91836869e-01 -3.64776641e-03 8.30923317e-03 -2.16771919e-02 4.24377094e-03 -6.79450278e-04 9.74821143e-01 9.78385464e-01
6.6200 1.85968951e-07 -3.77908418e-09 3.25091025e-09 -1.49338634e-08 2.54514476e-09 -3.94634815e-11 1.70506913e-07 1.73012595e-07 9.91862448e-01 -3.17511490e-03 8.35303109e-03 -2.34812249e-02 5.28301782e-03 -9.24084446e-05 9.73559139e-01 9.78749749e-01
6.6300 1.85990257e-07 -3.29993945e-09 3.38679365e-09 -1.61461502e-08 3.01149616e-09 1.09260729e-10 1.69930961e-07 1.73051718e-07 9.91974024e-01 -2.77145334e-03 8.70109117e-03 -2.53893152e-02 6.24392076e-03 2.73801123e-04 9.72514346e-01 9.79032068e-01
6.6400 1.86040349e-07 -2.93435278e-09 3.65048248e-09 -1.72629006e-08 3.29993565e-09 9.71025356e-11 1.69493578e-07 1.72890616e-07 9.92240365e-01 -2.46363978e-03 9.37712675e-03 -2.71482116e-02 6.83600887e-03 2.47910543e-04 9.72005641e-01 9.79089560e-01
6.6500 1.86125317e-07 -2.64247771e-09 4.02538561e-09 -1.81643277e-08 3.30650081e-09 -9.04299753e-11 1.69343897e-07 1.72559968e-07 9.92693956e-01 -2.21844363e-03 1.03385771e-02 -2.85695708e-02 6.84514129e-03 -2.05836424e-04 9.72244518e-01 9.78883823e-01
6.6600 1.86243446e-07 -2.34542450e-09 4.46663466e-09 -1.87948258e-08 2.99638837e-09 -4.09998163e-10 1.69569831e-07 1.72156221e-07 9.93325319e-01 -1.96965958e-03 1.14704736e-02 -2.95657204e-02 6.20012560e-03 -9.82077278e-04 9.73260413e-01 9.78478461e-01
6.6700 1.86386190e-07 -1.97195228e-09 4.90478679e-09 -1.91677946e-08 2.41455578e-09 -7.73729922e-10 1.70151230e-07 1.71792056e-07 9.94088289e-01 -1.65726357e-03 1.25948575e-02 -3.01572472e-02 4.99446483e-03 -1.86671757e-03 9.74868636e-01 9.77996383e-01
6.6800 1.86540765e-07 -1.49977033e-09 5.25646347e-09 -1.93519529e-08 1.67164475e-09 -1.07357750e-09 1.70945505e-07 1.71543572e-07 9.94914013e-01 -1.26211369e-03 1.34979615e-02 -3.04515585e-02 3.45714827e-03 -2.59631881e-03 9.76698303e-01 9.77559132e-01
6.6900 1.86693572e-07 -9.74521720e-10 5.44087438e-09 -1.94436959e-08 9.10415145e-10 -1.20972251e-09 1.71716229e-07 1.71416922e-07 9.95729380e-01 -8.21985479e-04 1.39725067e-02 -3.05995566e-02 1.88323559e-03 -2.92738278e-03 9.78280345e-01 9.77236198e-01
6.7000 1.86833489e-07 -4.98646298e-10 5.39911457e-09 -1.95339316e-08 2.64139305e-10 -1.11557333e-09 1.72200026e-07 1.71348592e-07 9.96474735e-01 -4.22367611e-04 1.38671676e-02 -3.07436548e-02 5.47903797e-04 -2.69734794e-03 9.79175880e-01 9.77026436e-01
6.7100 1.86954187e-07 -1.94188519e-10 5.11158067e-09 -1.96792967e-08 -1.79327975e-10 -7.73429062e-10 1.72192282e-07 1.71239525e-07 9.97116370e-01 -1.65390135e-04 1.31312847e-02 -3.09726569e-02 -3.67712274e-04 -1.86283880e-03 9.79109608e-01 9.76879057e-01
6.7200 1.87054980e-07 -1.53719175e-10 4.60844464e-09 -1.98861665e-08 -3.96512631e-10 -2.17759379e-10 1.71623539e-07 1.71009267e-07 9.97651043e-01 -1.28734886e-04 1.18418275e-02 -3.12966902e-02 -8.15580869e-04 -5.07719179e-04 9.78067445e-01 9.76744145e-01
6.7300 1.87140118e-07 -3.98183601e-10 3.96919340e-09 -2.01118053e-08 -4.25193459e-10 4.73639695e-10 1.70599322e-07 1.70647768e-07 9.98102096e-01 -3.30285483e-04 1.02023374e-02 -3.16490009e-02 -8.74182310e-04 1.17842826e-03 9.76325147e-01 9.76629393e-01
6.7400 1.87216868e-07 -8.58106559e-10 3.30969558e-09 -2.02815696e-08 -3.41741300e-10 1.19751734e-09 1.69386887e-07 1.70242664e-07 9.98509029e-01 -7.12295663e-04 8.50985789e-03 -3.19129075e-02 -7.01586182e-04 2.94385421e-03 9.74393684e-01 9.76635952e-01
6.7500 1.87293012e-07 -1.38621757e-09 2.75854422e-09 -2.03160007e-08 -2.27981482e-10 1.84725211e-09 1.68349338e-07 1.69968609e-07 9.98913914e-01 -1.15185758e-03 7.09430273e-03 -3.19642398e-02 -4.66933940e-04 4.52849263e-03 9.72892120e-01 9.76953678e-01
6.7600 1.87374485e-07 -1.79836977e-09 2.42765889e-09 -2.01585675e-08 -1.39741010e-10 2.33398173e-09 1.67845207e-07 1.70039447e-07 9.99348616e-01 -1.49508024e-03 6.24302629e-03 -3.17147829e-02 -2.85464522e-04 5.71551002e-03 9.72381779e-01 9.77811824e-01
6.7700 1.87463780e-07 -1.92965761e-09 2.38433122e-09 -1.97948081e-08 -8.80047753e-11 2.60247306e-09 1.68123645e-07 1.70638114e-07 9.99826200e-01 -1.60403290e-03 6.12903342e-03 -3.11422235e-02 -1.79645952e-04 6.37004920e-03 9.73208977e-01 9.79399380e-01
6.7800 1.87559495e-07 -1.68734730e-09 2.63228432e-09 -1.92566967e-08 -3.86330390e-11 2.63907221e-09 1.69247735e-07 1.71848175e-07 1.00033856e+00 -1.40106419e-03 6.76227824e-03 -3.02969303e-02 -7.86876236e-05 6.45867059e-03 9.75402842e-01 9.81782825e-01
6.7900 1.87657052e-07 -1.08329063e-09 3.10757524e-09 -1.86112135e-08 7.02159983e-11 2.47098284e-09 1.71070123e-07 1.73611322e-07 1.00086044e+00 -8.95979266e-04 7.97904581e-03 -2.92839819e-02 1.45367831e-04 6.04764163e-03 9.78659521e-01 9.84852530e-01
6.8000 1.87750319e-07 -2.35302719e-10 3.69159636e-09 -1.79375743e-08 2.99993946e-10 2.15783800e-09 1.73269039e-07 1.75726870e-07 1.00135835e+00 -1.87250080e-04 9.47524017e-03 -2.82274448e-02 6.19540001e-04 5.28241421e-03 9.82418895e-01 9.88320849e-01
6.8100 1.87833633e-07 6.62972305e-10 4.23889879e-09 -1.73014702e-08 6.83453891e-10 1.77778386e-09 1.75434034e-07 1.77895272e-07 1.00180166e+00 5.63159816e-04 1.08777564e-02 -2.72300063e-02 1.41141221e-03 4.35368947e-03 9.86012566e-01 9.91777668e-01
6.8200 1.87903652e-07 1.39436321e-09 4.61330476e-09 -1.67356051e-08 1.20618615e-09 1.41099292e-09 1.77175714e-07 1.79792894e-07 1.00217262e+00 1.17354863e-03 1.18371730e-02 -2.63425275e-02 2.49102780e-03 3.45718257e-03 9.88840814e-01 9.94789024e-01
6.8300 1.87960531e-07 1.77685507e-09 4.72305581e-09 -1.62334374e-08 1.80420772e-09 1.12371073e-09 1.78227004e-07 1.81154922e-07 1.00247271e+00 1.49159947e-03 1.21180002e-02 -2.55543313e-02 3.72599557e-03 2.75466460e-03 9.90527983e-01 9.97008643e-01
6.8400 1.88008114e-07 1.71162766e-09 4.54546009e-09 -1.57581493e-08 2.37806572e-09 9.55701265e-10 1.78507052e-07 1.81840819e-07 1.00272351e+00 1.43461693e-03 1.16619828e-02 -2.48073777e-02 4.91072611e-03 2.34328425e-03 9.91012731e-01 9.98266741e-01
6.8500 1.88053098e-07 1.20738695e-09 4.13390489e-09 -1.52632207e-08 2.81839863e-09 9.13357493e-10 1.78131169e-07 1.81862925e-07 1.00296191e+00 1.00993191e-03 1.06061234e-02 -2.40286150e-02 5.81931761e-03 2.23871528e-03 9.90549348e-01 9.98607381e-01
6.8600 1.88103383e-07 3.75453447e-10 3.60466220e-09 -1.47166078e-08 3.03451269e-09 9.69819143e-10 1.77366891e-07 1.81371223e-07 1.00323101e+00 3.10825751e-04 9.24881095e-03 -2.31679295e-02 6.26461999e-03 2.37542010e-03 9.89622713e-01 9.98262753e-01
6.8700 1.88166034e-07 -6.01425236e-10 3.10643860e-09 -1.41190363e-08 2.97726466e-09 1.07223008e-09 1.76552011e-07 1.80601506e-07 1.00356888e+00 -5.09556399e-04 7.97163329e-03 -2.22268039e-02 6.14547077e-03 2.62436137e-03 9.88804153e-01 9.97573985e-01
6.8800 1.88245362e-07 -1.51668321e-09 2.78055714e-09 -1.35089362e-08 2.65018078e-09 1.15488041e-09 1.76000300e-07 1.79805361e-07 1.00399818e+00 -1.27806336e-03 7.13713717e-03 -2.12659601e-02 5.46957007e-03 2.82509960e-03 9.88591292e-01 9.96885962e-01
6.8900 1.88341612e-07 -2.19062930e-09 2.72254603e-09 -1.29513852e-08 2.10704554e-09 1.15563493e-09 1.75922143e-07 1.79184824e-07 1.00451913e+00 -1.84400473e-03 6.99021753e-03 -2.03878860e-02 4.34837235e-03 2.82592631e-03 9.89277454e-01 9.96451753e-01
6.9000 1.88450591e-07 -2.51135356e-09 2.95581909e-09 -1.25144163e-08 1.43844488e-09 1.03206781e-09 1.76380640e-07 1.78851153e-07 1.00510777e+00 -2.11344757e-03 7.59058194e-03 -1.96995443e-02 2.96916683e-03 2.52328114e-03 9.90885362e-01 9.96377810e-01
6.9100 1.88564347e-07 -2.45672611e-09 3.42497402e-09 -1.22409883e-08 7.52451537e-10 7.73442329e-10 1.77291607e-07 1.78817501e-07 1.00571999e+00 -2.06769568e-03 8.79561490e-03 -1.92683200e-02 1.55510250e-03 1.89101306e-03 9.93179585e-01 9.96625701e-01
6.9200 1.88672767e-07 -2.09392761e-09 4.01082093e-09 -1.21269939e-08 1.55076052e-10 4.05321975e-10 1.78462666e-07 1.79023064e-07 1.00630042e+00 -1.76295474e-03 1.02990513e-02 -1.90875108e-02 3.24800097e-04 9.91631993e-04 9.95749003e-01 9.97065435e-01
6.9300 1.88765725e-07 -1.55863044e-09 4.56309727e-09 -1.21140263e-08 -2.65460750e-10 -1.48238626e-11 1.79656166e-07 1.79375881e-07 1.00679435e+00 -1.31294042e-03 1.17150515e-02 -1.90650480e-02 -5.40066393e-04 -3.44461163e-05 9.98131411e-01 9.97556898e-01
6.9400 1.88835312e-07 -1.02035633e-09 4.94171446e-09 -1.21007289e-08 -4.49109605e-10 -4.10445517e-10 1.80655942e-07 1.79796387e-07 1.00715975e+00 -8.59878985e-04 1.26841436e-02 -1.90414331e-02 -9.16090634e-04 -1.00025178e-03 9.99942579e-01 9.98026237e-01
6.9500 1.88877611e-07 -6.42883625e-10 5.05484407e-09 -1.19700815e-08 -3.69703585e-10 -7.04301552e-10 1.81319490e-07 1.80245484e-07 1.00737675e+00 -5.41322111e-04 1.29709919e-02 -1.88327008e-02 -7.49787983e-04 -1.71719555e-03 1.00097372e+00 9.98506732e-01
6.9600 1.88893623e-07 -5.48725675e-10 4.88299220e-09 -1.16242060e-08 -3.75730908e-11 -8.37830203e-10 1.81603684e-07 1.80728280e-07 1.00745234e+00 -4.60331988e-04 1.25261263e-02 -1.82851572e-02 -6.28790777e-05 -2.04238612e-03 1.00123297e+00 9.99127710e-01
6.9700 1.88889135e-07 -7.94997297e-10 4.48224111e-09 -1.10152931e-08 4.99971382e-10 -7.86368641e-10 1.81561086e-07 1.81274688e-07 1.00741924e+00 -6.65175978e-04 1.14941366e-02 -1.73239686e-02 1.04677374e-03 -1.91578514e-03 1.00092423e+00 1.00005522e+00
6.9800 1.88873539e-07 -1.36502987e-09 3.96590672e-09 -1.01621892e-08 1.16085134e-09 -5.65961868e-10 1.81312226e-07 1.81907116e-07 1.00732917e+00 -1.14220368e-03 1.01664352e-02 -1.59791653e-02 2.40972705e-03 -1.37679925e-03 1.00037424e+00 1.00140716e+00
6.9900 1.88857894e-07 -2.17655094e-09 3.47018544e-09 -9.14679803e-09 1.83502996e-09 -2.29663472e-10 1.81004730e-07 1.82610097e-07 1.00724217e+00 -1.82261507e-03 8.89293986e-03 -1.43798932e-02 3.79895589e-03 -5.55194586e-04 9.99932598e-01 1.00317636e+00
7.0000 1.88852661e-07 -3.10374198e-09 3.11405443e-09 -8.09118758e-09 2.39791850e-09 1.45890947e-10 1.80771786e-07 1.83315596e-07 1.00721427e+00 -2.60089359e-03 7.97906635e-03 -1.27183387e-02 4.95745250e-03 3.61745577e-04 9.99874101e-01 1.00519330e+00
