#Q I_ArAr I_ArO1 I_ArSi2 I_ArO2  I_ArSi1  I_ArH I_rest I_tot S_ArAr S_ArO1 S_ArSi2 S_ArO2 S_ArSi1 S_ArH S_rest S_total
1.0000 1.11774655e-07 -2.05618856e-07 -2.20104761e-07 -3.14006753e-07 -2.21134461e-08 1.16332996e-07 -6.27955715e-07 -5.33736165e-07 5.95618110e-01 -1.72280707e-01 -5.64812304e-01 -4.93678061e-01 -4.56905009e-02 2.83840020e-01 -6.35152962e-01 -3.97003443e-01
1.0100 1.11709790e-07 -1.63517738e-07 -2.51193183e-07 -3.73865063e-07 2.15731855e-08 1.51411685e-07 -6.76866194e-07 -5.03881323e-07 5.95298222e-01 -1.36985497e-01 -6.44584092e-01 -5.87788117e-01 4.45941394e-02 3.69432140e-01 -7.74059484e-01 -3.60033204e-01
1.0200 1.13443506e-07 -8.67745297e-08 -2.81130837e-07 -4.29480609e-07 7.16823064e-08 1.82008736e-07 -6.83942470e-07 -4.30251428e-07 6.04547585e-01 -7.26885094e-02 -7.21405204e-01 -6.75230220e-01 1.48136964e-01 4.44092655e-01 -8.64776349e-01 -2.72546729e-01
1.0300 1.17828631e-07 7.75120837e-09 -3.07897744e-07 -4.76105175e-07 1.20069302e-07 2.05563473e-07 -6.58423079e-07 -3.32790303e-07 6.27904079e-01 6.48950826e-03 -7.90094322e-01 -7.48541300e-01 2.48110578e-01 5.01575295e-01 -9.04242035e-01 -1.54556162e-01
1.0400 1.24634669e-07 1.04654088e-07 -3.30029673e-07 -5.12129312e-07 1.60996958e-07 2.22244263e-07 -6.12870228e-07 -2.29629006e-07 6.64138698e-01 8.76481812e-02 -8.46894042e-01 -8.05190524e-01 3.32663079e-01 5.42290274e-01 -9.00297687e-01 -2.53443339e-02
1.0500 1.32558044e-07 1.92798606e-07 -3.45946368e-07 -5.37341435e-07 1.91643738e-07 2.33568802e-07 -5.57931152e-07 -1.32718612e-07 7.06310644e-01 1.61464344e-01 -8.87747379e-01 -8.44842480e-01 3.95967421e-01 5.69937909e-01 -8.64814871e-01 1.01090459e-01
1.0600 1.39617765e-07 2.65209088e-07 -3.53713450e-07 -5.51307116e-07 2.11381886e-07 2.40877443e-07 -5.00193712e-07 -4.79343837e-08 7.43874136e-01 2.22098619e-01 -9.07687677e-01 -8.66810152e-01 4.36729302e-01 5.87784424e-01 -8.08525074e-01 2.15988652e-01
1.0700 1.43792524e-07 3.17056620e-07 -3.51402359e-07 -5.52676660e-07 2.20411915e-07 2.44341515e-07 -4.43229875e-07 2.15235550e-08 7.66070217e-01 2.65508768e-01 -9.01763261e-01 -8.68967727e-01 4.55365585e-01 5.96243624e-01 -7.39152003e-01 3.12457206e-01
1.0800 1.43680158e-07 3.43572033e-07 -3.37891224e-07 -5.39691829e-07 2.18562531e-07 2.42876436e-07 -3.90330862e-07 7.11081047e-08 7.65437278e-01 2.87701823e-01 -8.67093403e-01 -8.48548605e-01 4.51524792e-01 5.92666295e-01 -6.62502907e-01 3.81688180e-01
1.0900 1.38961778e-07 3.39535147e-07 -3.13710212e-07 -5.11555080e-07 2.04911688e-07 2.34901217e-07 -3.46768367e-07 9.30445377e-08 7.40281385e-01 2.84306874e-01 -8.05038014e-01 -8.04298919e-01 4.23304219e-01 5.73194337e-01 -5.84748675e-01 4.11749881e-01
1.1000 1.30525749e-07 3.00972025e-07 -2.81480289e-07 -4.69905089e-07 1.78438202e-07 2.19519919e-07 -3.19887603e-07 7.80705181e-08 6.95335658e-01 2.51997177e-01 -7.22323550e-01 -7.38797386e-01 3.68596164e-01 5.35643752e-01 -5.13788101e-01 3.90451815e-01
1.1100 1.20222856e-07 2.28354065e-07 -2.45645874e-07 -4.19576669e-07 1.39378899e-07 1.97537191e-07 -3.16645621e-07 2.02704695e-08 6.40456325e-01 1.91169739e-01 -6.30356640e-01 -6.59649364e-01 2.87891641e-01 4.81982026e-01 -4.58379940e-01 3.11493726e-01
1.1200 1.10342735e-07 1.29584814e-07 -2.11493411e-07 -3.68124806e-07 9.05810129e-08 1.71810555e-07 -3.39690668e-07 -7.72990998e-08 5.87835069e-01 1.08446553e-01 -5.42705149e-01 -5.78737393e-01 1.87074144e-01 4.19186592e-01 -4.25160920e-01 1.81099816e-01
1.1300 1.02984128e-07 2.08710126e-08 -1.83755490e-07 -3.24124517e-07 3.80733341e-08 1.46735429e-07 -3.84024866e-07 -1.99216103e-07 5.48646430e-01 1.74033206e-02 -4.71515701e-01 -5.09547004e-01 7.85992966e-02 3.57986968e-01 -4.15012954e-01 2.15733102e-02
1.1400 9.95137020e-08 -7.56805006e-08 -1.65294040e-07 -2.94794881e-07 -9.63453520e-09 1.27027264e-07 -4.36255721e-07 -3.18862992e-07 5.30166891e-01 -6.34441541e-02 -4.24134257e-01 -4.63430269e-01 -1.99531096e-02 3.09892017e-01 -4.20841789e-01 -1.30902882e-01
1.1500 1.00267293e-07 -1.37521590e-07 -1.56353905e-07 -2.83815171e-07 -4.34931624e-08 1.16258252e-07 -4.77423374e-07 -4.04658284e-07 5.34184601e-01 -1.15212522e-01 -4.01190426e-01 -4.46171902e-01 -8.98891156e-02 2.83618850e-01 -4.28390249e-01 -2.34660514e-01
1.1600 1.04561568e-07 -1.48539154e-07 -1.54677331e-07 -2.90173814e-07 -5.65191405e-08 1.15710118e-07 -4.88828732e-07 -4.29637754e-07 5.57061574e-01 -1.24410032e-01 -3.96891109e-01 -4.56179752e-01 -1.16783895e-01 2.82293582e-01 -4.20419319e-01 -2.54909632e-01
1.1700 1.10984406e-07 -1.04870648e-07 -1.56448797e-07 -3.08527508e-07 -4.61513538e-08 1.23984518e-07 -4.58862547e-07 -3.81029383e-07 5.91279486e-01 -8.78064883e-02 -4.01444914e-01 -4.85050003e-01 -9.53491459e-02 3.02501224e-01 -3.83021920e-01 -1.75869842e-01
1.1800 1.17851639e-07 -1.73124163e-08 -1.57724452e-07 -3.30991155e-07 -1.54538578e-08 1.37522037e-07 -3.88176386e-07 -2.66108207e-07 6.27870979e-01 -1.44490390e-02 -4.04730199e-01 -5.20382168e-01 -3.19175247e-02 3.35552906e-01 -3.11690427e-01 -8.05504656e-03
1.1900 1.23679977e-07 9.09251493e-08 -1.55815701e-07 -3.49746248e-07 2.73715226e-08 1.51837036e-07 -2.90956822e-07 -1.11748264e-07 6.58937067e-01 7.62193064e-02 -3.99845556e-01 -5.49880787e-01 5.65648649e-02 3.70499858e-01 -2.14569969e-01 2.12494754e-01
1.2000 1.27538502e-07 1.90694733e-07 -1.50115104e-07 -3.59550320e-07 7.11109764e-08 1.63012247e-07 -1.91432189e-07 4.26910347e-08 6.79518212e-01 1.59785451e-01 -3.85229387e-01 -5.65301394e-01 1.46930523e-01 3.97781005e-01 -1.11227117e-01 4.33484410e-01
1.2100 1.29194646e-07 2.55607593e-07 -1.42068201e-07 -3.59267753e-07 1.04661991e-07 1.68912031e-07 -1.16533714e-07 1.57040308e-07 6.88371666e-01 2.14149211e-01 -3.64588051e-01 -5.64857522e-01 2.16243025e-01 4.12183759e-01 -2.69246972e-02 6.01502087e-01
1.2200 1.29043402e-07 2.70037752e-07 -1.34323952e-07 -3.51904563e-07 1.20146393e-07 1.69693199e-07 -8.71473619e-08 2.02692230e-07 6.87595181e-01 2.26226515e-01 -3.44716426e-01 -5.53275401e-01 2.48228008e-01 4.14090499e-01 1.58298694e-02 6.78148377e-01
1.2300 1.27875107e-07 2.33686230e-07 -1.29412333e-07 -3.43177270e-07 1.14998098e-07 1.67465152e-07 -1.11028267e-07 1.71434983e-07 6.81391671e-01 1.95770936e-01 -3.32105151e-01 -5.39543691e-01 2.37585798e-01 4.08649074e-01 5.51376488e-03 6.51748637e-01
1.2400 1.26577103e-07 1.61129492e-07 -1.28478985e-07 -3.39171945e-07 9.23642502e-08 1.65269004e-07 -1.79944334e-07 7.76889194e-08 6.74481971e-01 1.34994185e-01 -3.29694161e-01 -5.33232734e-01 1.90819635e-01 4.03281457e-01 -5.34507394e-02 5.40650353e-01
1.2500 1.25868711e-07 7.65306314e-08 -1.30584647e-07 -3.43960928e-07 5.97405543e-08 1.65787664e-07 -2.72146232e-07 -4.66180136e-08 6.70694786e-01 6.41355580e-02 -3.35075150e-01 -5.40747224e-01 1.23416062e-01 4.04535913e-01 -1.40992029e-01 3.86959946e-01
1.2600 1.26141067e-07 5.37961402e-09 -1.32860425e-07 -3.58032485e-07 2.63582215e-08 1.70278036e-07 -3.59372229e-07 -1.62735971e-07 6.72114441e-01 4.54377501e-03 -3.40889753e-01 -5.62856992e-01 5.44465331e-02 4.15481177e-01 -2.27088530e-01 2.42839181e-01
1.2700 1.27427390e-07 -3.38664213e-08 -1.31481827e-07 -3.78067018e-07 2.37621367e-10 1.78109740e-07 -4.15987876e-07 -2.37640514e-07 6.78922382e-01 -2.83241524e-02 -3.37328298e-01 -5.94344907e-01 4.80710206e-04 4.34580697e-01 -2.81074976e-01 1.53986431e-01
1.2800 1.29483222e-07 -3.54045071e-08 -1.23109435e-07 -3.98089986e-07 -1.41116892e-08 1.87049931e-07 -4.27120705e-07 -2.54182463e-07 6.89823523e-01 -2.96100769e-02 -3.15825718e-01 -6.25819224e-01 -2.91647627e-02 4.56387419e-01 -2.81431496e-01 1.45791161e-01
1.2900 1.31925526e-07 -7.16575382e-09 -1.06260791e-07 -4.11536494e-07 -1.66417930e-08 1.94148230e-07 -3.93037513e-07 -2.15531075e-07 7.02785469e-01 -5.95814203e-03 -2.72580891e-01 -6.46959315e-01 -3.43903282e-02 4.73702973e-01 -2.22712879e-01 2.16599766e-01
1.3000 1.34372058e-07 3.28116543e-08 -8.20945177e-08 -4.13456002e-07 -1.11688371e-08 1.96858321e-07 -3.28366807e-07 -1.42677323e-07 7.15779120e-01 2.75236779e-02 -2.10568009e-01 -6.49981732e-01 -2.30789403e-02 4.80314323e-01 -1.17246943e-01 3.39988440e-01
1.3100 1.36536688e-07 6.32478398e-08 -5.42967970e-08 -4.02071674e-07 -3.56750359e-09 1.93961695e-07 -2.56583943e-07 -6.61897523e-08 7.27284967e-01 5.30136962e-02 -1.39245035e-01 -6.32091781e-01 -7.36624034e-03 4.73247753e-01 8.96184769e-03 4.74843361e-01
1.3200 1.38263227e-07 6.72078147e-08 -2.80833675e-08 -3.79180207e-07 5.18649139e-10 1.85954833e-07 -2.01792533e-07 -1.53190516e-08 7.36472583e-01 5.63300346e-02 -7.19930613e-02 -5.96112272e-01 1.08921788e-03 4.53713673e-01 1.24697285e-01 5.79500176e-01
1.3300 1.39507711e-07 3.77745725e-08 -8.64752745e-09 -3.49322508e-07 -2.37540830e-09 1.74780415e-07 -1.80687752e-07 -8.28274523e-09 7.43106337e-01 3.16811261e-02 -2.21345944e-02 -5.49180002e-01 -4.87136775e-03 4.26450962e-01 2.03472867e-01 6.25052462e-01
1.3400 1.40296386e-07 -2.00176800e-08 4.19228948e-10 -3.18102631e-07 -1.25637144e-08 1.63038231e-07 -1.97404696e-07 -4.69301798e-08 7.47322379e-01 -1.67160622e-02 1.11815801e-03 -5.00103306e-01 -2.58983591e-02 3.97801858e-01 2.31621169e-01 6.03524668e-01
1.3500 1.40688897e-07 -9.14190574e-08 -1.79852072e-09 -2.90317737e-07 -2.74465258e-08 1.53004364e-07 -2.42846419e-07 -1.17288581e-07 7.49433742e-01 -7.65089151e-02 -4.58104257e-03 -4.56422546e-01 -5.66237112e-02 3.73319095e-01 2.11921239e-01 5.28616622e-01
1.3600 1.40765027e-07 -1.57338522e-07 -1.33207434e-08 -2.68588255e-07 -4.27479870e-08 1.45847348e-07 -2.98482493e-07 -1.95383133e-07 7.49860834e-01 -1.31710448e-01 -3.41501226e-02 -4.22256917e-01 -8.82174502e-02 3.55853622e-01 1.61743346e-01 4.29379518e-01
1.3700 1.40635563e-07 -2.00824785e-07 -2.99560402e-08 -2.52947689e-07 -5.42171172e-08 1.41339245e-07 -3.43092952e-07 -2.55970824e-07 7.49190152e-01 -1.68126593e-01 -7.68342006e-02 -3.97659763e-01 -1.11900980e-01 3.44849795e-01 1.06569595e-01 3.39518410e-01
1.3800 1.40462364e-07 -2.12394384e-07 -4.66288579e-08 -2.41463132e-07 -5.91492806e-08 1.38157360e-07 -3.60024010e-07 -2.81015931e-07 7.48281538e-01 -1.77817579e-01 -1.19610872e-01 -3.79594007e-01 -1.22089397e-01 3.37081522e-01 7.12590800e-02 2.86251206e-01
1.3900 1.40466296e-07 -1.92519053e-07 -5.88827733e-08 -2.31562564e-07 -5.72181402e-08 1.34638799e-07 -3.42498094e-07 -2.65077435e-07 7.48310360e-01 -1.61180137e-01 -1.51046974e-01 -3.64018458e-01 -1.18109451e-01 3.28493095e-01 7.20647917e-02 2.82448435e-01
1.4000 1.40906816e-07 -1.50690558e-07 -6.40576469e-08 -2.21491484e-07 -5.04075617e-08 1.29674690e-07 -2.95332874e-07 -2.16065745e-07 7.50658376e-01 -1.26163630e-01 -1.64318422e-01 -3.48177214e-01 -1.04058496e-01 3.16380606e-01 1.11999109e-01 3.24321219e-01
1.4100 1.42030808e-07 -1.01690085e-07 -6.17798774e-08 -2.11298428e-07 -4.21734607e-08 1.23378749e-07 -2.32737582e-07 -1.51532294e-07 7.56640772e-01 -8.51455370e-02 -1.58467651e-01 -3.32148352e-01 -8.70730723e-02 3.01022699e-01 1.80879231e-01 3.94828858e-01
1.4200 1.44004343e-07 -6.05694822e-08 -5.36645066e-08 -2.02956114e-07 -3.62193115e-08 1.17253200e-07 -1.73185760e-07 -9.21518720e-08 7.67142333e-01 -5.07287298e-02 -1.37639018e-01 -3.19033830e-01 -7.47998815e-02 2.86084943e-01 2.59740755e-01 4.71025816e-01
1.4300 1.46851986e-07 -3.81269822e-08 -4.24073761e-08 -1.99575990e-07 -3.53536152e-08 1.13768106e-07 -1.33258362e-07 -5.48438718e-08 7.82294128e-01 -3.19532997e-02 -1.08749480e-01 -3.13724410e-01 -7.30364003e-02 2.77593193e-01 3.27866938e-01 5.32423730e-01
1.4400 1.50429173e-07 -3.82946477e-08 -3.06443570e-08 -2.04031919e-07 -4.08023645e-08 1.15494201e-07 -1.22541751e-07 -4.78499144e-08 8.01326508e-01 -3.21095588e-02 -7.85618766e-02 -3.20736075e-01 -8.43115454e-02 2.81817828e-01 3.69918998e-01 5.67425280e-01
1.4500 1.54443125e-07 -5.80442154e-08 -2.00064474e-08 -2.17538809e-07 -5.21320577e-08 1.24100592e-07 -1.41146347e-07 -6.91778125e-08 8.22680798e-01 -4.86599330e-02 -5.12608772e-02 -3.41976001e-01 -1.07727445e-01 3.02828623e-01 3.80783987e-01 5.75885165e-01
1.4600 1.58520682e-07 -8.94951421e-08 -1.06943303e-08 -2.38751168e-07 -6.76959445e-08 1.39584814e-07 -1.80419959e-07 -1.08531089e-07 8.44370790e-01 -7.50046867e-02 -2.73617158e-02 -3.75326146e-01 -1.39881722e-01 3.40616790e-01 3.66678242e-01 5.67413309e-01
1.4700 1.62303859e-07 -1.23210073e-07 -1.68112923e-09 -2.63752621e-07 -8.53427944e-08 1.60024573e-07 -2.26339964e-07 -1.51658186e-07 8.64491760e-01 -1.03241543e-01 -4.23054214e-03 -4.14627598e-01 -1.76331609e-01 3.90489977e-01 3.42392077e-01 5.56550445e-01
1.4800 1.65542931e-07 -1.51406274e-07 8.58804700e-09 -2.86977014e-07 -1.03080082e-07 1.81958214e-07 -2.64252311e-07 -1.85374178e-07 8.81716026e-01 -1.26854511e-01 2.21208342e-02 -4.51129258e-01 -2.12963456e-01 4.44001171e-01 3.25853090e-01 5.56890806e-01
1.4900 1.68156696e-07 -1.70030077e-07 2.13078347e-08 -3.02759318e-07 -1.19462583e-07 2.01281442e-07 -2.83324864e-07 -2.01506005e-07 8.95613480e-01 -1.42450382e-01 5.47562131e-02 -4.75926252e-01 -2.46794728e-01 4.91136893e-01 3.31993059e-01 5.76335224e-01
1.5000 1.70240550e-07 -1.79193330e-07 3.65962690e-08 -3.06985625e-07 -1.33633521e-07 2.14369654e-07 -2.79342136e-07 -1.98606003e-07 9.06694074e-01 -1.50123622e-01 9.39775007e-02 -4.82553665e-01 -2.76058231e-01 5.23055471e-01 3.67994287e-01 6.14991528e-01
1.5100 1.72021005e-07 -1.82112889e-07 5.32275963e-08 -2.98276578e-07 -1.45104558e-07 2.19060328e-07 -2.55140867e-07 -1.81185097e-07 9.16165110e-01 -1.52568017e-01 1.36639586e-01 -4.68846369e-01 -2.99747032e-01 5.34483465e-01 4.31390311e-01 6.66126744e-01
1.5200 1.73773614e-07 -1.83183716e-07 6.89104384e-08 -2.78305544e-07 -1.53456963e-07 2.15181698e-07 -2.18805208e-07 -1.57080472e-07 9.25493893e-01 -1.53463207e-01 1.76864246e-01 -4.37438340e-01 -3.16996929e-01 5.25004826e-01 5.11456592e-01 7.19464489e-01
1.5300 1.75733195e-07 -1.86001477e-07 8.10005525e-08 -2.51156920e-07 -1.58147441e-07 2.04470981e-07 -1.80424649e-07 -1.34101109e-07 9.35929666e-01 -1.55819281e-01 2.07868817e-01 -3.94753021e-01 -3.26685470e-01 4.98860602e-01 5.93226182e-01 7.65401313e-01
1.5400 1.78026502e-07 -1.92014953e-07 8.73814865e-08 -2.21959601e-07 -1.58520111e-07 1.89930264e-07 -1.48566565e-07 -1.17156412e-07 9.48145404e-01 -1.60848898e-01 2.24225344e-01 -3.48854390e-01 -3.27457092e-01 4.63376788e-01 6.62667459e-01 7.98587155e-01
1.5500 1.80647902e-07 -2.00137564e-07 8.71952082e-08 -1.95269012e-07 -1.54007267e-07 1.74849128e-07 -1.27563466e-07 -1.06721605e-07 9.62108841e-01 -1.67642434e-01 2.23734616e-01 -3.06903220e-01 -3.18138337e-01 4.26579425e-01 7.11297803e-01 8.19738891e-01
1.5600 1.83482050e-07 -2.07250221e-07 8.11705510e-08 -1.73738535e-07 -1.44403498e-07 1.61819948e-07 -1.16336155e-07 -9.89197061e-08 9.77203821e-01 -1.73589167e-01 2.08268295e-01 -2.73068729e-01 -2.98304451e-01 3.94792227e-01 7.38814219e-01 8.35301995e-01
1.5700 1.86360358e-07 -2.09242352e-07 7.14491023e-08 -1.57500823e-07 -1.30063405e-07 1.52055882e-07 -1.08933715e-07 -8.69412384e-08 9.92531456e-01 -1.75248726e-01 1.83321761e-01 -2.47556616e-01 -2.68687930e-01 3.70973118e-01 7.53047876e-01 8.55333064e-01
1.5800 1.89126653e-07 -2.02149789e-07 6.09858255e-08 -1.44421530e-07 -1.11913740e-07 1.45204379e-07 -9.64588404e-08 -6.31682011e-08 1.00725999e+00 -1.69303313e-01 1.56476144e-01 -2.27008759e-01 -2.31203409e-01 3.54259898e-01 7.67424060e-01 8.90480548e-01
1.5900 1.91685920e-07 -1.83047589e-07 5.27400097e-08 -1.31087574e-07 -9.12624161e-08 1.39675605e-07 -6.97092337e-08 -2.12960447e-08 1.02088421e+00 -1.53304656e-01 1.35322700e-01 -2.06057569e-01 -1.88552748e-01 3.40772198e-01 7.96844687e-01 9.49064138e-01
1.6000 1.94018570e-07 -1.50556978e-07 4.89248893e-08 -1.14154511e-07 -6.94840673e-08 1.33337245e-07 -2.17680294e-08 4.20851483e-08 1.03330112e+00 -1.26098013e-01 1.25537995e-01 -1.79444596e-01 -1.43575073e-01 3.25307080e-01 8.53296503e-01 1.03502851e+00
1.6100 1.96157792e-07 -1.05015348e-07 5.05399305e-08 -9.15805118e-08 -4.77186364e-08 1.24320232e-07 5.01018623e-08 1.26703458e-07 1.04468873e+00 -8.79644457e-02 1.29684446e-01 -1.43960455e-01 -9.86239091e-02 3.03304894e-01 9.42448280e-01 1.14712926e+00
1.6200 1.98143063e-07 -4.84502536e-08 5.72929704e-08 -6.33425186e-08 -2.67103393e-08 1.11665357e-07 1.43643261e-07 2.28598279e-07 1.05525815e+00 -4.05994270e-02 1.47011066e-01 -9.95703012e-02 -5.52345759e-02 2.72426547e-01 1.06209949e+00 1.27929146e+00
1.6300 1.99972925e-07 1.55307796e-08 6.78789724e-08 -3.14297517e-08 -6.84478173e-09 9.56161428e-08 2.51952925e-07 3.40724286e-07 1.06500177e+00 1.29786892e-02 1.74168992e-01 -4.94030048e-02 -1.42012465e-02 2.33267513e-01 1.20274644e+00 1.42181271e+00
1.6400 2.01580611e-07 8.19302260e-08 8.04710100e-08 8.35637438e-10 1.16545755e-08 7.74963384e-08 3.64817484e-07 4.53968398e-07 1.07356347e+00 6.85869042e-02 2.06471253e-01 1.31748142e-03 2.40165893e-02 1.89058342e-01 1.34993911e+00 1.56301404e+00
1.6500 2.02846955e-07 1.44729754e-07 9.32340372e-08 2.98813692e-08 2.84874623e-08 5.92515452e-08 4.70692115e-07 5.58431123e-07 1.08030767e+00 1.21186075e-01 2.39210748e-01 4.69748426e-02 5.87998402e-02 1.44545924e-01 1.48767933e+00 1.69102510e+00
1.6600 2.03649650e-07 1.97561610e-07 1.04701343e-07 5.29887536e-08 4.31347028e-08 4.28359997e-08 5.58901357e-07 6.44872059e-07 1.08458192e+00 1.65442885e-01 2.68625729e-01 8.32956693e-02 8.90757723e-02 1.04497307e-01 1.60194621e+00 1.79551929e+00
1.6700 2.03932248e-07 2.34716494e-07 1.13936482e-07 6.90577832e-08 5.49074190e-08 2.96571384e-08 6.21643007e-07 7.06207565e-07 1.08608485e+00 1.96574080e-01 2.92314839e-01 1.08552022e-01 1.13419483e-01 7.23448475e-02 1.68352579e+00 1.86929012e+00
1.6800 2.03766362e-07 2.52351309e-07 1.20500676e-07 7.88141896e-08 6.31885575e-08 2.02485576e-08 6.55432537e-07 7.38869652e-07 1.08519757e+00 2.11358494e-01 3.09153137e-01 1.23886448e-01 1.30553074e-01 4.93888772e-02 1.72959565e+00 1.90953760e+00
1.6900 2.03380289e-07 2.49586651e-07 1.24316555e-07 8.44391811e-08 6.77672919e-08 1.42479898e-08 6.61722676e-07 7.43737957e-07 1.08313624e+00 2.09056908e-01 3.18942325e-01 1.32729304e-01 1.40037054e-01 3.47446039e-02 1.74386477e+00 1.91864643e+00
1.7000 2.03137213e-07 2.29100443e-07 1.25537936e-07 8.87904040e-08 6.91054360e-08 1.06481254e-08 6.46565995e-07 7.26319557e-07 1.08183576e+00 1.91909906e-01 3.22076674e-01 1.39573545e-01 1.42821505e-01 2.59545442e-02 1.73539589e+00 1.90417194e+00
1.7100 2.03462953e-07 1.96893212e-07 1.24500553e-07 9.44969404e-08 6.83831250e-08 8.20290256e-09 6.19353658e-07 6.95939686e-07 1.08356477e+00 1.64941721e-01 3.19416812e-01 1.48551753e-01 1.41341269e-01 1.99799274e-02 1.71647505e+00 1.87779625e+00
1.7200 2.04741039e-07 1.61122338e-07 1.21761716e-07 1.03221569e-07 6.72498531e-08 5.83647696e-09 5.90846663e-07 6.63932993e-07 1.09036644e+00 1.34984029e-01 3.12391740e-01 1.62276430e-01 1.39002268e-01 1.41982307e-02 1.70001863e+00 1.85321913e+00
1.7300 2.07205515e-07 1.30209771e-07 1.18171665e-07 1.15297978e-07 6.73269359e-08 2.92264176e-09 5.70884929e-07 6.41134507e-07 1.10348737e+00 1.09090960e-01 3.03182164e-01 1.81270045e-01 1.39153959e-01 7.08429929e-03 1.69703054e+00 1.84326880e+00
1.7400 2.10864682e-07 1.10708550e-07 1.14887381e-07 1.29808418e-07 6.96199696e-08 -6.34873856e-10 5.66269030e-07 6.35254126e-07 1.12297140e+00 9.27519122e-02 2.94756114e-01 2.04087658e-01 1.43875470e-01 -1.59450761e-03 1.71456708e+00 1.85684804e+00
1.7500 2.15480869e-07 1.05555369e-07 1.13256247e-07 1.45022089e-07 7.40570765e-08 -4.51291931e-09 5.79314573e-07 6.48858730e-07 1.14755186e+00 8.84276661e-02 2.90570486e-01 2.28006632e-01 1.53021236e-01 -1.10486373e-02 1.75455664e+00 1.89652924e+00
1.7600 2.20614829e-07 1.13271782e-07 1.14555343e-07 1.59014206e-07 7.93436148e-08 -8.19784114e-09 6.07456160e-07 6.78601934e-07 1.17488828e+00 9.48810860e-02 2.93902113e-01 2.50000234e-01 1.63920186e-01 -2.00252529e-02 1.81367172e+00 1.95756665e+00
1.7700 2.25723819e-07 1.28411746e-07 1.19646610e-07 1.70256539e-07 8.32220247e-08 -1.12306920e-08 6.44038714e-07 7.16030047e-07 1.20208906e+00 1.07551817e-01 3.06962879e-01 2.67666133e-01 1.71911833e-01 -2.74064690e-02 1.88426989e+00 2.02877525e+00
1.7800 2.30286315e-07 1.43169902e-07 1.28664645e-07 1.78010957e-07 8.30830918e-08 -1.33772063e-08 6.80131818e-07 7.49837703e-07 1.22637589e+00 1.19903273e-01 3.30098555e-01 2.79844936e-01 1.71608473e-01 -3.26236213e-02 1.95622266e+00 2.09520751e+00
1.7900 2.33918575e-07 1.49692160e-07 1.40865333e-07 1.82443485e-07 7.67457289e-08 -1.46727165e-08 7.06919553e-07 7.68992565e-07 1.24570482e+00 1.25357902e-01 3.61400325e-01 2.86799150e-01 1.58505764e-01 -3.57661320e-02 2.01926220e+00 2.14200183e+00
1.8000 2.36451372e-07 1.42397259e-07 1.54720654e-07 1.84471938e-07 6.31560248e-08 -1.53458388e-08 7.18041223e-07 7.65851409e-07 1.25917499e+00 1.19241636e-01 3.96947962e-01 2.89973236e-01 1.30426793e-01 -3.73945295e-02 2.06533782e+00 2.15837008e+00
1.8100 2.37947708e-07 1.19607771e-07 1.68261351e-07 1.85432881e-07 4.27788114e-08 -1.56694109e-08 7.11249711e-07 7.38359111e-07 1.26712294e+00 1.00149934e-01 4.31689004e-01 2.91469707e-01 8.83311953e-02 -3.81761330e-02 2.09043158e+00 2.14058664e+00
1.8200 2.38660065e-07 8.40071244e-08 1.79575878e-07 1.86685346e-07 1.75585097e-08 -1.58078852e-08 6.88928414e-07 6.90679039e-07 1.27089482e+00 7.03305113e-02 4.60718947e-01 2.93425941e-01 3.62346023e-02 -3.85124147e-02 2.09537022e+00 2.09309241e+00
1.8300 2.38942956e-07 4.18121930e-08 1.87308013e-07 1.89259195e-07 -9.52816881e-09 -1.57229652e-08 6.57322358e-07 6.32071224e-07 1.27238044e+00 3.49902758e-02 4.80558007e-01 2.97461385e-01 -1.97150407e-02 -3.83088563e-02 2.08539010e+00 2.02736621e+00
1.8400 2.39148001e-07 9.52840175e-10 1.90984535e-07 1.93619690e-07 -3.51712946e-08 -1.51703861e-08 6.24705066e-07 5.74363385e-07 1.27345420e+00 7.70576994e-04 4.89991907e-01 3.04307596e-01 -7.26813540e-02 -3.69675128e-02 2.06852428e+00 1.95887541e+00
1.8500 2.39531419e-07 -3.11530287e-08 1.91056044e-07 1.99576638e-07 -5.64492138e-08 -1.37839719e-08 5.99011072e-07 5.28777887e-07 1.27548219e+00 -2.61162539e-02 4.90176636e-01 3.13665633e-01 -1.16629844e-01 -3.35926988e-02 2.05320820e+00 1.90298566e+00
1.8600 2.40197491e-07 -4.95425693e-08 1.88631896e-07 2.06332790e-07 -7.13554059e-08 -1.12129355e-08 5.85619608e-07 5.03051266e-07 1.27902082e+00 -4.15142310e-02 4.83958404e-01 3.24282304e-01 -1.47416262e-01 -2.73265764e-02 2.04574729e+00 1.87100446e+00
1.8700 2.41089074e-07 -5.28088607e-08 1.84999677e-07 2.12648486e-07 -7.90024344e-08 -7.26460891e-09 5.85928377e-07 4.99661334e-07 1.28376613e+00 -4.42455803e-02 4.74640764e-01 3.34209081e-01 -1.63207961e-01 -1.76978156e-02 2.04837040e+00 1.86746462e+00
1.8800 2.42021870e-07 -4.30971129e-08 1.81100299e-07 2.17094208e-07 -7.95021996e-08 -2.00942412e-09 5.97119264e-07 5.15607640e-07 1.28873623e+00 -3.61074170e-02 4.64637854e-01 3.41199033e-01 -1.64236565e-01 -4.87788653e-03 2.05846570e+00 1.88935124e+00
1.8900 2.42747568e-07 -2.50970908e-08 1.77150810e-07 2.18360020e-07 -7.36367027e-08 4.17724900e-09 6.13161307e-07 5.43701853e-07 1.29260749e+00 -2.10277737e-02 4.54506623e-01 3.43193114e-01 -1.52117836e-01 1.02169773e-02 2.06927945e+00 1.92737860e+00
1.9000 2.43025176e-07 -4.43836442e-09 1.72558807e-07 2.15582726e-07 -6.24920467e-08 1.06401650e-08 6.26728345e-07 5.74876463e-07 1.29409470e+00 -3.72156768e-03 4.42727188e-01 3.38834241e-01 -1.29095543e-01 2.59872298e-02 2.07193456e+00 1.96882625e+00
1.9100 2.42680970e-07 1.39533006e-08 1.66170360e-07 2.08636397e-07 -4.72108878e-08 1.65232602e-08 6.31441028e-07 6.00753400e-07 1.29227052e+00 1.16858919e-02 4.26338883e-01 3.27923877e-01 -9.75300066e-02 4.03432606e-02 2.05821917e+00 2.00103242e+00
1.9200 2.41643954e-07 2.70216125e-08 1.56773137e-07 1.98317248e-07 -2.89370860e-08 2.08827871e-08 6.23755951e-07 6.15701652e-07 1.28675475e+00 2.26350543e-02 4.02231063e-01 3.11712650e-01 -5.97837166e-02 5.09817172e-02 2.02333352e+00 2.01453152e+00
1.9300 2.39952867e-07 3.39576737e-08 1.43680557e-07 1.86352235e-07 -8.91889527e-09 2.28164016e-08 6.03943333e-07 6.17840840e-07 1.27775212e+00 2.84485237e-02 3.68641856e-01 2.92914011e-01 -1.84345311e-02 5.57005967e-02 1.96775651e+00 2.00502257e+00
1.9400 2.37739096e-07 3.57719724e-08 1.27186029e-07 1.75183517e-07 1.13484763e-08 2.15956256e-08 5.75880615e-07 6.08824717e-07 1.26596160e+00 2.99725269e-02 3.26323586e-01 2.75365686e-01 2.34296873e-02 5.27224044e-02 1.89762340e+00 1.97377550e+00
1.9500 2.35195058e-07 3.43152605e-08 1.08712644e-07 1.67530813e-07 3.00858945e-08 1.67923462e-08 5.45753775e-07 5.92632016e-07 1.25240835e+00 2.87568988e-02 2.78926922e-01 2.63342015e-01 6.21344844e-02 4.10026451e-02 1.82343419e+00 1.92657132e+00
1.9600 2.32538603e-07 3.11679203e-08 9.05818477e-08 1.65800737e-07 4.53979005e-08 8.38736425e-09 5.20089108e-07 5.73874373e-07 1.23825407e+00 2.61249962e-02 2.32407476e-01 2.60625696e-01 9.37648102e-02 2.04944876e-02 1.75741224e+00 1.87167154e+00
1.9700 2.29981503e-07 2.68268446e-08 7.54515014e-08 1.71475507e-07 5.56449141e-08 -3.15849164e-09 5.03735356e-07 5.56221778e-07 1.22462896e+00 2.24928156e-02 1.93584157e-01 2.69546963e-01 1.14933736e-01 -7.67784562e-03 1.71025289e+00 1.81750878e+00
1.9800 2.27705901e-07 2.04807347e-08 6.55864090e-08 1.84647881e-07 5.99103159e-08 -1.68971429e-08 4.98420926e-07 5.41434099e-07 1.21250573e+00 1.71808889e-02 1.68267694e-01 2.90252466e-01 1.23747299e-01 -4.12014597e-02 1.68820678e+00 1.77075262e+00
1.9900 2.25848727e-07 1.04351416e-08 6.21849176e-08 2.03855372e-07 5.83805747e-08 -3.14756826e-08 5.02324158e-07 5.29229050e-07 1.20261598e+00 8.77027000e-03 1.59532960e-01 3.20444435e-01 1.20589873e-01 -7.67757666e-02 1.69136365e+00 1.73517775e+00
2.0000 2.24492056e-07 -4.99003354e-09 6.49732783e-08 2.26300079e-07 5.24568449e-08 -4.53206663e-08 5.10775380e-07 5.17911559e-07 1.19539823e+00 -4.14588185e-03 1.66678209e-01 3.55725930e-01 1.08354956e-01 -1.10561945e-01 1.71365648e+00 1.71144950e+00
2.0100 2.23657574e-07 -2.64355014e-08 7.21994499e-08 2.48435216e-07 4.44953503e-08 -5.69102823e-08 5.17856739e-07 5.05441807e-07 1.19096789e+00 -2.21039751e-02 1.85209086e-01 3.90522524e-01 9.19091646e-02 -1.38846821e-01 1.74459552e+00 1.69765787e+00
2.0200 2.23304904e-07 -5.27396759e-08 8.10365606e-08 2.66786119e-07 3.72054975e-08 -6.50880868e-08 5.18387908e-07 4.90505319e-07 1.18910832e+00 -4.41312020e-02 2.07873644e-01 4.19372641e-01 7.68491481e-02 -1.58808259e-01 1.77222340e+00 1.69026429e+00
2.0300 2.23335385e-07 -8.07401325e-08 8.82829337e-08 2.78789512e-07 3.28701328e-08 -6.93449956e-08 5.09667698e-07 4.73192835e-07 1.18929116e+00 -6.75793568e-02 2.26458235e-01 4.38246759e-01 6.78909500e-02 -1.69203237e-01 1.78641679e+00 1.68510451e+00
2.0400 2.23603442e-07 -1.05755456e-07 9.11594206e-08 2.83411450e-07 3.26382371e-08 -6.99867652e-08 4.92418857e-07 4.55070329e-07 1.19073752e+00 -8.85283700e-02 2.33833113e-01 4.45518845e-01 6.74088298e-02 -1.70776664e-01 1.78156110e+00 1.67819327e+00
2.0500 2.23936484e-07 -1.22641188e-07 8.79814111e-08 2.81354974e-07 3.61395240e-08 -6.81202878e-08 4.70631681e-07 4.38650917e-07 1.19252476e+00 -1.02670528e-01 2.25676552e-01 4.42292984e-01 7.46388872e-02 -1.66228214e-01 1.75782377e+00 1.66623444e+00
2.0600 2.24161533e-07 -1.27126025e-07 7.85268596e-08 2.74782386e-07 4.15771137e-08 -6.54334998e-08 4.50344754e-07 4.26488368e-07 1.19372922e+00 -1.06429312e-01 2.01419111e-01 4.31967073e-01 8.58701764e-02 -1.59675594e-01 1.72068609e+00 1.64688067e+00
2.0700 2.24133757e-07 -1.17038507e-07 6.40160841e-08 2.66621289e-07 4.62977376e-08 -6.38009415e-08 4.37732623e-07 4.20229420e-07 1.19357871e+00 -9.79864997e-02 1.64191858e-01 4.19142234e-01 9.56222939e-02 -1.55692335e-01 1.67892630e+00 1.61885626e+00
2.0800 2.23760123e-07 -9.30571102e-08 4.67323538e-08 2.59653043e-07 4.76728760e-08 -6.48032190e-08 4.37088410e-07 4.19958067e-07 1.19157880e+00 -7.79101931e-02 1.19852970e-01 4.08190114e-01 9.84653967e-02 -1.58135370e-01 1.64171169e+00 1.58204172e+00
2.0900 2.23011701e-07 -5.87484560e-08 2.94090906e-08 2.55654545e-07 4.40085479e-08 -6.92849976e-08 4.49326881e-07 4.24050431e-07 1.18757815e+00 -4.91867659e-02 7.54154836e-02 4.01903917e-01 9.08995953e-02 -1.69066460e-01 1.61571078e+00 1.53754392e+00
2.1000 2.21920936e-07 -1.98584369e-08 1.45623952e-08 2.54853859e-07 3.51795672e-08 -7.70783884e-08 4.71478753e-07 4.29579932e-07 1.18175325e+00 -1.66272909e-02 3.73347018e-02 4.00642660e-01 7.26653535e-02 -1.88077054e-01 1.60310332e+00 1.48769162e+00
2.1100 2.20564632e-07 1.69697659e-08 3.94492127e-09 2.55868037e-07 2.27668062e-08 -8.69822677e-08 4.97347357e-07 4.33131895e-07 1.17451701e+00 1.42058805e-02 1.01068900e-02 4.02233304e-01 4.70273530e-02 -2.12237533e-01 1.60106308e+00 1.43585290e+00
2.1200 2.19037988e-07 4.57182183e-08 -1.75477297e-09 2.56145069e-07 9.63710348e-09 -9.70211061e-08 5.19146503e-07 4.31762500e-07 1.16637951e+00 3.82739452e-02 -4.50219391e-03 4.02665285e-01 1.99070183e-02 -2.36728491e-01 1.60281655e+00 1.38599507e+00
2.1300 2.17427933e-07 6.23604340e-08 -2.92370310e-09 2.52777012e-07 -9.09522174e-10 -1.04927819e-07 5.29641676e-07 4.23804335e-07 1.15780531e+00 5.22055731e-02 -7.48677598e-03 3.97368485e-01 -1.87889198e-03 -2.56018691e-01 1.59989259e+00 1.34199501e+00
2.1400 2.15794126e-07 6.57201676e-08 -7.85197822e-10 2.43437008e-07 -6.15519843e-09 -1.08727668e-07 5.24166104e-07 4.09283237e-07 1.14911192e+00 5.50159871e-02 -1.98708894e-03 3.82685969e-01 -1.27156391e-02 -2.65289735e-01 1.58482679e+00 1.30682141e+00
2.1500 2.14163047e-07 5.76125770e-08 2.99290962e-09 2.27155355e-07 -4.81603336e-09 -1.07265748e-07 5.01923888e-07 3.89842107e-07 1.14043849e+00 4.82251717e-02 7.71614378e-03 3.57093768e-01 -9.95031705e-03 -2.61723199e-01 1.55347357e+00 1.28180006e+00
2.1600 2.12535695e-07 4.22522809e-08 6.72106260e-09 2.04700603e-07 2.54277567e-09 -1.00531080e-07 4.66209641e-07 3.68221337e-07 1.13178738e+00 3.53622441e-02 1.72867944e-02 3.21799882e-01 5.25035918e-03 -2.45291601e-01 1.50623630e+00 1.26619505e+00
2.1700 2.10904250e-07 2.51064922e-08 9.03417103e-09 1.78454095e-07 1.36587130e-08 -8.96842580e-08 4.23499008e-07 3.47473463e-07 1.12311370e+00 2.10051592e-02 2.32219156e-02 2.80547083e-01 2.82132599e-02 -2.18826059e-01 1.44788786e+00 1.25727506e+00
2.1800 2.09269688e-07 1.15106362e-08 9.09461996e-09 1.51820986e-07 2.52365040e-08 -7.67778155e-08 3.81695929e-07 3.30154618e-07 1.11442000e+00 9.62150641e-03 2.33728518e-02 2.38687194e-01 5.21314192e-02 -1.87334185e-01 1.38610155e+00 1.25089878e+00
2.1900 2.07652061e-07 5.41190003e-09 6.63661187e-09 1.28358719e-07 3.39082927e-08 -6.42448995e-08 3.48059292e-07 3.17722685e-07 1.10581164e+00 4.51639430e-03 1.70590400e-02 2.01811289e-01 7.00474528e-02 -1.56752556e-01 1.32919836e+00 1.24249326e+00
2.2000 2.06088258e-07 8.55280394e-09 1.88071641e-09 1.10882731e-07 3.71841895e-08 -5.42966976e-08 3.27404510e-07 3.10292002e-07 1.09748519e+00 7.14876107e-03 4.84852892e-03 1.74344139e-01 7.68172686e-02 -1.32476471e-01 1.28382662e+00 1.22816741e+00
2.2100 2.04617327e-07 2.02708997e-08 -4.62646040e-09 1.00806281e-07 3.41019095e-08 -4.83931007e-08 3.21068048e-07 3.06776856e-07 1.08965011e+00 1.69636052e-02 -1.18538622e-02 1.58506676e-01 7.04523129e-02 -1.18068309e-01 1.25326653e+00 1.20565053e+00
2.2200 2.03259045e-07 3.79138897e-08 -1.21884226e-08 9.78908703e-08 2.53920490e-08 -4.69274575e-08 3.26875383e-07 3.05339974e-07 1.08241418e+00 3.17395802e-02 -3.12590895e-02 1.53923810e-01 5.24612804e-02 -1.14488235e-01 1.23681848e+00 1.17479152e+00
2.2300 2.01995035e-07 5.77039696e-08 -2.01053953e-08 1.00453897e-07 1.31377816e-08 -4.92026543e-08 3.40047506e-07 3.03982634e-07 1.07568218e+00 4.83128150e-02 -5.15706083e-02 1.57950893e-01 2.71473409e-02 -1.20035714e-01 1.23037528e+00 1.13748691e+00
2.2400 2.00761838e-07 7.57779387e-08 -2.77689023e-08 1.05943566e-07 6.83564921e-11 -5.36917539e-08 3.54714440e-07 3.01091043e-07 1.06911835e+00 6.34479812e-02 -7.12273799e-02 1.66577350e-01 1.48723196e-04 -1.30985385e-01 1.22791630e+00 1.09707964e+00
2.2500 1.99461719e-07 8.91083203e-08 -3.47042644e-08 1.11689909e-07 -1.12681344e-08 -5.84973599e-08 3.65555684e-07 2.95790190e-07 1.06220331e+00 7.46097607e-02 -8.90129245e-02 1.75607049e-01 -2.32702848e-02 -1.42707850e-01 1.22340720e+00 1.05742906e+00
2.2600 1.97990585e-07 9.60760571e-08 -4.05760297e-08 1.15604000e-07 -1.91875359e-08 -6.18728093e-08 3.69094612e-07 2.88034267e-07 1.05438256e+00 8.04425378e-02 -1.04068908e-01 1.81757152e-01 -3.96300635e-02 -1.50941376e-01 1.21251334e+00 1.02194190e+00
2.2700 1.96275631e-07 9.65915584e-08 -4.51763093e-08 1.16631761e-07 -2.32105513e-08 -6.26590959e-08 3.64322641e-07 2.78452994e-07 1.04526701e+00 8.08718226e-02 -1.15864597e-01 1.83371225e-01 -4.79402119e-02 -1.52858004e-01 1.19364546e+00 9.92847243e-01
2.2800 1.94310532e-07 9.18048541e-08 -4.84123118e-08 1.14858473e-07 -2.39913358e-08 -6.05247754e-08 3.52561548e-07 2.68045437e-07 1.03482077e+00 7.68614865e-02 -1.24164155e-01 1.80583353e-01 -4.95522259e-02 -1.47648951e-01 1.16810146e+00 9.70900278e-01
2.2900 1.92175201e-07 8.35612255e-08 -5.03010105e-08 1.11272999e-07 -2.29030132e-08 -5.59598727e-08 3.36708415e-07 2.57845529e-07 1.02346692e+00 6.99577434e-02 -1.29012337e-01 1.74947495e-01 -4.73032648e-02 -1.36509767e-01 1.13935983e+00 9.55546794e-01
2.3000 1.90030925e-07 7.38118840e-08 -5.09702636e-08 1.07300333e-07 -2.14543286e-08 -5.00483663e-08 3.20172878e-07 2.48670183e-07 1.01206216e+00 6.17954005e-02 -1.30737036e-01 1.68702827e-01 -4.43108810e-02 -1.22085228e-01 1.11182335e+00 9.45427242e-01
2.3100 1.88089026e-07 6.41686503e-08 -5.06599618e-08 1.04267907e-07 -2.07495153e-08 -4.41047456e-08 3.05865621e-07 2.41011360e-07 1.00173029e+00 5.37246762e-02 -1.29952268e-01 1.63935096e-01 -4.28568760e-02 -1.07582541e-01 1.08943779e+00 9.38998375e-01
2.3200 1.86559819e-07 5.57111077e-08 -4.97150381e-08 1.02971955e-07 -2.11670011e-08 -3.92912337e-08 2.95527843e-07 2.35069608e-07 9.93590664e-01 4.66495069e-02 -1.27540649e-01 1.61895298e-01 -4.37232242e-02 -9.58373918e-02 1.07459482e+00 9.35034204e-01
2.3300 1.85595652e-07 4.90475685e-08 -4.85638576e-08 1.03460711e-07 -2.23404722e-08 -3.63265214e-08 2.89540075e-07 2.30873081e-07 9.88454823e-01 4.10785382e-02 -1.24598590e-01 1.62659175e-01 -4.61527350e-02 -8.86032668e-02 1.06759395e+00 9.32837945e-01
2.3400 1.85244776e-07 4.45373704e-08 -4.76791968e-08 1.05072184e-07 -2.34141673e-08 -3.53589173e-08 2.87175133e-07 2.28402049e-07 9.86580622e-01 3.73113899e-02 -1.22336870e-01 1.65186727e-01 -4.83764603e-02 -8.62419693e-02 1.06674187e+00 9.32123439e-01
2.3500 1.85430508e-07 4.25338225e-08 -4.75233761e-08 1.06683433e-07 -2.34529363e-08 -3.60207837e-08 2.87124387e-07 2.27650667e-07 9.87561034e-01 3.56423740e-02 -1.21940402e-01 1.67713985e-01 -4.84610802e-02 -8.78564647e-02 1.06897699e+00 9.32659446e-01
2.3600 1.85963213e-07 4.35181506e-08 -4.84833153e-08 1.07070927e-07 -2.18460254e-08 -3.76255021e-08 2.88068975e-07 2.28597448e-07 9.90387639e-01 3.64730235e-02 -1.24401847e-01 1.68319191e-01 -4.51435163e-02 -9.17714909e-02 1.07077801e+00 9.33862999e-01
2.3700 1.86583006e-07 4.80560279e-08 -5.08049547e-08 1.05262215e-07 -1.85614618e-08 -3.94298298e-08 2.89096294e-07 2.31105002e-07 9.93677807e-01 4.02760457e-02 -1.30353267e-01 1.65475171e-01 -3.83569478e-02 -9.61737021e-02 1.06907576e+00 9.34545107e-01
2.3800 1.87021903e-07 5.65926628e-08 -5.45392344e-08 1.00778600e-07 -1.41735554e-08 -4.08734511e-08 2.89853932e-07 2.34806925e-07 9.96005575e-01 4.74239714e-02 -1.39927151e-01 1.58430362e-01 -2.92879785e-02 -9.96961423e-02 1.06193276e+00 9.32948637e-01
2.3900 1.87068258e-07 6.91757910e-08 -5.95128704e-08 9.37151311e-08 -9.67210875e-09 -4.17245359e-08 2.90446310e-07 2.39049665e-07 9.96244737e-01 5.79572510e-02 -1.52680927e-01 1.47334210e-01 -1.99825573e-02 -1.01773354e-01 1.04885527e+00 9.27099360e-01
2.4000 1.86615561e-07 8.52302313e-08 -6.53353833e-08 8.46594142e-08 -6.13653531e-09 -4.20971767e-08 2.91169823e-07 2.42936111e-07 9.93828753e-01 7.13953342e-02 -1.67614491e-01 1.33109443e-01 -1.26724749e-02 -1.02683864e-01 1.03071904e+00 9.15362701e-01
2.4100 1.85682355e-07 1.03491230e-07 -7.14483093e-08 7.44962989e-08 -4.39636370e-09 -4.23502095e-08 2.92221575e-07 2.45475002e-07 9.88856843e-01 8.66805667e-02 -1.83296131e-01 1.17145200e-01 -9.07345455e-03 -1.03303244e-01 1.00938648e+00 8.97009780e-01
2.4200 1.84398576e-07 1.22145008e-07 -7.72133507e-08 6.41690073e-08 -4.79188089e-09 -4.29129281e-08 2.93499241e-07 2.45794432e-07 9.82021246e-01 1.02295530e-01 -1.98088566e-01 1.00921942e-01 -9.89000706e-03 -1.04678825e-01 9.87150152e-01 8.72581320e-01
2.4300 1.82963387e-07 1.39148012e-07 -8.20251013e-08 5.44659442e-08 -7.10250867e-09 -4.41012251e-08 2.94552242e-07 2.43348508e-07 9.74382671e-01 1.16530065e-01 -2.10438252e-01 8.56768665e-02 -1.46669113e-02 -1.07581085e-01 9.66151350e-01 8.43903354e-01
2.4400 1.81587560e-07 1.52631478e-07 -8.54241796e-08 4.58816665e-08 -1.06463768e-08 -4.59840623e-08 2.94676525e-07 2.38046086e-07 9.67063405e-01 1.27819846e-01 -2.19165848e-01 7.21858851e-02 -2.19946773e-02 -1.12177884e-01 9.47903288e-01 8.13730726e-01
2.4500 1.80437239e-07 1.61269156e-07 -8.71820258e-08 3.85709892e-08 -1.44972293e-08 -4.83384459e-08 2.93095358e-07 2.30259683e-07 9.60947781e-01 1.35054279e-01 -2.23684026e-01 6.06918410e-02 -2.99578232e-02 -1.17924684e-01 9.33009876e-01 7.85127369e-01
2.4600 1.79594546e-07 1.64502465e-07 -8.73323311e-08 3.23879289e-08 -1.77339492e-08 -5.07000451e-08 2.89152609e-07 2.20718615e-07 9.56472427e-01 1.37765147e-01 -2.24078274e-01 5.09658319e-02 -3.66509277e-02 -1.23688155e-01 9.21125133e-01 7.60786050e-01
2.4700 1.79044685e-07 1.62570275e-07 -8.61367082e-08 2.69835632e-08 -1.96414732e-08 -5.24869689e-08 2.82461815e-07 2.10333372e-07 9.53557586e-01 1.36151755e-01 -2.21018906e-01 4.24608552e-02 -4.05944848e-02 -1.28048285e-01 9.11151291e-01 7.42508521e-01
2.4800 1.78690819e-07 1.56357776e-07 -8.39911382e-08 2.19309470e-08 -1.98139692e-08 -5.31549307e-08 2.72988404e-07 2.00019504e-07 9.51686502e-01 1.30954592e-01 -2.15521032e-01 3.45077617e-02 -4.09488227e-02 -1.29677050e-01 9.01627823e-01 7.31001950e-01
2.4900 1.78389980e-07 1.47134384e-07 -8.12993383e-08 1.68482879e-08 -1.81560051e-08 -5.23376380e-08 2.61073313e-07 1.90579670e-07 9.50096754e-01 1.23236021e-01 -2.08619647e-01 2.65083681e-02 -3.75170063e-02 -1.27680990e-01 8.91221496e-01 7.26023499e-01
2.5000 1.77997786e-07 1.36274645e-07 -7.83525769e-08 1.14986826e-08 -1.48159938e-08 -4.99359720e-08 2.47418537e-07 1.82666572e-07 9.48018551e-01 1.14146645e-01 -2.01061318e-01 1.80917771e-02 -3.06073803e-02 -1.21818776e-01 8.79195654e-01 7.26769498e-01
2.5100 1.77408468e-07 1.25042926e-07 -7.52568459e-08 5.85158487e-09 -1.01038447e-08 -4.61383059e-08 2.33046133e-07 1.76803983e-07 9.44887977e-01 1.04744984e-01 -1.93117450e-01 9.21071443e-03 -2.08629974e-02 -1.12550711e-01 8.65726225e-01 7.32312517e-01
2.5200 1.76579530e-07 1.14481656e-07 -7.19354856e-08 9.61612896e-11 -4.43664130e-09 -4.13749979e-08 2.19221861e-07 1.73410222e-07 9.40478412e-01 9.59038242e-02 -1.84591224e-01 1.62482099e-04 -9.14858525e-03 -1.00927572e-01 8.51953494e-01 7.41877337e-01
2.5300 1.75536146e-07 1.05393898e-07 -6.82110907e-08 -5.39890140e-09 1.67153739e-09 -3.62261944e-08 2.07320052e-07 1.72765395e-07 9.34923941e-01 8.82955405e-02 -1.75027937e-01 -8.47403255e-03 3.47141288e-03 -8.83655208e-02 8.39717512e-01 7.54823404e-01
2.5400 1.74356946e-07 9.83751966e-08 -6.39421223e-08 -1.01780377e-08 7.59286156e-09 -3.13097264e-08 1.98611983e-07 1.74895118e-07 9.28643616e-01 8.24187365e-02 -1.64065607e-01 -1.59836481e-02 1.56989871e-02 -7.63724414e-02 8.31013098e-01 7.70339644e-01
2.5500 1.73148104e-07 9.38406831e-08 -5.91668612e-08 -1.38322697e-08 1.25824440e-08 -2.71747610e-08 1.93989656e-07 1.79397339e-07 9.22203428e-01 7.86209760e-02 -1.51804234e-01 -2.17243339e-02 2.59960880e-02 -6.62883591e-02 8.27295835e-01 7.87003564e-01
2.5600 1.72015084e-07 9.20121173e-08 -5.41990204e-08 -1.61483181e-08 1.58308607e-08 -2.42195724e-08 1.93679863e-07 1.85291151e-07 9.16165778e-01 7.70880103e-02 -1.39050823e-01 -2.53613520e-02 3.26929640e-02 -5.90847700e-02 8.28841613e-01 8.02449807e-01
2.5700 1.71040551e-07 9.28641890e-08 -4.96300498e-08 -1.72358319e-08 1.65938007e-08 -2.26423785e-08 1.97038858e-07 1.90990280e-07 9.10971781e-01 7.77988998e-02 -1.27324828e-01 -2.70671858e-02 3.42553614e-02 -5.52447168e-02 8.34378667e-01 8.13389311e-01
2.5800 1.70273525e-07 9.60618748e-08 -4.62211496e-08 -1.75902367e-08 1.43839810e-08 -2.24262673e-08 2.02524013e-07 1.94481727e-07 9.06883446e-01 8.04735939e-02 -1.18580574e-01 -2.76204603e-02 2.96800685e-02 -5.47261125e-02 8.41156006e-01 8.16109962e-01
2.5900 1.69730312e-07 1.00934631e-07 -4.47051061e-08 -1.80564433e-08 9.17390711e-09 -2.33547230e-08 2.07903394e-07 1.93722578e-07 9.03988558e-01 8.45512697e-02 -1.14698396e-01 -2.83491538e-02 1.89128525e-02 -5.69997756e-02 8.45492278e-01 8.07405354e-01
2.6000 1.69403738e-07 1.06521919e-07 -4.55521697e-08 -1.96806919e-08 1.53678668e-09 -2.50528893e-08 2.10692796e-07 1.87176693e-07 9.02249738e-01 8.92283092e-02 -1.16883764e-01 -3.08979899e-02 3.13888584e-03 -6.11502817e-02 8.43696293e-01 7.85684897e-01
2.6100 1.69275053e-07 1.11693610e-07 -4.87731755e-08 -2.34701353e-08 -7.34255194e-09 -2.70496669e-08 2.08725352e-07 1.74333133e-07 9.01567722e-01 9.35589110e-02 -1.25162266e-01 -3.68507061e-02 -1.51949333e-02 -6.60276313e-02 8.33113661e-01 7.51891097e-01
2.6200 1.69323092e-07 1.15313539e-07 -5.38291223e-08 -3.01131970e-08 -1.58233301e-08 -2.88549181e-08 2.00694312e-07 1.56016063e-07 9.01829995e-01 9.65918429e-02 -1.38148058e-01 -4.72904802e-02 -3.27013149e-02 -7.04357183e-02 8.12983300e-01 7.09846267e-01
2.6300 1.69527447e-07 1.16392838e-07 -5.96889692e-08 -3.97365329e-08 -2.21180163e-08 -3.00432852e-08 1.86494782e-07 1.34333481e-07 9.02927570e-01 9.74987070e-02 -1.53192798e-01 -6.24176912e-02 -4.56906771e-02 -7.33368554e-02 7.84815788e-01 6.65788256e-01
2.6400 1.69865535e-07 1.14183480e-07 -6.50339535e-08 -5.17764982e-08 -2.46903060e-08 -3.03320067e-08 1.67238563e-07 1.12216250e-07 9.04739349e-01 9.56522709e-02 -1.66910553e-01 -8.13475165e-02 -5.09924637e-02 -7.40415647e-02 7.52133551e-01 6.27099522e-01
2.6500 1.70306247e-07 1.08191641e-07 -6.85606582e-08 -6.50200466e-08 -2.26411257e-08 -2.96367630e-08 1.44917183e-07 9.26392945e-08 9.07098337e-01 9.06378134e-02 -1.75955934e-01 -1.02173819e-01 -4.67517740e-02 -7.23446913e-02 7.19606398e-01 6.00509932e-01
2.6600 1.70804265e-07 9.81322450e-08 -6.93013453e-08 -7.78259502e-08 -1.59747425e-08 -2.80897311e-08 1.21809215e-07 7.77447414e-08 9.09761582e-01 8.22153400e-02 -1.77846250e-01 -1.22316564e-01 -3.29785724e-02 -6.85692796e-02 6.91814108e-01 5.90266256e-01
2.6700 1.71298809e-07 8.38801227e-08 -6.68703249e-08 -8.84840047e-08 -5.66278541e-09 -2.60095958e-08 9.98246018e-08 6.81522206e-08 9.12403774e-01 7.02790133e-02 -1.71593534e-01 -1.39086341e-01 -1.16797962e-02 -6.34932445e-02 6.72002911e-01 5.96829871e-01
2.6800 1.71718690e-07 6.54809499e-08 -6.15635008e-08 -9.56239763e-08 6.52399713e-09 -2.38241670e-08 8.00121630e-08 6.27119932e-08 9.14644518e-01 5.48666017e-02 -1.57959566e-01 -1.50327317e-01 1.34879736e-02 -5.81604705e-02 6.61224237e-01 6.16551740e-01
2.6900 1.71993021e-07 4.32584595e-08 -5.42797918e-08 -9.85632115e-08 1.83832640e-08 -2.19599746e-08 6.24084775e-08 5.88317669e-08 9.16105638e-01 3.62494177e-02 -1.39253667e-01 -1.54964013e-01 3.79772585e-02 -5.36114376e-02 6.58137375e-01 6.42503196e-01
2.7000 1.72064650e-07 1.80007611e-08 -4.62852422e-08 -9.74915488e-08 2.77594908e-08 -2.07254018e-08 4.62886205e-08 5.33227095e-08 9.16482938e-01 1.50883223e-02 -1.18726856e-01 -1.53292482e-01 5.73373861e-02 -5.05981757e-02 6.59551923e-01 6.66291134e-01
2.7100 1.71902318e-07 -8.85063734e-09 -3.88869942e-08 -9.34338556e-08 3.30137018e-08 -2.02198291e-08 3.07308308e-08 4.35247035e-08 9.15610945e-01 -7.40818553e-03 -9.97348411e-02 -1.46921935e-01 6.81843371e-02 -4.93627573e-02 6.61545983e-01 6.80367563e-01
2.7200 1.71507855e-07 -3.51229430e-08 -3.31102451e-08 -8.79929990e-08 3.33671890e-08 -2.02976527e-08 1.52816680e-08 2.83512043e-08 9.13501064e-01 -2.94190658e-02 -8.49089016e-02 -1.38371118e-01 6.89104694e-02 -4.95496934e-02 6.60801979e-01 6.80162755e-01
2.7300 1.70916358e-07 -5.80527053e-08 -2.94686856e-08 -8.29407065e-08 2.90364802e-08 -2.06025808e-08 4.54260180e-10 8.88815965e-09 9.10342151e-01 -4.86288543e-02 -7.55668597e-02 -1.30425348e-01 5.99632483e-02 -5.02897608e-02 6.55721089e-01 6.65394577e-01
2.7400 1.70189432e-07 -7.46954787e-08 -2.78887269e-08 -7.97702614e-08 2.11332810e-08 -2.06675078e-08 -1.21650345e-08 -1.16992613e-08 9.06464118e-01 -6.25710096e-02 -7.15188559e-02 -1.25433301e-01 4.36386824e-02 -5.04437390e-02 6.46940951e-01 6.40135895e-01
2.7500 1.69403591e-07 -8.25615584e-08 -2.77999504e-08 -7.93380302e-08 1.13648776e-08 -2.00544445e-08 -2.02959478e-08 -2.89855147e-08 9.02275688e-01 -6.91604408e-02 -7.12997331e-02 -1.24743194e-01 2.34626934e-02 -4.89437586e-02 6.37072320e-01 6.11591254e-01
2.7600 1.68636937e-07 -8.03356248e-08 -2.83540605e-08 -8.16953488e-08 1.62011858e-09 -1.84943177e-08 -2.17480967e-08 -3.86222958e-08 8.98193215e-01 -6.72961383e-02 -7.27311595e-02 -1.28438055e-01 3.33615387e-03 -4.51342261e-02 6.29727862e-01 5.87929790e-01
2.7700 1.67957290e-07 -6.84709350e-08 -2.86980771e-08 -8.61554629e-08 -6.44958187e-09 -1.59834060e-08 -1.53671853e-08 -3.78001732e-08 8.94577340e-01 -5.73586037e-02 -7.36228713e-02 -1.35440450e-01 -1.33304034e-02 -3.90068800e-02 6.28155416e-01 5.75818132e-01
2.7800 1.67413907e-07 -4.94440051e-08 -2.82156927e-08 -9.15693270e-08 -1.17510451e-08 -1.28037478e-08 -1.81511754e-09 -2.63699105e-08 8.91689072e-01 -4.14228802e-02 -7.23921488e-02 -1.43945619e-01 -2.42793245e-02 -3.12503510e-02 6.33928424e-01 5.78398749e-01
2.7900 1.67033596e-07 -2.75245220e-08 -2.66665006e-08 -9.67211640e-08 -1.39020297e-08 -9.45663568e-09 1.61214096e-08 -7.23725578e-09 8.89669395e-01 -2.30656135e-02 -6.84211699e-02 -1.52043040e-01 -2.87212227e-02 -2.30877354e-02 6.46139572e-01 5.94330614e-01
2.8000 1.66820740e-07 -8.04302672e-09 -2.41900086e-08 -1.00719476e-07 -1.31952956e-08 -6.52495657e-09 3.38682290e-08 1.41479768e-08 8.88539886e-01 -6.75158261e-03 -6.20673703e-02 -1.58331058e-01 -2.72607710e-02 -1.59406825e-02 6.61389875e-01 6.18188421e-01
2.8100 1.66760130e-07 3.71105299e-09 -2.11870666e-08 -1.03262662e-07 -1.04043932e-08 -4.50329140e-09 4.60214537e-08 3.11137691e-08 8.88218222e-01 3.08923708e-03 -5.43592433e-02 -1.62334589e-01 -2.14955836e-02 -1.10149553e-02 6.74613627e-01 6.42103088e-01
2.8200 1.66821489e-07 3.70371121e-09 -1.81303475e-08 -1.04699296e-07 -6.50007223e-09 -3.64665836e-09 4.76955568e-08 3.75488262e-08 8.88542618e-01 3.07860229e-03 -4.65100741e-02 -1.64600172e-01 -1.34304815e-02 -8.93159238e-03 6.80510975e-01 6.58148901e-01
2.8300 1.66965063e-07 -9.83129272e-09 -1.53753501e-08 -1.05868370e-07 -2.36298514e-09 -3.88516965e-09 3.58900500e-08 2.96418952e-08 8.89301693e-01 -8.26226519e-03 -3.94329791e-02 -1.66445192e-01 -4.88410607e-03 -9.51894579e-03 6.75161257e-01 6.60758205e-01
2.8400 1.67148109e-07 -3.58631566e-08 -1.30383954e-08 -1.07773851e-07 1.42933777e-09 -4.83316060e-09 1.04727061e-08 7.06888326e-09 8.90268920e-01 -3.00695105e-02 -3.34277701e-02 -1.69446589e-01 2.95103800e-03 -1.18352025e-02 6.57325050e-01 6.48440885e-01
2.8500 1.67332257e-07 -7.06812548e-08 -1.09809788e-08 -1.11199134e-07 4.69128082e-09 -5.89298031e-09 -2.55291101e-08 -2.67308096e-08 8.91241536e-01 -5.92348809e-02 -2.81406277e-02 -1.74835016e-01 9.69190367e-03 -1.44217850e-02 6.29031011e-01 6.24301129e-01
2.8600 1.67491292e-07 -1.08652943e-07 -8.90059386e-09 -1.16384925e-07 7.58284863e-09 -6.42435635e-09 -6.64471698e-08 -6.52886775e-08 8.92081564e-01 -9.10404107e-02 -2.27968855e-02 -1.82988552e-01 1.56691680e-02 -1.57166217e-02 5.95255716e-01 5.95208263e-01
2.8700 1.67618113e-07 -1.43444538e-07 -6.49035100e-09 -1.22873688e-07 1.04562090e-08 -5.92937124e-09 -1.05190465e-07 -1.00663627e-07 8.92752470e-01 -1.20180996e-01 -1.66102911e-02 -1.93188131e-01 2.16101439e-02 -1.45053840e-02 5.62773052e-01 5.69877811e-01
2.8800 1.67728888e-07 -1.69404758e-07 -3.60601405e-09 -1.29572191e-07 1.36511004e-08 -4.19743835e-09 -1.34854074e-07 -1.25400412e-07 8.93341022e-01 -1.41923054e-01 -9.21133430e-03 -2.03715738e-01 2.82161033e-02 -1.02750361e-02 5.38490896e-01 5.56431963e-01
2.8900 1.67862294e-07 -1.82770087e-07 -3.77001474e-10 -1.35017291e-07 1.73058755e-08 -1.36630636e-09 -1.50302085e-07 -1.34362516e-07 8.94053094e-01 -1.53114096e-01 -9.31905594e-04 -2.12272028e-01 3.57719705e-02 -3.36247082e-03 5.27735065e-01 5.60144565e-01
2.9000 1.68072437e-07 -1.82404676e-07 2.78244177e-09 -1.37769316e-07 2.12427088e-08 2.11940244e-09 -1.49319114e-07 -1.25957003e-07 8.95176085e-01 -1.52802522e-01 7.16602556e-03 -2.16594536e-01 4.39093080e-02 5.14683116e-03 5.32945053e-01 5.82001193e-01
2.9100 1.68415767e-07 -1.69915288e-07 5.27134340e-09 -1.36820223e-07 2.49616776e-08 5.63923047e-09 -1.33048401e-07 -1.02447492e-07 8.97009476e-01 -1.42334040e-01 1.35419243e-02 -2.15099163e-01 5.15942871e-02 1.37386260e-02 5.53118196e-01 6.18451109e-01
2.9200 1.68934399e-07 -1.49145360e-07 6.48143424e-09 -1.31900349e-07 2.77461794e-08 8.57720050e-09 -1.05629875e-07 -6.93064951e-08 8.99776300e-01 -1.24928061e-01 1.66367473e-02 -2.07362310e-01 5.73456974e-02 2.09098726e-02 5.84122676e-01 6.62378246e-01
2.9300 1.69640098e-07 -1.25204658e-07 6.00186275e-09 -1.23597624e-07 2.88503326e-08 1.04963277e-08 -7.31603214e-08 -3.38136610e-08 9.03538185e-01 -1.04865041e-01 1.53978205e-02 -1.94308275e-01 5.96223012e-02 2.55944638e-02 6.19762690e-01 7.04979455e-01
2.9400 1.70503987e-07 -1.03292076e-07 3.78326836e-09 -1.13256554e-07 2.77158642e-08 1.12547242e-08 -4.22613745e-08 -3.29078608e-09 9.08140771e-01 -8.65004566e-02 9.69949142e-03 -1.78050508e-01 5.72710309e-02 2.74464114e-02 6.53289297e-01 7.38006740e-01
2.9500 1.71456233e-07 -8.75967905e-08 2.06503343e-10 -1.02684740e-07 2.41572476e-08 1.10295430e-08 -1.86187945e-08 1.65679961e-08 9.13212056e-01 -7.33442649e-02 5.19269804e-04 -1.61430351e-01 4.99094738e-02 2.68981748e-02 6.78956710e-01 7.55764359e-01
2.9600 1.72397514e-07 -8.05174314e-08 -3.97029365e-09 -9.37449967e-08 1.84614460e-08 1.02441330e-08 -5.83520781e-09 2.28703711e-08 9.18223460e-01 -6.74066378e-02 -1.01979655e-02 -1.47375944e-01 3.81318090e-02 2.49828737e-02 6.93242912e-01 7.56357595e-01
2.9700 1.73220706e-07 -8.23403306e-08 -7.77609630e-09 -8.79380455e-08 1.13704151e-08 9.42386027e-09 -4.83376635e-09 1.59605091e-08 9.22605088e-01 -6.89281837e-02 -1.99615957e-02 -1.38246298e-01 2.34724239e-02 2.29825005e-02 6.95469011e-01 7.41923935e-01
2.9800 1.73837727e-07 -9.13976562e-08 -1.02594647e-08 -8.60786720e-08 3.94492817e-09 9.02756799e-09 -1.38980658e-08 -9.25569647e-10 9.25888518e-01 -7.65121951e-02 -2.63314436e-02 -1.35322254e-01 8.12429005e-03 2.20167282e-02 6.87722626e-01 7.17863644e-01
2.9900 1.74204270e-07 -1.04616884e-07 -1.07256267e-08 -8.81398747e-08 -2.66039229e-09 9.30795141e-09 -2.92781151e-08 -2.26305560e-08 9.27838316e-01 -8.75848197e-02 -2.75257609e-02 -1.38561486e-01 -5.52609032e-03 2.27022734e-02 6.74166250e-01 6.91342433e-01
3.0000 1.74334915e-07 -1.18298966e-07 -8.91332697e-09 -9.32943644e-08 -7.45667075e-09 1.02435126e-08 -4.61717423e-08 -4.33849004e-08 9.28532424e-01 -9.90469630e-02 -2.28747540e-02 -1.46663697e-01 -1.54352040e-02 2.49868781e-02 6.59947009e-01 6.69498684e-01
3.0100 1.74303275e-07 -1.28935211e-07 -5.06371532e-09 -1.00133711e-07 -9.84995450e-09 1.15609567e-08 -5.98293629e-08 -5.81183607e-08 9.28362931e-01 -1.07958751e-01 -1.29972522e-02 -1.57415053e-01 -2.03760751e-02 2.82039155e-02 6.49991875e-01 6.57819716e-01
3.0200 1.74225851e-07 -1.33890415e-07 1.36451062e-10 -1.07004920e-07 -9.78057046e-09 1.28377565e-08 -6.65330327e-08 -6.34758466e-08 9.27950153e-01 -1.12112017e-01 3.44949889e-04 -1.68217205e-01 -2.02261132e-02 3.13225627e-02 6.47965880e-01 6.59062330e-01
3.0300 1.74233042e-07 -1.31830552e-07 5.72109262e-09 -1.12381131e-07 -7.73452833e-09 1.36495243e-08 -6.42575479e-08 -5.83425520e-08 9.27988350e-01 -1.10388794e-01 1.46735522e-02 -1.76669981e-01 -1.59904960e-02 3.33072861e-02 6.55603127e-01 6.72919917e-01
3.0400 1.74434827e-07 -1.22841151e-07 1.06760898e-08 -1.15181064e-07 -4.62075632e-09 1.37136506e-08 -5.29112984e-08 -4.38184041e-08 9.29063091e-01 -1.02860592e-01 2.73869414e-02 -1.81073519e-01 -9.54829584e-03 3.34682533e-02 6.72515921e-01 6.96435878e-01
3.0500 1.74890689e-07 -1.08251199e-07 1.41757989e-08 -1.14969047e-07 -1.54261118e-09 1.29832722e-08 -3.41537578e-08 -2.27130968e-08 9.31491106e-01 -9.06408495e-02 3.63668581e-02 -1.80742730e-01 -3.18017381e-03 3.16906184e-02 6.96474385e-01 7.24984830e-01
3.0600 1.75592568e-07 -9.02341679e-08 1.57661047e-08 -1.11998246e-07 4.79524908e-10 1.16627363e-08 -1.08737412e-08 1.26852000e-09 9.35229506e-01 -7.55505835e-02 4.04480000e-02 -1.76075291e-01 1.00492648e-03 2.84723489e-02 7.24051632e-01 7.53528908e-01
3.0700 1.76466205e-07 -7.12941620e-08 1.54514233e-08 -1.07096243e-07 7.63463854e-10 1.01414886e-08 1.35272234e-08 2.44321758e-08 9.39882889e-01 -5.96877445e-02 3.96413104e-02 -1.68371836e-01 1.59715789e-03 2.47630800e-02 7.51464619e-01 7.77824857e-01
3.0800 1.77391046e-07 -5.37568351e-08 1.36690527e-08 -1.01426454e-07 -8.68614776e-10 8.86928392e-09 3.58768091e-08 4.38774782e-08 9.44809247e-01 -4.50006070e-02 3.50683275e-02 -1.59460971e-01 -1.77092903e-03 2.16598225e-02 7.75415996e-01 7.95304890e-01
3.0900 1.78233444e-07 -3.93714625e-08 1.11628287e-08 -9.61844436e-08 -4.05751528e-09 8.21356857e-09 5.38403668e-08 5.79964201e-08 9.49296740e-01 -3.29543788e-02 2.86372054e-02 -1.51221915e-01 -8.35703976e-03 2.00591268e-02 7.93757652e-01 8.05459739e-01
3.1000 1.78883937e-07 -2.90957541e-08 8.79182431e-09 -9.23004743e-08 -8.01721874e-09 8.34438311e-09 6.62795327e-08 6.66066970e-08 9.52762170e-01 -2.43510170e-02 2.25520352e-02 -1.45116930e-01 -1.65369510e-02 2.03763002e-02 8.05846258e-01 8.09685607e-01
3.1100 1.79288017e-07 -2.30860644e-08 7.32333250e-09 -9.02167895e-08 -1.17584904e-08 9.18223190e-09 7.33084955e-08 7.07322370e-08 9.54914911e-01 -1.93211938e-02 1.87817419e-02 -1.41841193e-01 -2.42666379e-02 2.24181294e-02 8.12534266e-01 8.10685757e-01
3.1200 1.79461638e-07 -2.08635118e-08 7.26007446e-09 -8.97907574e-08 -1.43648189e-08 1.04236764e-08 7.60674434e-08 7.21263010e-08 9.55839553e-01 -1.74636347e-02 1.86166831e-02 -1.41170512e-01 -2.96524671e-02 2.54451272e-02 8.15822089e-01 8.11614749e-01
3.1300 1.79487055e-07 -2.15840365e-08 8.74029103e-09 -9.03463770e-08 -1.52442204e-08 1.16348478e-08 7.62969325e-08 7.26875599e-08 9.55973837e-01 -1.80714480e-02 2.24121565e-02 -1.42042263e-01 -3.14714414e-02 2.83994349e-02 8.18272283e-01 8.15200276e-01
3.1400 1.79490292e-07 -2.43193790e-08 1.15296705e-08 -9.08622080e-08 -1.42862951e-08 1.23824793e-08 7.58383754e-08 7.39345596e-08 9.55988746e-01 -2.03674675e-02 2.95675013e-02 -1.42850797e-01 -2.94956051e-02 3.02242850e-02 8.22337983e-01 8.23066663e-01
3.1500 1.79606823e-07 -2.82632431e-08 1.51011850e-08 -9.02507138e-08 -1.18800693e-08 1.23616987e-08 7.61940512e-08 7.66756807e-08 9.56605768e-01 -2.36767819e-02 3.87307811e-02 -1.41886583e-01 -2.45287684e-02 3.01756570e-02 8.29773184e-01 8.35420072e-01
3.1600 1.79945339e-07 -3.28112347e-08 1.87784091e-08 -8.76599638e-08 -8.78771176e-09 1.14824627e-08 7.82525498e-08 8.09473008e-08 9.58403913e-01 -2.74934413e-02 4.81664277e-02 -1.37810515e-01 -1.81454525e-02 2.80331745e-02 8.41266385e-01 8.51154107e-01
3.1700 1.80559845e-07 -3.75141837e-08 2.19043843e-08 -8.27201975e-08 -5.91104975e-09 9.89072296e-09 8.22298480e-08 8.62095212e-08 9.61671072e-01 -3.14411148e-02 5.61885324e-02 -1.30041551e-01 -1.22084021e-02 2.41519144e-02 8.56376939e-01 8.68320451e-01
3.1800 1.81437685e-07 -4.19549798e-08 2.39942986e-08 -7.56684552e-08 -4.01968632e-09 7.92119506e-09 8.78085488e-08 9.17100576e-08 9.66340174e-01 -3.51697971e-02 6.15526978e-02 -1.18952666e-01 -8.30686522e-03 1.93474549e-02 8.73770409e-01 8.84810999e-01
3.1900 1.82506292e-07 -4.56304749e-08 2.48365293e-08 -6.73133553e-08 -3.52168902e-09 5.99919313e-09 9.43989911e-08 9.68764952e-08 9.72025068e-01 -3.82569486e-02 6.37154451e-02 -1.05815474e-01 -7.28294668e-03 1.46566827e-02 8.91668091e-01 8.99041827e-01
3.2000 1.83655956e-07 -4.79190918e-08 2.45210024e-08 -5.88431179e-08 -4.34606684e-09 4.52304722e-09 1.01414749e-07 1.01591729e-07 9.78141770e-01 -4.01806196e-02 6.29071238e-02 -9.24983918e-02 -8.98902676e-03 1.10511662e-02 9.08369882e-01 9.10432021e-01
3.2100 1.84771400e-07 -4.81794219e-08 2.33926062e-08 -5.15228981e-08 -5.97344941e-09 3.76223083e-09 1.08461686e-07 1.06250468e-07 9.84076623e-01 -4.04024182e-02 6.00124724e-02 -8.09907505e-02 -1.23514234e-02 9.18871698e-03 9.22695927e-01 9.19533221e-01
3.2200 1.85762690e-07 -4.59664245e-08 2.19458907e-08 -4.63604921e-08 -7.60687603e-09 3.79906817e-09 1.15381664e-07 1.11573856e-07 9.89350943e-01 -3.85489803e-02 5.63004531e-02 -7.28771596e-02 -1.57234972e-02 9.27110078e-03 9.34225256e-01 9.27772860e-01
3.2300 1.86586639e-07 -4.12913928e-08 2.06909874e-08 -4.38322023e-08 -8.43162166e-09 4.52676855e-09 1.22154032e-07 1.18249178e-07 9.93735024e-01 -3.46299594e-02 5.30801747e-02 -6.89064525e-02 -1.74225967e-02 1.10390166e-02 9.43278787e-01 9.36895207e-01
3.2400 1.87253072e-07 -3.48142589e-08 2.00263219e-08 -4.37478267e-08 -7.88471312e-09 5.69879696e-09 1.28717308e-07 1.26531392e-07 9.97281478e-01 -2.91991006e-02 5.13742007e-02 -6.87793750e-02 -1.62868454e-02 1.38922334e-02 9.50677204e-01 9.48282592e-01
3.2500 1.87815040e-07 -2.78604175e-08 2.01500255e-08 -4.52972766e-08 -5.85027435e-09 7.00991791e-09 1.34807372e-07 1.35967015e-07 1.00027307e+00 -2.33680693e-02 5.16911467e-02 -7.12218653e-02 -1.20784958e-02 1.70870069e-02 9.57374280e-01 9.62382791e-01
3.2600 1.88346885e-07 -2.22031639e-08 2.10301332e-08 -4.72705143e-08 -2.71806425e-09 8.18193749e-09 1.39903340e-07 1.45367213e-07 1.00310573e+00 -1.86237652e-02 5.39491381e-02 -7.43308773e-02 -5.60448266e-03 1.99450526e-02 9.64100227e-01 9.78440797e-01
3.2700 1.88917421e-07 -1.96337775e-08 2.24369768e-08 -4.83917356e-08 7.16404963e-10 9.02884618e-09 1.43328885e-07 1.53074136e-07 1.00614570e+00 -1.64677213e-02 5.75588957e-02 -7.60998652e-02 1.49038263e-03 2.20124183e-02 9.71137006e-01 9.94639807e-01
3.2800 1.89566644e-07 -2.14268560e-08 2.40242470e-08 -4.76733766e-08 3.48320128e-09 9.48538719e-09 1.44490659e-07 1.57459247e-07 1.00960533e+00 -1.79678884e-02 6.16317413e-02 -7.49754727e-02 7.20173369e-03 2.31292864e-02 9.78293714e-01 1.00862473e+00
3.2900 1.90292847e-07 -2.78664067e-08 2.54326891e-08 -4.46871799e-08 4.73254981e-09 9.59636619e-09 1.43171950e-07 1.57500866e-07 1.01347457e+00 -2.33615719e-02 6.52457066e-02 -7.02838300e-02 9.77444958e-03 2.34041175e-02 9.85074877e-01 1.01825344e+00
3.3000 1.91053597e-07 -3.80030846e-08 2.63857481e-08 -3.96719819e-08 4.00348737e-09 9.47664173e-09 1.39764279e-07 1.53244408e-07 1.01752624e+00 -3.18522929e-02 6.76909989e-02 -6.24001223e-02 8.25763925e-03 2.31163024e-02 9.90964820e-01 1.02233876e+00
3.3100 1.91779674e-07 -4.97567881e-08 2.67508652e-08 -3.34454057e-08 1.38363452e-09 9.25966575e-09 1.35328346e-07 1.45971646e-07 1.02139051e+00 -4.16961859e-02 6.86273291e-02 -5.26098106e-02 2.83440939e-03 2.25908340e-02 9.95711843e-01 1.02113709e+00
3.3200 1.92397217e-07 -6.03754129e-08 2.65520467e-08 -2.71454166e-08 -2.49098934e-09 9.05353420e-09 1.31428434e-07 1.37990979e-07 1.02467318e+00 -5.05868329e-02 6.81162010e-02 -4.27022997e-02 -5.17903001e-03 2.20911864e-02 9.99500249e-01 1.01641241e+00
3.3300 1.92851058e-07 -6.71423552e-08 2.59350225e-08 -2.18797482e-08 -6.59915609e-09 8.91805862e-09 1.29763977e-07 1.32082880e-07 1.02708019e+00 -5.62483741e-02 6.65315430e-02 -3.44196968e-02 -1.36710828e-02 2.17633421e-02 1.00294366e+00 1.01103592e+00
3.3400 1.93122175e-07 -6.81328510e-08 2.51008752e-08 -1.83900688e-08 -9.81422637e-09 8.86684838e-09 1.31700130e-07 1.30752752e-07 1.02851071e+00 -5.70692716e-02 6.43894277e-02 -2.89286992e-02 -2.03132872e-02 2.16407261e-02 1.00690217e+00 1.00822961e+00
3.3500 1.93234222e-07 -6.27868425e-08 2.42329055e-08 -1.68338324e-08 -1.12186105e-08 8.88846223e-09 1.37846452e-07 1.35516304e-07 1.02909201e+00 -5.25820428e-02 6.21604288e-02 -2.64774879e-02 -2.32102072e-02 2.16956163e-02 1.01219291e+00 1.01067832e+00
3.3600 1.93247604e-07 -5.21092018e-08 2.34420007e-08 -1.67506344e-08 -1.03603819e-08 8.97389602e-09 1.47829768e-07 1.46443282e-07 1.02914763e+00 -4.36305266e-02 6.01294348e-02 -2.63427141e-02 -2.14294992e-02 2.19060460e-02 1.01930382e+00 1.01978037e+00
3.3700 1.93243269e-07 -3.84166687e-08 2.27478746e-08 -1.72224929e-08 -7.37723164e-09 9.13625631e-09 1.60351982e-07 1.62111007e-07 1.02911074e+00 -3.21572640e-02 5.83474761e-02 -2.70814162e-02 -1.52576169e-02 2.23037399e-02 1.02821954e+00 1.03526566e+00
3.3800 1.93301374e-07 -2.46913895e-08 2.21000309e-08 -1.71767213e-08 -2.95332817e-09 9.41266038e-09 1.73533294e-07 1.79992626e-07 1.02941011e+00 -2.06613528e-02 5.66854402e-02 -2.70071766e-02 -6.11012435e-03 2.29788146e-02 1.03842702e+00 1.05529571e+00
3.3900 1.93481205e-07 -1.37275958e-08 2.14277903e-08 -1.57352471e-08 1.87499259e-09 9.84643642e-09 1.85446152e-07 1.97167581e-07 1.03036272e+00 -1.14832361e-02 5.49623263e-02 -2.47393571e-02 3.87031940e-03 2.40365223e-02 1.04910245e+00 1.07700930e+00
3.4000 1.93808084e-07 -7.32803410e-09 2.06982124e-08 -1.24997478e-08 6.00420592e-09 1.04564955e-08 1.94678514e-07 2.11139216e-07 1.03210374e+00 -6.13152025e-03 5.30937445e-02 -1.96514687e-02 1.24031362e-02 2.55227399e-02 1.05941450e+00 1.09734037e+00
3.4100 1.94270600e-07 -5.79564079e-09 1.99578872e-08 -7.68258260e-09 8.55370206e-09 1.12070083e-08 2.00750263e-07 2.20510974e-07 1.03457172e+00 -4.85749972e-03 5.11990462e-02 -1.20771170e-02 1.76693162e-02 2.73501646e-02 1.06883615e+00 1.11385563e+00
3.4200 1.94828283e-07 -7.87600303e-09 1.93404084e-08 -2.04265550e-09 9.07734410e-09 1.19918662e-08 2.04250033e-07 2.25319243e-07 1.03754959e+00 -6.60759667e-03 4.96204577e-02 -3.20925030e-03 1.87483209e-02 2.92604675e-02 1.07735320e+00 1.12536199e+00
3.4300 1.95426743e-07 -1.11662310e-08 1.90339165e-08 3.35269723e-09 7.64028095e-09 1.26441822e-08 2.06647126e-07 2.26931589e-07 1.04074565e+00 -9.36662761e-03 4.88398498e-02 5.27415161e-03 1.57763620e-02 3.08473935e-02 1.08549302e+00 1.13211678e+00
3.4400 1.96015198e-07 -1.28616112e-08 1.92180594e-08 7.46384050e-09 4.74844270e-09 1.29725934e-08 2.09835487e-07 2.27556523e-07 1.04388737e+00 -1.07839293e-02 4.93171338e-02 1.17385405e-02 9.80022154e-03 3.16451180e-02 1.09415911e+00 1.13560445e+00
3.4500 1.96560908e-07 -1.06096175e-08 1.99917875e-08 9.60678974e-09 1.16355438e-09 1.28161790e-08 2.15549867e-07 2.29529601e-07 1.04679873e+00 -8.88913017e-03 5.13052156e-02 1.51084382e-02 2.39461819e-03 3.12619496e-02 1.10432326e+00 1.13797983e+00
3.4600 1.97056260e-07 -3.21360054e-09 2.13182030e-08 9.67058876e-09 -2.33081894e-09 1.21018308e-08 2.24831451e-07 2.34602463e-07 1.04943829e+00 -2.68160445e-03 5.47087296e-02 1.52092602e-02 -4.82139019e-03 2.95200345e-02 1.11667468e+00 1.14137332e+00
3.4700 1.97516722e-07 9.01746894e-09 2.30082770e-08 8.15795689e-09 -5.13663987e-09 1.08848065e-08 2.37700424e-07 2.43448591e-07 1.05188839e+00 7.57696616e-03 5.90424574e-02 1.28312868e-02 -1.06128067e-02 2.65541340e-02 1.13133910e+00 1.14728043e+00
3.4800 1.97970826e-07 2.43616560e-08 2.47528820e-08 6.03956753e-09 -6.96137095e-09 9.35636646e-09 2.53124932e-07 2.55519927e-07 1.05430175e+00 2.04409086e-02 6.35136088e-02 9.50060547e-03 -1.43762948e-02 2.28302530e-02 1.14775688e+00 1.15621083e+00
3.4900 1.98445801e-07 4.01707118e-08 2.61963248e-08 4.47064646e-09 -7.82319867e-09 7.81125574e-09 2.69283484e-07 2.69271541e-07 1.05682469e+00 3.36890208e-02 6.72104429e-02 7.03355699e-03 -1.61505740e-02 1.90664640e-02 1.16475771e+00 1.16767360e+00
3.5000 1.98953749e-07 5.35884166e-08 2.70299454e-08 4.45999609e-09 -7.95428877e-09 6.57987641e-09 2.84032107e-07 2.82657694e-07 1.05952308e+00 4.49270143e-02 6.93422386e-02 7.01634699e-03 -1.64161599e-02 1.60676982e-02 1.18080868e+00 1.18046022e+00
3.5100 1.99483000e-07 6.22819612e-08 2.70765016e-08 6.59325172e-09 -7.64791095e-09 5.94165357e-09 2.95434715e-07 2.93728457e-07 1.06233600e+00 5.22005997e-02 6.94555314e-02 1.03698918e-02 -1.57792835e-02 1.45146868e-02 1.19436202e+00 1.19309743e+00
3.5200 1.99997582e-07 6.49824284e-08 2.63378964e-08 1.08913198e-08 -7.11049593e-09 6.04361366e-09 3.02209226e-07 3.01142344e-07 1.06507256e+00 5.44482788e-02 6.75562805e-02 1.71271886e-02 -1.46662190e-02 1.47655575e-02 1.20420431e+00 1.20430365e+00
3.5300 2.00445144e-07 6.17054863e-08 2.49899859e-08 1.68393539e-08 -6.37286512e-09 6.84890807e-09 3.03979970e-07 3.04456013e-07 1.06745405e+00 5.16858776e-02 6.40963226e-02 2.64788204e-02 -1.31400727e-02 1.67303567e-02 1.20971507e+00 1.21330536e+00
3.5400 2.00771064e-07 5.36293132e-08 2.33251642e-08 2.35668973e-08 -5.28954248e-09 8.13322046e-09 3.01292438e-07 3.04136116e-07 1.06918912e+00 4.49036625e-02 5.98259566e-02 3.70561590e-02 -1.08996749e-02 1.98622366e-02 1.21097490e+00 1.21993746e+00
3.5500 2.00934473e-07 4.27067872e-08 2.16605394e-08 3.01139801e-08 -3.62100426e-09 9.53423502e-09 2.95415780e-07 3.01329010e-07 1.07005931e+00 3.57407248e-02 5.55583941e-02 4.73497511e-02 -7.44982124e-03 2.32779614e-02 1.20870818e+00 1.22453632e+00
3.5600 2.00921358e-07 3.11522750e-08 2.02410332e-08 3.56954179e-08 -1.16334442e-09 1.06440623e-08 2.88010084e-07 2.97490802e-07 1.06998914e+00 2.60543726e-02 5.19213026e-02 5.61249114e-02 -2.36935356e-03 2.59831510e-02 1.20408973e+00 1.22770353e+00
3.5700 2.00750699e-07 2.09549469e-08 1.91686747e-08 3.98824695e-08 2.12629575e-09 1.11211341e-08 2.80756790e-07 2.94004220e-07 1.06907905e+00 1.75119523e-02 4.91756197e-02 6.27074083e-02 4.42970137e-03 2.71450400e-02 1.19847403e+00 1.23004877e+00
3.5800 2.00471668e-07 1.35346323e-08 1.83809653e-08 4.26535896e-08 6.05697389e-09 1.07907021e-08 2.75040855e-07 2.91888531e-07 1.06759064e+00 1.13023888e-02 4.71602514e-02 6.70633264e-02 1.25520094e-02 2.63375246e-02 1.19311661e+00 1.23200614e+00
3.5900 2.00152549e-07 9.59241156e-09 1.76851557e-08 4.43121295e-08 1.02117506e-08 9.70428029e-09 2.71742246e-07 2.91658276e-07 1.06588776e+00 8.01118962e-03 4.53801452e-02 6.96697097e-02 2.11353537e-02 2.36861730e-02 1.18894880e+00 1.23377033e+00
3.6000 1.99864423e-07 9.14242386e-09 1.68369066e-08 4.53125229e-08 1.40341407e-08 8.13833726e-09 2.71156276e-07 2.93328754e-07 1.06434949e+00 7.64753739e-03 4.32081277e-02 7.12412694e-02 2.90295454e-02 1.98651452e-02 1.18644642e+00 1.23534112e+00
3.6100 1.99664192e-07 1.16659398e-08 1.56371940e-08 4.60633535e-08 1.69633728e-08 6.52887815e-09 2.73030679e-07 2.96522930e-07 1.06327960e+00 9.77397560e-03 4.01334537e-02 7.24206919e-02 3.50760649e-02 1.59377762e-02 1.18560772e+00 1.23662157e+00
3.6200 1.99581615e-07 1.63144010e-08 1.40153140e-08 4.67777662e-08 1.85725346e-08 5.35685013e-09 2.76689096e-07 3.00618481e-07 1.06283729e+00 1.36771404e-02 3.59746457e-02 7.35433455e-02 3.83934879e-02 1.30771848e-02 1.18603242e+00 1.23750309e+00
3.6300 1.99613823e-07 2.21020129e-08 1.20703979e-08 4.74197396e-08 1.86647188e-08 5.01432215e-09 2.81205973e-07 3.04885014e-07 1.06300774e+00 1.85296246e-02 3.09859006e-02 7.45527022e-02 3.85759694e-02 1.22399109e-02 1.18707597e+00 1.23789185e+00
3.6400 1.99728554e-07 2.80575030e-08 1.00573809e-08 4.77576637e-08 1.72992775e-08 5.68856773e-09 2.85601101e-07 3.08588947e-07 1.06361930e+00 2.35174053e-02 2.58210589e-02 7.50845004e-02 3.57472195e-02 1.38831251e-02 1.18804227e+00 1.23767261e+00
3.6500 1.99874853e-07 3.33325105e-08 8.32133665e-09 4.74979822e-08 1.47462678e-08 7.29799970e-09 2.89026682e-07 3.11070950e-07 1.06440038e+00 2.79306551e-02 2.13651946e-02 7.46768556e-02 3.04661103e-02 1.78082337e-02 1.18837308e+00 1.23664743e+00
3.6600 1.99997923e-07 3.72786838e-08 7.20053068e-09 4.64447264e-08 1.13921454e-08 9.50075394e-09 2.90921864e-07 3.11814763e-07 1.06505863e+00 3.12280622e-02 1.84860283e-02 7.30211552e-02 2.35316454e-02 2.31816575e-02 1.18779388e+00 1.23450718e+00
3.6700 2.00053798e-07 3.95037729e-08 6.92812984e-09 4.46241802e-08 7.63455212e-09 1.17769178e-08 2.91109881e-07 3.10521351e-07 1.06535923e+00 3.30833474e-02 1.77819102e-02 7.01582001e-02 1.57655399e-02 2.87352734e-02 1.18638268e+00 1.23088350e+00
3.6800 2.00019805e-07 3.99047623e-08 7.56228088e-09 4.23288413e-08 3.80366971e-09 1.35643849e-08 2.89815689e-07 3.07183744e-07 1.06518074e+00 3.34124578e-02 1.94025384e-02 6.65474888e-02 7.84981898e-03 3.30977443e-02 1.18454322e+00 1.22549079e+00
3.6900 1.99898242e-07 3.86643963e-08 8.96464195e-09 4.00649660e-08 1.33040790e-10 1.44121448e-08 2.87592246e-07 3.02137432e-07 1.06453489e+00 3.23701383e-02 2.29938751e-02 6.29848957e-02 2.66701848e-04 3.51684791e-02 1.18288380e+00 1.21831898e+00
3.7000 1.99712838e-07 3.61962513e-08 1.08319004e-08 3.84221248e-08 -3.21962789e-09 1.41083887e-08 2.85163114e-07 2.96051875e-07 1.06354781e+00 3.03035657e-02 2.77788688e-02 6.03976614e-02 -6.65825488e-03 3.44302539e-02 1.18202791e+00 1.20979990e+00
3.7100 1.99499672e-07 3.30363877e-08 1.27686644e-08 3.79093653e-08 -6.12220604e-09 1.27464095e-08 2.83214089e-07 2.89838293e-07 1.06241173e+00 2.76614753e-02 3.27442137e-02 5.95867798e-02 -1.26522306e-02 3.11101379e-02 1.18240419e+00 1.20086210e+00
3.7200 1.99295749e-07 2.97017753e-08 1.43786454e-08 3.88122378e-08 -8.42027816e-09 1.07077145e-08 2.82188408e-07 2.84475844e-07 1.06132412e+00 2.48757151e-02 3.68739952e-02 6.10020789e-02 -1.73962752e-02 2.61384590e-02 1.18407591e+00 1.19281809e+00
3.7300 1.99128809e-07 2.65561390e-08 1.53476944e-08 4.11156958e-08 -9.92084404e-09 8.56467760e-09 2.82148338e-07 2.80792172e-07 1.06043338e+00 2.22492267e-02 3.93624825e-02 6.46207955e-02 -2.04917387e-02 2.09114252e-02 1.18666588e+00 1.18708557e+00
3.7400 1.99011257e-07 2.37307272e-08 1.54975124e-08 4.45140351e-08 -1.04214122e-08 6.92796966e-09 2.82753532e-07 2.79260089e-07 1.05980636e+00 1.98901478e-02 3.97518166e-02 6.99629708e-02 -2.15205075e-02 1.69189387e-02 1.18941130e+00 1.18480973e+00
3.7500 1.98939542e-07 2.11340637e-08 1.48002748e-08 4.84996264e-08 -9.77678634e-09 6.28027623e-09 2.83373507e-07 2.79876997e-07 1.05942495e+00 1.77204415e-02 3.79695985e-02 7.62307709e-02 -2.01830621e-02 1.53388625e-02 1.19134576e+00 1.18650156e+00
3.7600 1.98898456e-07 1.85533730e-08 1.33575716e-08 5.24976464e-08 -7.97705826e-09 6.84253000e-09 2.83307047e-07 2.82172519e-07 1.05920877e+00 1.55611861e-02 3.42750956e-02 8.25202289e-02 -1.64595832e-02 1.67105431e-02 1.19156528e+00 1.19181624e+00
3.7700 1.98868306e-07 1.58124355e-08 1.13572787e-08 5.60023403e-08 -5.20215311e-09 8.51042602e-09 2.82040361e-07 2.85348634e-07 1.05905331e+00 1.32649222e-02 2.91489330e-02 8.80355249e-02 -1.07225013e-02 2.07797828e-02 1.18950269e+00 1.19955997e+00
3.7800 1.98832175e-07 1.29221810e-08 9.02595696e-09 5.86745629e-08 -1.82439408e-09 1.08795660e-08 2.79454876e-07 2.88510048e-07 1.05886847e+00 1.08416823e-02 2.31713199e-02 9.22425095e-02 -3.74159059e-03 2.65600703e-02 1.18512399e+00 1.20794247e+00
3.7900 1.98780720e-07 1.01552596e-08 6.59138665e-09 6.03776735e-08 1.65107144e-09 1.33526850e-08 2.75905039e-07 2.90908796e-07 1.05860413e+00 8.52114444e-03 1.69261837e-02 9.49253832e-02 3.43929498e-03 3.25941376e-02 1.17897684e+00 1.21501027e+00
3.8000 1.98713073e-07 7.99945402e-09 4.26181367e-09 6.11521503e-08 4.69451771e-09 1.52992366e-08 2.72126491e-07 2.92120245e-07 1.05825491e+00 6.71319656e-03 1.09480102e-02 9.61470354e-02 9.72593776e-03 3.73433380e-02 1.17206315e+00 1.21913243e+00
3.8100 1.98633896e-07 6.99064914e-09 2.21917211e-09 6.11498092e-08 6.87548586e-09 1.62229213e-08 2.68993527e-07 2.92091934e-07 1.05784470e+00 5.86762826e-03 5.70435087e-03 9.61458060e-02 1.42295471e-02 3.95964635e-02 1.16556248e+00 1.21938849e+00
3.8200 1.98548066e-07 7.47750138e-09 6.17002591e-10 6.05592053e-08 7.96147192e-09 1.58908307e-08 2.67201776e-07 2.91054078e-07 1.05739839e+00 6.27673905e-03 1.59022585e-03 9.52182615e-02 1.64704352e-02 3.87849407e-02 1.16048362e+00 1.21573900e+00
3.8300 1.98455253e-07 9.40625741e-09 -4.27255160e-10 5.95516956e-08 7.95832905e-09 1.43892867e-08 2.66985951e-07 2.89333567e-07 1.05691328e+00 7.89502574e-03 -1.09197743e-03 9.36343148e-02 1.64612101e-02 3.51191640e-02 1.15735064e+00 1.20893102e+00
3.8400 1.98346644e-07 1.22188319e-08 -8.51111352e-10 5.82646755e-08 7.07964723e-09 1.20927446e-08 2.67979040e-07 2.87151431e-07 1.05634170e+00 1.02539560e-02 -2.18115771e-03 9.16106747e-02 1.46432828e-02 2.95126740e-02 1.15602517e+00 1.20018113e+00
3.8500 1.98205202e-07 1.49250652e-08 -6.74068076e-10 5.68204724e-08 5.65792197e-09 9.55695276e-09 2.69276671e-07 2.84491546e-07 1.05559257e+00 1.25228123e-02 -1.72705567e-03 8.93402999e-02 1.17032618e-02 2.33214851e-02 1.15572863e+00 1.19075338e+00
3.8600 1.98009564e-07 1.63501592e-08 -2.16478800e-11 5.53635830e-08 4.03124271e-09 7.36857679e-09 2.69701658e-07 2.81101477e-07 1.05455220e+00 1.37163484e-02 -5.19159075e-05 8.70507161e-02 8.33897430e-03 1.79771503e-02 1.15526734e+00 1.18158347e+00
3.8700 1.97740322e-07 1.54914831e-08 8.68849683e-10 5.40913772e-08 2.44734851e-09 5.99458871e-09 2.68192032e-07 2.76633969e-07 1.05311766e+00 1.29940222e-02 2.23488236e-03 8.50521567e-02 5.06154626e-03 1.46192400e-02 1.15339872e+00 1.17307950e+00
3.8800 1.97386591e-07 1.18704096e-08 1.67347410e-09 5.32566080e-08 1.01889226e-09 5.67287953e-09 2.64187083e-07 2.70878855e-07 1.05123172e+00 9.95492916e-03 4.30152212e-03 8.37415123e-02 2.10335429e-03 1.38284145e-02 1.14922968e+00 1.16516145e+00
3.8900 1.96950617e-07 5.75454304e-09 2.04101863e-09 5.31323735e-08 -2.57437592e-10 6.37171402e-09 2.57878552e-07 2.63992828e-07 1.04890718e+00 4.82397477e-03 5.24637601e-03 8.35473868e-02 -5.42161405e-04 1.55274930e-02 1.14252492e+00 1.15751025e+00
3.9000 1.96448804e-07 -1.83965228e-09 1.67715020e-09 5.39464895e-08 -1.43147923e-09 7.82435967e-09 2.50232791e-07 2.56625672e-07 1.04623225e+00 -1.54609820e-03 4.31402402e-03 8.48271540e-02 -2.97693410e-03 1.90659675e-02 1.13382733e+00 1.14991636e+00
3.9100 1.95908738e-07 -9.38397845e-09 4.31838788e-10 5.58061081e-08 -2.51422732e-09 9.62315700e-09 2.42762707e-07 2.49871637e-07 1.04335449e+00 -7.87365738e-03 1.11961457e-03 8.77487030e-02 -5.22206507e-03 2.34495540e-02 1.12434915e+00 1.14257664e+00
3.9200 1.95363029e-07 -1.52538936e-08 -1.63737725e-09 5.86395330e-08 -3.41791963e-09 1.13411383e-08 2.37111291e-07 2.45034510e-07 1.04044795e+00 -1.27965056e-02 -4.18889859e-03 9.21991632e-02 -7.09445929e-03 2.76369383e-02 1.11566171e+00 1.13620419e+00
3.9300 1.94841801e-07 -1.81960382e-08 -4.25075906e-09 6.21782500e-08 -3.95290483e-09 1.26436610e-08 2.34573254e-07 2.43264010e-07 1.03767319e+00 -1.52638314e-02 -1.08933836e-02 9.77567375e-02 -8.20089785e-03 3.08121142e-02 1.10927272e+00 1.13188393e+00
3.9400 1.94366028e-07 -1.76979706e-08 -6.95270901e-09 6.59897175e-08 -3.88894780e-09 1.33585788e-08 2.35705066e-07 2.45174697e-07 1.03514178e+00 -1.48461152e-02 -1.78246171e-02 1.03742194e-01 -8.06518588e-03 3.25555062e-02 1.10621324e+00 1.13070356e+00
3.9500 1.93943529e-07 -1.41371477e-08 -9.21338651e-09 6.95550322e-08 -3.06038815e-09 1.34887172e-08 2.40148026e-07 2.50576355e-07 1.03289504e+00 -1.18599464e-02 -2.36231361e-02 1.09340781e-01 -6.34567352e-03 3.28742896e-02 1.10675274e+00 1.13328136e+00
3.9600 1.93568588e-07 -8.65599858e-09 -1.05615943e-08 7.23711031e-08 -1.47300693e-09 1.31695886e-08 2.46722098e-07 2.58418680e-07 1.03090215e+00 -7.26323452e-03 -2.70802212e-02 1.13762603e-01 -3.05597017e-03 3.20991039e-02 1.11032129e+00 1.13936443e+00
3.9700 1.93225012e-07 -2.79935451e-09 -1.07126016e-08 7.40494216e-08 6.35281442e-10 1.25921303e-08 2.53762478e-07 2.66989889e-07 1.02907643e+00 -2.35124004e-03 -2.74657808e-02 1.16397641e-01 1.31007309e-03 3.06954756e-02 1.11565705e+00 1.14766259e+00
3.9800 1.92891466e-07 1.97093649e-09 -9.65289101e-09 7.43852667e-08 2.81435263e-09 1.19196038e-08 2.59594778e-07 2.74328734e-07 1.02730388e+00 1.65031060e-03 -2.47456313e-02 1.16924373e-01 5.82015109e-03 2.90610812e-02 1.12113293e+00 1.15601416e+00
3.9900 1.92547417e-07 4.72859647e-09 -7.65416417e-09 7.33812059e-08 4.50823013e-09 1.12271404e-08 2.63003055e-07 2.78738425e-07 1.02547485e+00 3.96459478e-03 -1.96172566e-02 1.15346658e-01 9.32388920e-03 2.73783568e-02 1.12516884e+00 1.16187109e+00
4.0000 1.92178049e-07 5.35795275e-09 -5.20875489e-09 7.12231874e-08 5.22006012e-09 1.04825988e-08 2.63550434e-07 2.79253093e-07 1.02351019e+00 4.49423291e-03 -1.33439587e-02 1.11956219e-01 1.07941465e-02 2.55679781e-02 1.12661668e+00 1.16297880e+00
4.0100 1.91777038e-07 4.56525125e-09 -2.90199571e-09 6.82212448e-08 4.68194822e-09 9.57218054e-09 2.61661538e-07 2.75915667e-07 1.02137605e+00 3.83078927e-03 -7.42733778e-03 1.07239611e-01 9.67802894e-03 2.33515665e-02 1.12501912e+00 1.15804871e+00
4.0200 1.91346849e-07 3.62620532e-09 -1.25673974e-09 6.47353222e-08 2.96818436e-09 8.35892417e-09 2.58451637e-07 2.69778745e-07 1.01908552e+00 3.04321049e-03 -3.20843294e-03 1.01761838e-01 6.13056890e-03 2.03945754e-02 1.12068214e+00 1.14720728e+00
4.0300 1.90896982e-07 3.95427530e-09 -5.94717538e-10 6.11076579e-08 5.05106638e-10 6.75179014e-09 2.55364198e-07 2.62621095e-07 1.01668923e+00 3.31602304e-03 -1.51214080e-03 9.60602739e-02 1.03457272e-03 1.64749205e-02 1.11455338e+00 1.13206288e+00
4.0400 1.90441019e-07 6.62926152e-09 -9.55362515e-10 5.76170796e-08 -2.03594961e-09 4.76066462e-09 2.53731997e-07 2.56456712e-07 1.01425963e+00 5.55427141e-03 -2.43911689e-03 9.05729635e-02 -4.22118303e-03 1.16171347e-02 1.10794775e+00 1.11534370e+00
4.0500 1.89993430e-07 1.20343240e-08 -2.09608099e-09 5.44604387e-08 -3.93557773e-09 2.51852106e-09 2.54392111e-07 2.52975055e-07 1.01187408e+00 1.00793208e-02 -5.36661970e-03 8.56094794e-02 -8.14932876e-03 6.14628418e-03 1.10219626e+00 1.10019322e+00
4.0600 1.89566883e-07 1.97105702e-08 -3.57366395e-09 5.17563714e-08 -4.65245422e-09 2.63692193e-10 2.57460161e-07 2.53071399e-07 1.00960036e+00 1.65069833e-02 -9.15747222e-03 8.13567748e-02 -9.63138427e-03 6.44499252e-04 1.09830665e+00 1.08931976e+00
4.0700 1.89170366e-07 2.84666745e-08 -4.88214702e-09 4.95602818e-08 -4.00399473e-09 -1.71152669e-09 2.62315175e-07 2.56599654e-07 1.00748668e+00 2.38393575e-02 -1.25137621e-02 7.79025961e-02 -8.29089033e-03 -4.17463045e-03 1.09671487e+00 1.08424935e+00
4.0800 1.88808115e-07 3.67013555e-08 -5.60555621e-09 4.78787448e-08 -2.23826625e-09 -3.12937614e-09 2.67782659e-07 2.62415017e-07 1.00555588e+00 3.07350331e-02 -1.43686516e-02 7.52579458e-02 -4.64157841e-03 -7.63330952e-03 1.09718021e+00 1.08490532e+00
4.0900 1.88479184e-07 4.28347350e-08 -5.53991609e-09 4.66759299e-08 3.19555602e-11 -3.79141823e-09 2.72449933e-07 2.68690470e-07 1.00380305e+00 3.58705261e-02 -1.41992765e-02 7.33670118e-02 4.94075147e-05 -9.24761291e-03 1.09884131e+00 1.08964311e+00
4.1000 1.88177507e-07 4.57188566e-08 -4.74886803e-09 4.58716830e-08 2.01641654e-09 -3.62153872e-09 2.75019179e-07 2.73414056e-07 1.00219583e+00 3.82842405e-02 -1.21693071e-02 7.21040347e-02 4.14880641e-03 -8.83229488e-03 1.10041480e+00 1.09573131e+00
4.1100 1.87892513e-07 4.49130998e-08 -3.53802002e-09 4.53372507e-08 2.99769412e-09 -2.67729868e-09 2.74604844e-07 2.74925239e-07 1.00067764e+00 3.76072088e-02 -9.06304183e-03 7.12665409e-02 6.17462229e-03 -6.52829661e-03 1.10048834e+00 1.10013467e+00
4.1200 1.87610465e-07 4.07584228e-08 -2.35810209e-09 4.48974921e-08 2.56339867e-09 -1.13018564e-09 2.70908278e-07 2.72341491e-07 9.99174892e-01 3.41252611e-02 -6.03690714e-03 7.05788486e-02 5.27577276e-03 -2.75436341e-03 1.09784209e+00 1.10036350e+00
4.1300 1.87316673e-07 3.42472812e-08 -1.66827210e-09 4.43466119e-08 7.43203079e-10 7.75752638e-10 2.64242294e-07 2.65761250e-07 9.97608921e-01 2.86699933e-02 -4.26878442e-03 6.97168870e-02 1.51482727e-03 1.89402009e-03 1.09172702e+00 1.09513586e+00
4.1400 1.86998490e-07 2.67430061e-08 -1.80194893e-09 4.34788039e-08 -1.99596304e-09 2.77277928e-09 2.55418351e-07 2.56195167e-07 9.95912035e-01 2.23836162e-02 -4.61386888e-03 6.83564867e-02 -4.14243341e-03 6.76389546e-03 1.08203827e+00 1.08465973e+00
4.1500 1.86648571e-07 1.96371066e-08 -2.87516984e-09 4.21281508e-08 -4.89653089e-09 4.61242076e-09 2.45538658e-07 2.45254548e-07 9.94045040e-01 1.64318230e-02 -7.36964351e-03 6.62362250e-02 -1.01303961e-02 1.12495359e-02 1.06934344e+00 1.07046258e+00
4.1600 1.86267537e-07 1.40381794e-08 -4.76283634e-09 4.02067001e-08 -7.15148333e-09 6.09408419e-09 2.35749580e-07 2.34692181e-07 9.92011502e-01 1.17431770e-02 -1.22150079e-02 6.32173833e-02 -1.47821653e-02 1.48620911e-02 1.05475705e+00 1.05483698e+00
4.1700 1.85865029e-07 1.05648234e-08 -7.14633908e-09 3.77281928e-08 -8.16123771e-09 7.07778087e-09 2.27011706e-07 2.25928249e-07 9.89863353e-01 8.83567196e-03 -1.83324936e-02 5.93213177e-02 -1.68602218e-02 1.72604335e-02 1.03968785e+00 1.04008806e+00
4.1800 1.85458386e-07 9.27771594e-09 -9.61408587e-09 3.48082580e-08 -7.72210607e-09 7.48522066e-09 2.19930274e-07 2.19693388e-07 9.87693768e-01 7.75990294e-03 -2.46661569e-02 5.47297920e-02 -1.59454306e-02 1.82536866e-02 1.02551731e+00 1.02782556e+00
4.1900 1.85068815e-07 9.74623456e-09 -1.17813117e-08 3.16389201e-08 -6.08519496e-09 7.29616759e-09 2.14672658e-07 2.15883631e-07 9.85616586e-01 8.15495201e-03 -3.02289043e-02 4.97448915e-02 -1.25582088e-02 1.77922968e-02 1.01328753e+00 1.01852161e+00
4.2000 1.84715750e-07 1.12141556e-08 -1.33916909e-08 2.84435006e-08 -3.86793356e-09 6.54572956e-09 2.10981715e-07 2.13659511e-07 9.83736047e-01 9.38724500e-03 -3.43631168e-02 4.47180841e-02 -7.97523845e-03 1.59615084e-02 1.00347826e+00 1.01146453e+00
4.2100 1.84410868e-07 1.28131926e-08 -1.43713628e-08 2.54244608e-08 -1.84931753e-09 5.32422352e-09 2.08277158e-07 2.11752064e-07 9.82114732e-01 1.07294346e-02 -3.68792037e-02 3.99681585e-02 -3.80612193e-03 1.29812129e-02 9.95933122e-01 1.00510821e+00
4.2200 1.84153632e-07 1.37726402e-08 -1.48228280e-08 2.27191275e-08 -7.17864399e-10 3.77660545e-09 2.05822571e-07 2.08881312e-07 9.80749693e-01 1.15359682e-02 -3.80399285e-02 3.57115380e-02 -1.47263067e-03 9.20476196e-03 9.89957271e-01 9.97689402e-01
4.2300 1.83930019e-07 1.35839094e-08 -1.49659204e-08 2.03757380e-08 -8.55559005e-10 2.09557801e-09 2.02923746e-07 2.04163765e-07 9.79565641e-01 1.13808317e-02 -3.84090004e-02 3.20245335e-02 -1.76259862e-03 5.10230430e-03 9.84562006e-01 9.87901712e-01
4.2400 1.83715286e-07 1.20943859e-08 -1.50492214e-08 1.83557834e-08 -2.22730113e-09 5.02968681e-10 1.99116234e-07 1.97391901e-07 9.78429779e-01 1.01360885e-02 -3.86238718e-02 2.88469457e-02 -4.60197239e-03 1.21539154e-03 9.78788942e-01 9.75402361e-01
4.2500 1.83480416e-07 9.52094007e-09 -1.52628807e-08 1.65604608e-08 -4.40873424e-09 -7.82106909e-10 1.94298937e-07 1.89108095e-07 9.77186328e-01 7.98314780e-03 -3.91721630e-02 2.60235914e-02 -9.11278310e-03 -1.92079038e-03 9.72020904e-01 9.60987330e-01
4.2600 1.83200651e-07 6.38703224e-09 -1.56809223e-08 1.48719351e-08 -6.73866792e-09 -1.58388715e-09 1.88778697e-07 1.80456142e-07 9.75702210e-01 5.36010033e-03 -4.02437214e-02 2.33691481e-02 -1.39283922e-02 -3.87677973e-03 9.64187737e-01 9.46382565e-01
4.2700 1.82863663e-07 3.39839920e-09 -1.62493403e-08 1.31962774e-08 -8.54155035e-09 -1.80959497e-09 1.83208999e-07 1.72857854e-07 9.73910848e-01 2.85767711e-03 -4.17001252e-02 2.07356779e-02 -1.76532172e-02 -4.42576805e-03 9.55804078e-01 9.33725093e-01
4.2800 1.82474824e-07 1.28130367e-09 -1.68200483e-08 1.14953831e-08 -9.34413163e-09 -1.47578024e-09 1.78431462e-07 1.67611551e-07 9.71840431e-01 1.08390265e-03 -4.31617773e-02 1.80628726e-02 -1.93101988e-02 -3.60806351e-03 9.47825429e-01 9.24907167e-01
4.2900 1.82057738e-07 6.14241962e-10 -1.72156240e-08 9.79937515e-09 -9.01515346e-09 -7.11040095e-10 1.75255731e-07 1.65529537e-07 9.69616822e-01 5.23276000e-04 -4.41739577e-02 1.53976513e-02 -1.86290608e-02 -1.73780449e-03 9.41363792e-01 9.20996926e-01
4.3000 1.81649543e-07 1.68740643e-09 -1.73006795e-08 8.19728873e-09 -7.78517720e-09 2.69073926e-10 1.74233558e-07 1.66717455e-07 9.67438540e-01 1.41915428e-03 -4.43898419e-02 1.28796254e-02 -1.60868954e-02 6.58334424e-04 9.37347478e-01 9.21918917e-01
4.3100 1.81292116e-07 4.42177916e-09 -1.70351681e-08 6.81006344e-09 -6.14520354e-09 1.21067978e-09 1.75488791e-07 1.70554267e-07 9.65529763e-01 3.70599401e-03 -4.37071623e-02 1.06987341e-02 -1.26984353e-02 2.95997760e-03 9.36227329e-01 9.26488871e-01
4.3200 1.81021603e-07 8.36969442e-09 -1.64925878e-08 5.75419678e-09 -4.66311737e-09 1.88154328e-09 1.78652907e-07 1.75871332e-07 9.64084338e-01 7.00972177e-03 -4.23148264e-02 9.03815593e-03 -9.63675206e-03 4.59965189e-03 9.37817389e-01 9.32780289e-01
4.3300 1.80859290e-07 1.28013940e-08 -1.58387762e-08 5.10587873e-09 -3.78272359e-09 2.12580916e-09 1.82927787e-07 1.81270872e-07 9.63216908e-01 1.07200385e-02 -4.06384610e-02 8.01791735e-03 -7.81820375e-03 5.19656549e-03 9.41316402e-01 9.38694764e-01
4.3400 1.80806482e-07 1.68608525e-08 -1.52802394e-08 4.87414537e-09 -3.67321743e-09 1.89771610e-09 1.87261240e-07 1.85485739e-07 9.62935385e-01 1.41206973e-02 -3.92078377e-02 7.65262138e-03 -7.59172814e-03 4.63900764e-03 9.45500866e-01 9.42548146e-01
4.3500 1.80844832e-07 1.97548057e-08 -1.50003275e-08 4.98848960e-09 -4.17731084e-09 1.26459631e-09 1.90587800e-07 1.87675085e-07 9.63142534e-01 1.65476128e-02 -3.84931568e-02 7.83185835e-03 -8.63198610e-03 3.09165873e-03 9.49028848e-01 9.43488521e-01
4.3600 1.80941892e-07 2.09279465e-08 -1.51042613e-08 5.30270031e-09 -4.87149674e-09 3.78879446e-10 1.92068278e-07 1.87575661e-07 9.63665448e-01 1.75354707e-02 -3.87640639e-02 8.32611358e-03 -1.00640795e-02 9.27132012e-04 9.50762969e-01 9.41626021e-01
4.3700 1.81060048e-07 2.01792384e-08 -1.55896775e-08 5.61351517e-09 -5.21436012e-09 -5.71534722e-10 1.91263124e-07 1.85477229e-07 9.64303173e-01 1.69151488e-02 -4.00141418e-02 8.81598221e-03 -1.07699852e-02 -1.39535051e-03 9.50020162e-01 9.37854826e-01
4.3800 1.81165998e-07 1.76898150e-08 -1.63499931e-08 5.69047799e-09 -4.73105099e-09 -1.41856941e-09 1.88196298e-07 1.82046678e-07 9.64877330e-01 1.48372238e-02 -4.19695897e-02 8.93904854e-03 -9.76949891e-03 -3.46510997e-03 9.46684012e-01 9.33449403e-01
4.3900 1.81237891e-07 1.39578423e-08 -1.72070113e-08 5.31214792e-09 -3.17269314e-09 -2.05765797e-09 1.83300870e-07 1.78070519e-07 9.65270308e-01 1.17176567e-02 -4.41729039e-02 8.34682013e-03 -6.54925978e-03 -5.02676473e-03 9.41161881e-01 9.29585857e-01
4.4000 1.81268097e-07 9.66227469e-09 -1.79605063e-08 4.30317298e-09 -6.00655149e-10 -2.46696760e-09 1.77273038e-07 1.74205415e-07 9.65440264e-01 8.12396741e-03 -4.61100940e-02 6.76309007e-03 -1.23652267e-03 -6.02716111e-03 9.34217228e-01 9.26953544e-01
4.4100 1.81261146e-07 5.49696483e-09 -1.84386619e-08 2.56642274e-09 2.62762901e-09 -2.69787767e-09 1.70885872e-07 1.70815623e-07 9.65410353e-01 4.63654555e-03 -4.73400777e-02 4.03458360e-03 5.43036268e-03 -6.59202737e-03 9.26741404e-01 9.25579739e-01
4.4200 1.81228012e-07 2.02263521e-09 -1.85349651e-08 1.04402932e-10 5.96197596e-09 -2.84217403e-09 1.64820085e-07 1.67939887e-07 9.65238396e-01 1.72482643e-03 -4.75893286e-02 1.64774423e-04 1.23154342e-02 -6.94572133e-03 9.19538668e-01 9.24908381e-01
4.4300 1.81179095e-07 -4.24967738e-10 -1.82232655e-08 -2.97508509e-09 8.81512236e-09 -2.98896654e-09 1.59555777e-07 1.65381933e-07 9.64979605e-01 -3.29610760e-04 -4.67905189e-02 -4.67708589e-03 1.82065504e-02 -7.30588842e-03 9.13182389e-01 9.24083051e-01
4.4400 1.81118640e-07 -1.75321566e-09 -1.75506369e-08 -6.47215112e-09 1.07201920e-08 -3.18713847e-09 1.55342637e-07 1.62875690e-07 9.64656808e-01 -1.44834570e-03 -4.50642381e-02 -1.01766507e-02 2.21403802e-02 -7.79168832e-03 9.07967574e-01 9.22316266e-01
4.4500 1.81042676e-07 -2.06426405e-09 -1.66145289e-08 -1.01266850e-08 1.14427244e-08 -3.42635322e-09 1.52237198e-07 1.60253569e-07 9.64249371e-01 -1.71583946e-03 -4.26604230e-02 -1.59245745e-02 2.36334729e-02 -8.37743251e-03 9.03948534e-01 9.19204574e-01
4.4600 1.80941204e-07 -1.56739031e-09 -1.55342707e-08 -1.36643660e-08 1.10179694e-08 -3.64241389e-09 1.50175177e-07 1.57550733e-07 9.63704720e-01 -1.30625724e-03 -3.98853062e-02 -2.14889170e-02 2.27590040e-02 -8.90578830e-03 9.01024239e-01 9.14877455e-01
4.4700 1.80803769e-07 -4.87655593e-10 -1.44265189e-08 -1.68480174e-08 9.70967667e-09 -3.74377466e-09 1.49041578e-07 1.55007480e-07 9.62967828e-01 -4.07189137e-04 -3.70384627e-02 -2.64960170e-02 2.00615087e-02 -9.15269981e-03 8.99026159e-01 9.09934968e-01
4.4800 1.80626212e-07 9.98368807e-10 -1.33904754e-08 -1.95227402e-08 7.91085399e-09 -3.64847787e-09 1.48711365e-07 1.52973741e-07 9.62017068e-01 8.34032576e-04 -3.43748881e-02 -3.07016200e-02 1.63519367e-02 -8.91777538e-03 8.97774593e-01 9.05208754e-01
4.4900 1.80415918e-07 2.78425308e-09 -1.25035268e-08 -2.16433071e-08 6.02233064e-09 -3.31737272e-09 1.49053337e-07 1.51758295e-07 9.60892107e-01 2.32841353e-03 -3.20937620e-02 -3.40341160e-02 1.24570345e-02 -8.10553768e-03 8.97092642e-01 9.01444139e-01
4.5000 1.80193316e-07 4.81585577e-09 -1.18235356e-08 -2.32757801e-08 4.34749789e-09 -2.77126516e-09 1.49909856e-07 1.51486089e-07 9.59701878e-01 4.03038156e-03 -3.03442273e-02 -3.65972153e-02 9.00224658e-03 -6.76732740e-03 8.96790817e-01 8.99025737e-01
4.5100 1.79988653e-07 7.05169964e-09 -1.13919945e-08 -2.45716997e-08 3.03194527e-09 -2.08586788e-09 1.51076659e-07 1.52022736e-07 9.58607473e-01 5.90470264e-03 -2.92333514e-02 -3.86294330e-02 6.28735434e-03 -5.08887140e-03 8.96649391e-01 8.97847874e-01
4.5200 1.79834729e-07 9.42461202e-09 -1.12331763e-08 -2.57208263e-08 2.05936969e-09 -1.36671264e-09 1.52305339e-07 1.52997996e-07 9.57783567e-01 7.89448585e-03 -2.88238122e-02 -4.04297690e-02 4.27825960e-03 -3.32881709e-03 8.96424472e-01 8.97373914e-01
4.5300 1.79757764e-07 1.18226568e-08 -1.13475956e-08 -2.68949444e-08 1.29655023e-09 -7.13515441e-10 1.53337881e-07 1.53920916e-07 9.57369871e-01 9.90534240e-03 -2.91170214e-02 -4.22692514e-02 2.69996414e-03 -1.73146393e-03 8.95888940e-01 8.96857440e-01
4.5400 1.79769315e-07 1.40954519e-08 -1.17020141e-08 -2.81984224e-08 5.66376530e-10 -1.87227365e-10 1.53964330e-07 1.54343480e-07 9.57428150e-01 1.18107795e-02 -3.00274463e-02 -4.43130326e-02 1.18733276e-03 -4.46078658e-04 8.94898450e-01 8.95639704e-01
4.5500 1.79861974e-07 1.60791400e-08 -1.22211422e-08 -2.96397255e-08 -2.77437242e-10 2.08113152e-10 1.54080247e-07 1.54010923e-07 9.57919323e-01 1.34731808e-02 -3.13613627e-02 -4.65753900e-02 -5.60787574e-04 5.17552350e-04 8.93455751e-01 8.93412516e-01
4.5600 1.80010452e-07 1.76254586e-08 -1.27868611e-08 -3.11320880e-08 -1.29680024e-09 5.22090720e-10 1.53716961e-07 1.52942252e-07 9.58709138e-01 1.47681867e-02 -3.28149784e-02 -4.89205749e-02 -2.67121715e-03 1.28108795e-03 8.91741772e-01 8.90351643e-01
4.5700 1.80177949e-07 1.86207180e-08 -1.32489089e-08 -3.25227985e-08 -2.44979649e-09 8.34346868e-10 1.53026959e-07 1.51411510e-07 9.59602007e-01 1.56005932e-02 -3.40020151e-02 -5.11086971e-02 -5.05651773e-03 2.03994685e-03 8.90091888e-01 8.87075317e-01
4.5800 1.80326069e-07 1.89881635e-08 -1.34472295e-08 -3.36418106e-08 -3.60612942e-09 1.21918691e-09 1.52225193e-07 1.49838250e-07 9.60393632e-01 1.59063119e-02 -3.45112234e-02 -5.28720779e-02 -7.44706241e-03 2.97664295e-03 8.88916643e-01 8.84446223e-01
4.5900 1.80425359e-07 1.86778435e-08 -1.32419872e-08 -3.43545435e-08 -4.58799904e-09 1.71101309e-09 1.51506671e-07 1.48629686e-07 9.60927014e-01 1.56438454e-02 -3.39835271e-02 -5.39983000e-02 -9.47553023e-03 4.17610571e-03 8.88589033e-01 8.83289608e-01
4.6000 1.80463351e-07 1.76560142e-08 -1.25441224e-08 -3.46027576e-08 -5.22138217e-09 2.28293510e-09 1.50972486e-07 1.48034039e-07 9.61135260e-01 1.47853516e-02 -3.21904805e-02 -5.43946194e-02 -1.07827848e-02 5.57322063e-03 8.89335511e-01 8.84125947e-01
4.6100 1.80447765e-07 1.59069750e-08 -1.13383847e-08 -3.44216196e-08 -5.38253295e-09 2.84630450e-09 1.50594735e-07 1.48058507e-07 9.61058621e-01 1.33181003e-02 -2.90933412e-02 -5.41150265e-02 -1.11138047e-02 6.95156709e-03 8.91168354e-01 8.87006116e-01
4.6200 1.80403958e-07 1.34532064e-08 -9.69234195e-09 -3.39290413e-08 -5.02863285e-09 3.27171686e-09 1.50235781e-07 1.48478865e-07 9.60831101e-01 1.12612472e-02 -2.48660760e-02 -5.33437557e-02 -1.03808387e-02 7.99471146e-03 8.93882517e-01 8.91496390e-01
4.6300 1.80367508e-07 1.03879622e-08 -7.74836207e-09 -3.32923447e-08 -4.20765419e-09 3.42477887e-09 1.49714764e-07 1.48931889e-07 9.60641098e-01 8.69304607e-03 -1.98746334e-02 -5.23431268e-02 -8.68362898e-03 8.37368021e-03 8.97116384e-01 8.96806435e-01
4.6400 1.80374169e-07 6.90385382e-09 -5.69987159e-09 -3.26841845e-08 -3.04834611e-09 3.20512608e-09 1.48893967e-07 1.49050747e-07 9.60678151e-01 5.77473535e-03 -1.46158651e-02 -5.13844158e-02 -6.28860889e-03 7.84245394e-03 9.00452606e-01 9.02006451e-01
4.6500 1.80450178e-07 3.29727884e-09 -3.75698810e-09 -3.22421613e-08 -1.73524887e-09 2.57634297e-09 1.47748307e-07 1.48589401e-07 9.61081502e-01 2.75424864e-03 -9.62922192e-03 -5.06844046e-02 -3.57722129e-03 6.31126700e-03 9.03522124e-01 9.06256170e-01
4.6600 1.80605638e-07 -6.52261744e-11 -2.10890387e-09 -3.20439968e-08 -4.75336778e-10 1.57769598e-09 1.46387511e-07 1.47489871e-07 9.61904950e-01 -6.18977974e-05 -5.40018042e-03 -5.03662542e-02 -9.76995068e-04 3.87545400e-03 9.06076617e-01 9.08975076e-01
4.6700 1.80832676e-07 -2.81797014e-09 -8.90730099e-10 -3.21036740e-08 5.37235055e-10 3.14660646e-10 1.45020301e-07 1.45872197e-07 9.63107030e-01 -2.36792831e-03 -2.27519206e-03 -5.04532168e-02 1.11125120e-03 7.92424996e-04 9.08010693e-01 9.09914369e-01
4.6800 1.81108584e-07 -4.68628757e-09 -1.61091855e-10 -3.23861071e-08 1.15284413e-09 -1.06805118e-09 1.43875098e-07 1.43959891e-07 9.64567669e-01 -3.93417610e-03 -4.04280772e-04 -5.08914059e-02 2.37885793e-03 -2.58420060e-03 9.09337806e-01 9.09132463e-01
4.6900 1.81402735e-07 -5.56529776e-09 1.05776069e-10 -3.28316629e-08 1.29031911e-09 -2.42212242e-09 1.43111550e-07 1.41979747e-07 9.66124788e-01 -4.67289865e-03 2.79118639e-04 -5.15880536e-02 2.65864729e-03 -5.89169988e-03 9.10142955e-01 9.06909902e-01
4.7000 1.81685030e-07 -5.55544865e-09 1.25762884e-11 -3.33794525e-08 9.49843872e-10 -3.62908642e-09 1.42762706e-07 1.40083463e-07 9.67619144e-01 -4.66796027e-03 3.89217241e-05 -5.24479070e-02 1.95148293e-03 -8.84010287e-03 9.10542199e-01 9.03653579e-01
4.7100 1.81933443e-07 -4.93526664e-09 -2.82087230e-10 -3.39804684e-08 2.12714849e-10 -4.62231638e-09 1.42735621e-07 1.38326020e-07 9.68934283e-01 -4.15202105e-03 -7.17661541e-04 -5.33937917e-02 4.25678485e-04 -1.12660665e-02 9.10670808e-01 8.99830420e-01
4.7200 1.82138654e-07 -4.07383285e-09 -5.94516734e-10 -3.45972610e-08 -7.72644329e-10 -5.39252507e-09 1.42873044e-07 1.36707875e-07 9.70021119e-01 -3.43335434e-03 -1.51920242e-03 -5.43661665e-02 -1.61195839e-03 -1.31464562e-02 9.10702396e-01 8.95943982e-01
4.7300 1.82304816e-07 -3.30936334e-09 -7.51307240e-10 -3.51935033e-08 -1.81681877e-09 -5.97711779e-09 1.43050642e-07 1.35256705e-07 9.70901982e-01 -2.79436312e-03 -1.92082707e-03 -5.53069213e-02 -3.77014129e-03 -1.45724426e-02 9.10879871e-01 8.92537287e-01
4.7400 1.82446662e-07 -2.83619494e-09 -6.23351164e-10 -3.57216775e-08 -2.72351729e-09 -6.43839445e-09 1.43265439e-07 1.34103527e-07 9.71655271e-01 -2.39717201e-03 -1.59141119e-03 -5.61403049e-02 -5.64355467e-03 -1.56962995e-02 9.11526383e-01 8.90186529e-01
4.7500 1.82584176e-07 -2.64315515e-09 -1.52361057e-10 -3.61181594e-08 -3.32525001e-09 -6.83817660e-09 1.43670500e-07 1.33507074e-07 9.72387134e-01 -2.23222216e-03 -3.81570576e-04 -5.67654900e-02 -6.88648703e-03 -1.66694082e-02 9.13007851e-01 8.89451956e-01
4.7600 1.82736527e-07 -2.53002368e-09 6.35541386e-10 -3.63116935e-08 -3.51314662e-09 -7.21643200e-09 1.44530351e-07 1.33800772e-07 9.73199326e-01 -2.13217162e-03 1.64151653e-03 -5.70701154e-02 -7.27433444e-03 -1.75899771e-02 9.15638556e-01 8.90774244e-01
4.7700 1.82916997e-07 -2.20061990e-09 1.63295624e-09 -3.62449276e-08 -3.25438297e-09 -7.57928625e-09 1.46104405e-07 1.35270736e-07 9.74162269e-01 -1.84983161e-03 4.20215606e-03 -5.69642245e-02 -6.73950778e-03 -1.84736554e-02 9.19550369e-01 8.94337206e-01
4.7800 1.83130070e-07 -1.40119956e-09 2.67205035e-09 -3.59019173e-08 -2.59350093e-09 -7.89848312e-09 1.48499003e-07 1.38007019e-07 9.75299609e-01 -1.17390624e-03 6.86960620e-03 -5.64234327e-02 -5.37409908e-03 -1.92520974e-02 9.24571876e-01 8.99945680e-01
4.7900 1.83371129e-07 -5.29509906e-11 3.56042346e-09 -3.53301888e-08 -1.63794449e-09 -8.12108830e-09 1.51548413e-07 1.41789380e-07 9.76586594e-01 -3.96837067e-05 9.15007251e-03 -5.55234027e-02 -3.39999473e-03 -1.97965478e-02 9.30173580e-01 9.06977037e-01
4.8000 1.83628440e-07 1.67408052e-09 4.12540922e-09 -3.46460857e-08 -5.32151041e-10 -8.18594984e-09 1.54781844e-07 1.46063743e-07 9.77960624e-01 1.40936448e-03 1.06003532e-02 -5.44479645e-02 -1.11540185e-03 -1.99579452e-02 9.35522377e-01 9.14449030e-01
4.8100 1.83886595e-07 3.37957151e-09 4.25718557e-09 -3.40170352e-08 5.72787917e-10 -8.04250297e-09 1.57506317e-07 1.50036602e-07 9.79339521e-01 2.83741108e-03 1.09384568e-02 -5.34609553e-02 1.16773933e-03 -1.96127786e-02 9.39654434e-01 9.21209394e-01
4.8200 1.84130367e-07 4.54499913e-09 3.94001921e-09 -3.36224742e-08 1.54641732e-09 -7.66775810e-09 1.58992911e-07 1.52871570e-07 9.80642024e-01 3.81028945e-03 1.01238109e-02 -5.28445962e-02 3.18003848e-03 -1.87045445e-02 9.41731528e-01 9.26207022e-01
4.8300 1.84348062e-07 4.70490298e-09 3.26268600e-09 -3.36035443e-08 2.29749045e-09 -7.07822788e-09 1.58712107e-07 1.53931369e-07 9.81805627e-01 3.93891593e-03 8.38406734e-03 -5.28203495e-02 4.73295729e-03 -1.72728919e-02 9.41308260e-01 9.28768326e-01
4.8400 1.84533760e-07 3.61862597e-09 2.40362180e-09 -3.40170825e-08 2.78146004e-09 -6.33461668e-09 1.56538925e-07 1.52985769e-07 9.82798521e-01 3.02295445e-03 6.17707866e-03 -5.34766885e-02 5.73427809e-03 -1.54651458e-02 9.38521865e-01 9.28790998e-01
4.8500 1.84688212e-07 1.38007855e-09 1.59275971e-09 -3.48096577e-08 2.99803172e-09 -5.53805190e-09 1.52851392e-07 1.50311372e-07 9.83624425e-01 1.14246020e-03 4.09303246e-03 -5.47285055e-02 6.18310675e-03 -1.35272271e-02 9.34131412e-01 9.26787292e-01
4.8600 1.84818479e-07 -1.57778715e-09 1.05860129e-09 -3.58219921e-08 2.98233411e-09 -4.81754770e-09 1.48477301e-07 1.46642087e-07 9.84320712e-01 -1.33869883e-03 2.71865084e-03 -5.63243529e-02 6.15173501e-03 -1.17732004e-02 9.29376311e-01 9.23754846e-01
4.8700 1.84936583e-07 -4.59137107e-09 9.73827773e-10 -3.68247154e-08 2.79382510e-09 -4.30952433e-09 1.44494324e-07 1.42978625e-07 9.84951239e-01 -3.86390569e-03 2.49758167e-03 -5.79029256e-02 5.76283562e-03 -1.05354361e-02 9.25681989e-01 9.20909389e-01
4.8800 1.85057489e-07 -6.95563181e-09 1.41399708e-09 -3.75761871e-08 2.50585508e-09 -4.13176123e-09 1.41939667e-07 1.40313761e-07 9.85595645e-01 -5.84242831e-03 3.62430939e-03 -5.90841461e-02 5.16798120e-03 -1.01011576e-02 9.24293380e-01 9.19360203e-01
4.8900 1.85196756e-07 -8.13295548e-09 2.34087018e-09 -3.78856327e-08 2.19669422e-09 -4.35602786e-09 1.41519038e-07 1.39359704e-07 9.86336810e-01 -6.82437220e-03 6.00122942e-03 -5.95684649e-02 4.52912099e-03 -1.06457019e-02 9.25945202e-01 9.19828621e-01
4.9000 1.85368141e-07 -7.91274679e-09 3.61526616e-09 -3.76627538e-08 1.94101420e-09 -4.98528974e-09 1.43407907e-07 1.40363631e-07 9.87248077e-01 -6.63421786e-03 9.27149445e-03 -5.92147512e-02 4.00091910e-03 -1.21768664e-02 9.30670602e-01 9.22494655e-01
4.9100 1.85581451e-07 -6.46933084e-09 5.03590050e-09 -3.69390804e-08 1.80030183e-09 -5.94202918e-09 1.47208940e-07 1.43067213e-07 9.88381777e-01 -5.41908821e-03 1.29185755e-02 -5.80736439e-02 3.71082602e-03 -1.45063001e-02 9.37807620e-01 9.27012146e-01
4.9200 1.85840931e-07 -4.30067572e-09 6.39298303e-09 -3.58552783e-08 1.81179267e-09 -7.07310717e-09 1.52077960e-07 1.46816646e-07 9.89760636e-01 -3.59716196e-03 1.64037689e-02 -5.63673279e-02 3.73607281e-03 -1.72612021e-02 9.46199915e-01 9.32674786e-01
4.9300 1.86144466e-07 -2.07108745e-09 7.52091059e-09 -3.46193512e-08 1.97770365e-09 -8.17343253e-09 1.56974938e-07 1.50779209e-07 9.91373532e-01 -1.72569045e-03 1.93014664e-02 -5.44235723e-02 4.08131211e-03 -1.99418977e-02 9.54525735e-01 9.38665150e-01
4.9400 1.86483785e-07 -4.12715363e-10 8.33472227e-09 -3.34495466e-08 2.25862193e-09 -9.02594328e-09 1.60956245e-07 1.54188924e-07 9.93176602e-01 -3.34599103e-04 2.13928344e-02 -5.25858045e-02 4.66491577e-03 -2.20192484e-02 9.61649033e-01 9.44294700e-01
4.9500 1.86845697e-07 2.47752862e-10 8.84012214e-09 -3.25198332e-08 2.57556777e-09 -9.45024566e-09 1.63413739e-07 1.56539061e-07 9.95099861e-01 2.18706792e-04 2.26917117e-02 -5.11273455e-02 5.32328063e-03 -2.30532565e-02 9.66882934e-01 9.49152958e-01
4.9600 1.87214174e-07 -2.16987562e-10 9.11526476e-09 -3.19238572e-08 2.82369597e-09 -9.34835324e-09 1.64188594e-07 1.57663937e-07 9.97058277e-01 -1.72052175e-04 2.33980490e-02 -5.01948214e-02 5.83925480e-03 -2.28046810e-02 9.70089452e-01 9.53124026e-01
4.9700 1.87572865e-07 -1.64384347e-09 9.27147011e-09 -3.16662028e-08 2.89699423e-09 -8.73488732e-09 1.63534289e-07 1.57696396e-07 9.98965183e-01 -1.36968324e-03 2.37972379e-02 -4.97945926e-02 5.99332105e-03 -2.13088189e-02 9.71598145e-01 9.56282647e-01
4.9800 1.87907539e-07 -3.67748181e-09 9.40666299e-09 -3.16802229e-08 2.71884971e-09 -7.74170286e-09 1.61956498e-07 1.56933644e-07 1.00074519e+00 -3.07589030e-03 2.41406922e-02 -4.98210004e-02 5.62688994e-03 -1.88869321e-02 9.71988996e-01 9.58728953e-01
4.9900 1.88207923e-07 -5.91401727e-09 9.56742138e-09 -3.18630744e-08 2.26977503e-09 -6.59292939e-09 1.59998252e-07 1.55675098e-07 1.00234392e+00 -4.95176377e-03 2.45484318e-02 -5.01116459e-02 4.69966404e-03 -1.60854888e-02 9.71828945e-01 9.60443120e-01
5.0000 1.88468596e-07 -8.03465778e-09 9.73236083e-09 -3.21137965e-08 1.60261799e-09 -5.55440094e-09 1.58052503e-07 1.54100720e-07 1.00373267e+00 -6.72981911e-03 2.49663330e-02 -5.05073921e-02 3.32105681e-03 -1.35528736e-02 9.71461791e-01 9.61229974e-01
5.0100 1.88688880e-07 -9.88320577e-09 9.82221753e-09 -3.23607535e-08 8.38103737e-10 -4.86909892e-09 1.56267139e-07 1.52236143e-07 1.00490773e+00 -8.27896027e-03 2.51918395e-02 -5.08955572e-02 1.74089425e-03 -1.18818974e-02 9.70925049e-01 9.60784046e-01
5.0200 1.88871909e-07 -1.14673162e-08 9.73288074e-09 -3.25700089e-08 1.39159755e-10 -4.69511829e-09 1.54567464e-07 1.50011506e-07 1.00588544e+00 -9.60553907e-03 2.49585500e-02 -5.12230395e-02 2.96228560e-04 -1.14583923e-02 9.70015415e-01 9.58853251e-01
5.0300 1.89023310e-07 -1.28949697e-08 9.37981588e-09 -3.27340516e-08 -3.30535680e-10 -5.06303945e-09 1.52774105e-07 1.47380530e-07 1.00669523e+00 -1.08001221e-02 2.40500653e-02 -5.14784873e-02 -6.74448690e-04 -1.23571026e-02 9.68466686e-01 9.55435135e-01
5.0400 1.89149939e-07 -1.42821146e-08 8.73842397e-09 -3.28477888e-08 -4.52390328e-10 -5.86501821e-09 1.50758460e-07 1.44441051e-07 1.00737290e+00 -1.19600938e-02 2.24034677e-02 -5.16544184e-02 -9.26010726e-04 -1.43149568e-02 9.66161859e-01 9.50920892e-01
5.0500 1.89258979e-07 -1.56755996e-08 7.86618572e-09 -3.28831991e-08 -1.89105457e-10 -6.87951248e-09 1.48566366e-07 1.41497748e-07 1.00795605e+00 -1.31250620e-02 2.01661342e-02 -5.17072415e-02 -3.81529398e-04 -1.67913232e-02 9.63289880e-01 9.46117028e-01
5.0600 1.89357506e-07 -1.70249793e-08 6.89846368e-09 -3.27740759e-08 4.00795761e-10 -7.82573427e-09 1.46456915e-07 1.39031976e-07 1.00848184e+00 -1.42531968e-02 1.76850241e-02 -5.15331818e-02 8.37764069e-04 -1.91008585e-02 9.60380487e-01 9.42117392e-01
5.0700 1.89452357e-07 -1.82127570e-08 6.01852607e-09 -3.24181540e-08 1.17594125e-09 -8.43357436e-09 1.44839972e-07 1.37582339e-07 1.00898644e+00 -1.52465103e-02 1.54298682e-02 -5.09715891e-02 2.43940113e-03 -2.05841792e-02 9.58198206e-01 9.40053428e-01
5.0800 1.89549997e-07 -1.91256255e-08 5.41078338e-09 -3.16973078e-08 1.94981396e-09 -8.51042699e-09 1.44137847e-07 1.37577234e-07 1.00950433e+00 -1.60104689e-02 1.38733015e-02 -4.98367138e-02 4.03771729e-03 -2.07710233e-02 9.57530449e-01 9.40797142e-01
5.0900 1.89656112e-07 -1.97307037e-08 5.21160425e-09 -3.05099390e-08 2.54231865e-09 -7.98736141e-09 1.44627073e-07 1.39182031e-07 1.01006616e+00 -1.65177863e-02 1.33647727e-02 -4.79686849e-02 5.26051269e-03 -1.94930336e-02 9.58944459e-01 9.44711938e-01
5.1000 1.89774838e-07 -2.01182943e-08 5.47269257e-09 -2.88054001e-08 2.82956654e-09 -6.93310965e-09 1.46323836e-07 1.42220293e-07 1.01069449e+00 -1.68441780e-02 1.40366508e-02 -4.52877064e-02 5.85196987e-03 -1.69179806e-02 9.62599253e-01 9.51533243e-01
5.1100 1.89907785e-07 -2.04871720e-08 6.14778891e-09 -2.66096332e-08 2.77653685e-09 -5.53348976e-09 1.48958768e-07 1.46201815e-07 1.01139851e+00 -1.71560017e-02 1.57701348e-02 -4.18344335e-02 5.74011409e-03 -1.34995811e-02 9.68178206e-01 9.60418739e-01
5.1200 1.90053271e-07 -2.10736593e-08 7.10594889e-09 -2.40340527e-08 2.44268179e-09 -4.04335706e-09 1.52051507e-07 1.50450832e-07 1.01216981e+00 -1.76508503e-02 1.82293105e-02 -3.77839821e-02 5.04829817e-03 -9.86020148e-03 9.74964285e-01 9.70152382e-01
5.1300 1.90206232e-07 -2.20510910e-08 8.16643050e-09 -2.12647973e-08 1.95928292e-09 -2.72515448e-09 1.55056774e-07 1.54290903e-07 1.01298180e+00 -1.84733905e-02 2.09506191e-02 -3.34290398e-02 4.04827560e-03 -6.64079188e-03 9.82029993e-01 9.79437477e-01
5.1400 1.90359145e-07 -2.34410040e-08 9.14400008e-09 -1.85349210e-08 1.48647606e-09 -1.79068610e-09 1.57527220e-07 1.57223010e-07 1.01379460e+00 -1.96410666e-02 2.34590393e-02 -2.91361231e-02 3.07125963e-03 -4.35865125e-03 9.88476447e-01 9.87189055e-01
5.1500 1.90503953e-07 -2.50751139e-08 9.89115240e-09 -1.60861510e-08 1.16422373e-09 -1.36039737e-09 1.59233840e-07 1.59037666e-07 1.01456525e+00 -2.10123735e-02 2.53763500e-02 -2.52854088e-02 2.40651196e-03 -3.30792502e-03 9.93643818e-01 9.92742405e-01
5.1600 1.90634587e-07 -2.66284290e-08 1.03258328e-08 -1.41285137e-08 1.07297428e-09 -1.44828819e-09 1.60203477e-07 1.59828163e-07 1.01526127e+00 -2.23147132e-02 2.64922075e-02 -2.22072099e-02 2.22001221e-03 -3.52271045e-03 9.97231552e-01 9.95928854e-01
5.1700 1.90749329e-07 -2.77160025e-08 1.04387410e-08 -1.28054466e-08 1.21588193e-09 -1.97279138e-09 1.60666621e-07 1.59909712e-07 1.01587325e+00 -2.32255234e-02 2.67828551e-02 -2.01270810e-02 2.51775598e-03 -4.80360911e-03 9.99303503e-01 9.97017650e-01
5.1800 1.90852161e-07 -2.80199847e-08 1.02811061e-08 -1.21697714e-08 1.52672482e-09 -2.78702383e-09 1.60943511e-07 1.59683211e-07 1.01642217e+00 -2.34787269e-02 2.63797518e-02 -1.91280245e-02 3.16222337e-03 -6.79164117e-03 1.00019517e+00 9.96565748e-01
5.1900 1.90952443e-07 -2.74002843e-08 9.93958708e-09 -1.21732724e-08 1.89884185e-09 -3.71775039e-09 1.61318473e-07 1.59499564e-07 1.01695767e+00 -2.29573791e-02 2.55051877e-02 -1.91341091e-02 3.93232505e-03 -9.06348190e-03 1.00037137e+00 9.95240217e-01
5.2000 1.91062754e-07 -2.59468752e-08 9.50785365e-09 -1.26704855e-08 2.22362639e-09 -4.60205181e-09 1.61953247e-07 1.59574822e-07 1.01754663e+00 -2.17373780e-02 2.43993967e-02 -1.99164550e-02 4.60310591e-03 -1.12211115e-02 1.00029220e+00 9.93674190e-01
5.2100 1.91195305e-07 -2.39530533e-08 9.06379043e-09 -1.34359787e-08 2.42467391e-09 -5.31361594e-09 1.62870063e-07 1.59981121e-07 1.01825395e+00 -2.00649243e-02 2.32621002e-02 -2.11204465e-02 5.01643991e-03 -1.29561070e-02 1.00033068e+00 9.92391012e-01
5.2200 1.91357890e-07 -2.18185873e-08 8.65776606e-09 -1.41935784e-08 2.47626764e-09 -5.77530945e-09 1.64003491e-07 1.60704449e-07 1.01912103e+00 -1.82752674e-02 2.22224338e-02 -2.23117287e-02 5.11930016e-03 -1.40803787e-02 1.00075647e+00 9.91795387e-01
5.2300 1.91550629e-07 -1.99182162e-08 8.31262360e-09 -1.46550378e-08 2.40135347e-09 -5.95936628e-09 1.65289998e-07 1.61731985e-07 1.02014834e+00 -1.66824671e-02 2.13389346e-02 -2.30370407e-02 4.95956530e-03 -1.45265930e-02 1.00176776e+00 9.92200735e-01
5.2400 1.91764586e-07 -1.84839480e-08 8.03187066e-09 -1.45640907e-08 2.25198527e-09 -5.87958078e-09 1.66748418e-07 1.63120822e-07 1.02128809e+00 -1.54807855e-02 2.06205520e-02 -2.28934940e-02 4.64552138e-03 -1.43290027e-02 1.00353436e+00 9.93850879e-01
5.2500 1.91982909e-07 -1.75440258e-08 7.81044171e-09 -1.37397742e-08 2.08148799e-09 -5.58057913e-09 1.68509551e-07 1.65010460e-07 1.02245030e+00 -1.46936184e-02 2.00542442e-02 -2.15966796e-02 4.28818700e-03 -1.35970997e-02 1.00621425e+00 9.96905334e-01
5.2600 1.92184337e-07 -1.69394329e-08 7.64288522e-09 -1.21110929e-08 1.92004092e-09 -5.12782871e-09 1.70776696e-07 1.67568908e-07 1.02352154e+00 -1.41874279e-02 1.96259634e-02 -1.90351353e-02 3.95067901e-03 -1.24910733e-02 1.00992494e+00 1.00138455e+00
5.2700 1.92348212e-07 -1.64089894e-08 7.52633810e-09 -9.73466254e-09 1.76327402e-09 -4.59957974e-09 1.73730898e-07 1.70894592e-07 1.02439169e+00 -1.37431465e-02 1.93282697e-02 -1.52980404e-02 3.62448603e-03 -1.12020354e-02 1.01467877e+00 1.00710122e+00
5.2800 1.92459617e-07 -1.57080916e-08 7.45886416e-09 -6.78892180e-09 1.57777740e-09 -4.07974110e-09 1.77421468e-07 1.74919504e-07 1.02498131e+00 -1.31557367e-02 1.91560642e-02 -1.06660667e-02 3.24075117e-03 -9.93460931e-03 1.02031558e+00 1.01362172e+00
5.2900 1.92513146e-07 -1.47140095e-08 7.43615115e-09 -3.54307714e-09 1.32044858e-09 -3.64980310e-09 1.81692210e-07 1.79362856e-07 1.02526182e+00 -1.23224324e-02 1.90981273e-02 -5.56251467e-03 2.71023598e-03 -8.88728142e-03 1.02647500e+00 1.02029796e+00
5.3000 1.92514210e-07 -1.34769901e-08 7.45013460e-09 -3.05330873e-10 9.63064150e-10 -3.37865657e-09 1.86182024e-07 1.83766431e-07 1.02526235e+00 -1.12855164e-02 1.91336184e-02 -4.71902041e-04 1.97417156e-03 -8.22768687e-03 1.03263855e+00 1.02638504e+00
5.3100 1.92477490e-07 -1.21985315e-08 7.49167847e-09 2.63868405e-09 5.11466736e-10 -3.31104393e-09 1.90409321e-07 1.87609744e-07 1.02506152e+00 -1.02140345e-02 1.92389934e-02 4.15681701e-03 1.04405070e-03 -8.06458133e-03 1.03824329e+00 1.03122276e+00
5.3200 1.92422989e-07 -1.11472591e-08 7.55674987e-09 5.08223604e-09 1.10010481e-11 -3.45738426e-09 1.93914715e-07 1.90468332e-07 1.02476630e+00 -9.33321838e-03 1.94038871e-02 7.99877925e-03 1.30298208e-05 -8.42314257e-03 1.04283575e+00 1.03442563e+00
5.3300 1.92370854e-07 -1.05473728e-08 7.65292074e-09 6.93359199e-09 -4.64625528e-10 -3.78873372e-09 1.96409994e-07 1.92156635e-07 1.02448442e+00 -8.83095013e-03 1.96478206e-02 1.09099100e-02 -9.66948803e-04 -9.23274004e-03 1.04621120e+00 1.03601151e+00
5.3400 1.92336474e-07 -1.04850307e-08 7.80185181e-09 8.22167508e-09 -8.37240368e-10 -4.23998795e-09 1.97874970e-07 1.92797742e-07 1.02429818e+00 -8.77930512e-03 2.00265786e-02 1.29357628e-02 -1.73447075e-03 -1.03347348e-02 1.04848121e+00 1.03641201e+00
5.3500 1.92327205e-07 -1.08703344e-08 8.03440881e-09 9.06964264e-09 -1.05189253e-09 -4.72215709e-09 1.98560922e-07 1.92786872e-07 1.02424699e+00 -9.10274127e-03 2.06196571e-02 1.42699385e-02 -2.17588749e-03 -1.15123434e-02 1.05003384e+00 1.03634561e+00
5.3600 1.92341562e-07 -1.14699831e-08 8.37801883e-09 9.64456781e-09 -1.09769230e-09 -5.14144183e-09 1.98894166e-07 1.92655032e-07 1.02432310e+00 -9.60554531e-03 2.14977790e-02 1.51749628e-02 -2.26848791e-03 -1.25370533e-02 1.05139029e+00 1.03658475e+00
5.3700 1.92370907e-07 -1.19972139e-08 8.83967140e-09 1.00992448e-08 -1.01361745e-09 -5.42013721e-09 1.99312610e-07 1.92878855e-07 1.02448057e+00 -1.00472946e-02 2.26792240e-02 1.58908152e-02 -2.09264675e-03 -1.32194959e-02 1.05300331e+00 1.03769117e+00
5.3800 1.92402926e-07 -1.22226605e-08 9.39098151e-09 1.05251124e-08 -8.76721789e-10 -5.51324788e-09 2.00096360e-07 1.93706390e-07 1.02465383e+00 -1.02358242e-02 2.40914492e-02 1.65609691e-02 -1.80759262e-03 -1.34498959e-02 1.05507042e+00 1.03981294e+00
5.3900 1.92425712e-07 -1.20613261e-08 9.96249430e-09 1.09320024e-08 -7.76814307e-10 -5.41571501e-09 2.01258882e-07 1.95066353e-07 1.02477942e+00 -1.01001271e-02 2.55564363e-02 1.72006232e-02 -1.59914696e-03 -1.32156801e-02 1.05743635e+00 1.04262153e+00
5.4000 1.92431184e-07 -1.16002968e-08 1.04522366e-08 1.12615699e-08 -7.86784294e-10 -5.15810019e-09 2.02544693e-07 1.96599809e-07 1.02481416e+00 -9.71353152e-03 2.68126129e-02 1.77178889e-02 -1.61836196e-03 -1.25909960e-02 1.05963113e+00 1.04542177e+00
5.4100 1.92416908e-07 -1.10553716e-08 1.07488634e-08 1.14295914e-08 -9.39381074e-10 -4.79243715e-09 2.03539991e-07 1.97808173e-07 1.02474483e+00 -9.25725826e-03 2.75742459e-02 1.79803430e-02 -1.93339779e-03 -1.17022970e-02 1.06104216e+00 1.04740647e+00
5.4200 1.92385989e-07 -1.06731593e-08 1.07641178e-08 1.13817399e-08 -1.21879654e-09 -4.37333109e-09 2.03858688e-07 1.98266560e-07 1.02458756e+00 -8.93825421e-03 2.76147465e-02 1.79027335e-02 -2.51193349e-03 -1.06823570e-02 1.06116679e+00 1.04797250e+00
5.4300 1.92345345e-07 -1.06171955e-08 1.04647933e-08 1.11417558e-08 -1.56978153e-09 -3.94097369e-09 2.03334698e-07 1.97823943e-07 1.02437865e+00 -8.89364940e-03 2.68487093e-02 1.75226906e-02 -3.23982399e-03 -9.62894503e-03 1.05985640e+00 1.04698763e+00
5.4400 1.92303151e-07 -1.08835980e-08 9.89283988e-09 1.08324254e-08 -1.92038746e-09 -3.51190797e-09 2.02144818e-07 1.96712523e-07 1.02416098e+00 -9.12002006e-03 2.53835301e-02 1.70336494e-02 -3.96799769e-03 -8.58236184e-03 1.05745813e+00 1.04490778e+00
5.4500 1.92266411e-07 -1.12809239e-08 9.16464395e-09 1.06583442e-08 -2.20928459e-09 -3.08038804e-09 2.00808475e-07 1.95518803e-07 1.02397118e+00 -9.45652744e-03 2.35175788e-02 1.67576672e-02 -4.56894365e-03 -7.52876282e-03 1.05478990e+00 1.04269219e+00
5.4600 1.92239414e-07 -1.14843957e-08 8.44642486e-09 1.08524800e-08 -2.40692362e-09 -2.62913144e-09 2.00053924e-07 1.95017869e-07 1.02383153e+00 -9.63045431e-03 2.16770875e-02 1.70613276e-02 -4.98061398e-03 -6.42633530e-03 1.05293949e+00 1.04153254e+00
5.4700 1.92223406e-07 -1.11460318e-08 7.91040999e-09 1.16017668e-08 -2.52223473e-09 -2.14467995e-09 2.00589551e-07 1.95922636e-07 1.02374830e+00 -9.34964062e-03 2.03037131e-02 1.82386941e-02 -5.22053340e-03 -5.24267738e-03 1.05294106e+00 1.04247785e+00
5.4800 1.92217316e-07 -1.00205242e-08 7.68343594e-09 1.29757488e-08 -2.59220274e-09 -1.63083906e-09 2.02855976e-07 1.98632935e-07 1.02371575e+00 -8.40812311e-03 1.97226695e-02 2.03990961e-02 -5.36453722e-03 -3.98747635e-03 1.05542939e+00 1.04607738e+00
5.4900 1.92219003e-07 -8.06031887e-09 7.80341012e-09 1.48833959e-08 -2.65841141e-09 -1.11444493e-09 2.06845490e-07 2.03072634e-07 1.02372277e+00 -6.76592648e-03 2.00310347e-02 2.33992437e-02 -5.49850384e-03 -2.72648642e-03 1.06038712e+00 1.05216213e+00
5.5000 1.92226360e-07 -5.44468952e-09 8.19809087e-09 1.70758061e-08 -2.73997075e-09 -6.40739207e-10 2.12055567e-07 2.08674857e-07 1.02375870e+00 -4.57346363e-03 2.10433317e-02 2.68475248e-02 -5.66246432e-03 -1.57019297e-03 1.06707609e+00 1.05984343e+00
5.5100 1.92237778e-07 -2.53222753e-09 8.69486975e-09 1.91986828e-08 -2.81409866e-09 -2.59771244e-10 2.17599103e-07 2.14525233e-07 1.02381571e+00 -2.13166468e-03 2.23166586e-02 3.01865787e-02 -5.81035355e-03 -6.40636309e-04 1.07418729e+00 1.06773630e+00
5.5200 1.92251835e-07 2.45421346e-10 9.06123678e-09 2.08825166e-08 -2.81325109e-09 -8.90476508e-12 2.22441010e-07 2.19618854e-07 1.02388697e+00 1.97207040e-04 2.32545399e-02 3.28351499e-02 -5.80381319e-03 -2.87758303e-05 1.08017387e+00 1.07434128e+00
5.5300 1.92266441e-07 2.50942320e-09 9.06610992e-09 2.18454871e-08 -2.64186667e-09 1.01751163e-10 2.25687461e-07 2.23147345e-07 1.02396190e+00 2.09520443e-03 2.32642932e-02 3.43499279e-02 -5.44645978e-03 2.40983973e-04 1.08367132e+00 1.07846585e+00
5.5400 1.92277960e-07 4.03389325e-09 8.54523706e-09 2.19785668e-08 -2.20856386e-09 9.50569057e-11 2.26835657e-07 2.24722150e-07 1.02402139e+00 3.37276904e-03 2.19248188e-02 3.45593726e-02 -4.55011890e-03 2.24660442e-04 1.08387835e+00 1.07955289e+00
5.5500 1.92280859e-07 4.78605082e-09 7.45176042e-09 2.13861628e-08 -1.46358705e-09 2.10104285e-11 2.25904833e-07 2.24462257e-07 1.02403590e+00 4.00247153e-03 1.91162874e-02 3.36276070e-02 -3.01203249e-03 4.44044760e-05 1.08078227e+00 1.07781464e+00
5.5600 1.92268199e-07 4.89594636e-09 5.87661696e-09 2.03679429e-08 -4.28635593e-10 -5.89374665e-11 2.23408705e-07 2.22921132e-07 1.02396808e+00 4.09363620e-03 1.50724102e-02 3.20258119e-02 -8.76503360e-04 -1.49798279e-04 1.07515994e+00 1.07413364e+00
5.5700 1.92232951e-07 4.57248175e-09 4.03179258e-09 1.93445591e-08 7.92057035e-10 -9.18636123e-11 2.20181784e-07 2.20881978e-07 1.02377994e+00 3.82186240e-03 1.03373892e-02 3.04154059e-02 1.64203392e-03 -2.28876122e-04 1.06835459e+00 1.06976775e+00
5.5800 1.92169730e-07 4.00243963e-09 2.20009018e-09 1.87466270e-08 2.02490960e-09 -5.02603462e-11 2.17118887e-07 2.19093536e-07 1.02344222e+00 3.34424221e-03 5.63696082e-03 2.94734581e-02 4.18597264e-03 -1.25850843e-04 1.06189688e+00 1.06595700e+00
5.5900 1.92076327e-07 3.27444387e-09 6.64798433e-10 1.88974377e-08 3.06231441e-09 6.05902941e-11 2.14913007e-07 2.18035912e-07 1.02294276e+00 2.73545835e-03 1.69790153e-03 2.97082655e-02 6.32721479e-03 1.46206104e-04 1.05708439e+00 1.06355781e+00
5.6000 1.91954449e-07 2.35839827e-09 -3.61491185e-10 1.99221233e-08 3.71083384e-09 2.07701697e-10 2.13873479e-07 2.17792014e-07 1.02229052e+00 1.97041836e-03 -9.34605194e-04 3.13165466e-02 7.66653276e-03 5.06615884e-04 1.05464288e+00 1.06281603e+00
5.6100 1.91809345e-07 1.14764842e-09 -7.89439077e-10 2.17087454e-08 3.83875359e-09 3.46150424e-10 2.13876299e-07 2.18061203e-07 1.02151367e+00 9.59539369e-04 -2.03175599e-03 3.41222908e-02 7.93174163e-03 8.45590812e-04 1.05456374e+00 1.06334108e+00
5.6200 1.91648411e-07 -4.54882284e-10 -6.72826097e-10 2.39322705e-08 3.40945540e-09 4.39556377e-10 2.14452973e-07 2.18301985e-07 1.02065205e+00 -3.79013964e-04 -1.73200985e-03 3.76144915e-02 7.04672399e-03 1.07422144e-03 1.05615551e+00 1.06427646e+00
5.6300 1.91479246e-07 -2.44381506e-09 -1.91063114e-10 2.61349846e-08 2.49124129e-09 4.77267638e-10 2.14979353e-07 2.17947862e-07 1.01974673e+00 -2.04135875e-03 -4.96098042e-04 4.10736123e-02 5.15191295e-03 1.16641783e-03 1.05828288e+00 1.06460121e+00
5.6400 1.91307849e-07 -4.65267685e-09 3.99841933e-10 2.78416394e-08 1.24118472e-09 4.81216292e-10 2.14896654e-07 2.16619055e-07 1.01883026e+00 -3.88857826e-03 1.01888612e-03 4.37526426e-02 2.57115242e-03 1.17564842e-03 1.05971321e+00 1.06346001e+00
5.6500 1.91137604e-07 -6.75800280e-09 8.33562900e-10 2.86787361e-08 -1.31954431e-10 4.99134760e-10 2.13891900e-07 2.14259080e-07 1.01792110e+00 -5.65000436e-03 2.12960875e-03 4.50646290e-02 -2.64735792e-04 1.21840121e-03 1.05946533e+00 1.06041900e+00
5.6600 1.90969370e-07 -8.35075264e-09 8.98619302e-10 2.84670468e-08 -1.41506156e-09 5.85980841e-10 2.11984283e-07 2.11155202e-07 1.01702404e+00 -6.98297959e-03 2.29370011e-03 4.47281061e-02 -2.91564826e-03 1.42887360e-03 1.05706286e+00 1.05557609e+00
5.6700 1.90802569e-07 -9.05339080e-09 4.85404095e-10 2.72644285e-08 -2.43534567e-09 7.80111958e-10 2.09499011e-07 2.07843777e-07 1.01613594e+00 -7.57098066e-03 1.23036633e-03 4.28343528e-02 -5.02452206e-03 1.90084130e-03 1.05262968e+00 1.04950600e+00
5.6800 1.90636730e-07 -8.64247669e-09 -3.95874582e-10 2.53495963e-08 -3.09114880e-09 1.08318211e-09 2.06947975e-07 2.04940009e-07 1.01525406e+00 -7.22644626e-03 -1.03367504e-03 3.98218176e-02 -6.38108565e-03 2.63859171e-03 1.04681575e+00 1.04307326e+00
5.6900 1.90472757e-07 -7.13287904e-09 -1.62853478e-09 2.31528480e-08 -3.36245670e-09 1.45189795e-09 2.04864191e-07 2.02953632e-07 1.01438285e+00 -5.96149461e-03 -4.19854837e-03 3.63671503e-02 -6.94370095e-03 3.53676881e-03 1.04058996e+00 1.03718302e+00
5.7000 1.90313255e-07 -4.79221244e-09 -3.02753697e-09 2.11526793e-08 -3.30087017e-09 1.80583595e-09 2.03646185e-07 2.02151150e-07 1.01353588e+00 -4.00016170e-03 -7.78913243e-03 3.32226287e-02 -6.81874335e-03 4.39938523e-03 1.03496921e+00 1.03254985e+00
5.7100 1.90161659e-07 -2.07815459e-09 -4.38974625e-09 1.97646561e-08 -3.00440748e-09 2.04981939e-09 2.03458415e-07 2.02503827e-07 1.01273121e+00 -1.72595661e-03 -1.12841000e-02 3.10414439e-02 -6.20857843e-03 4.99435158e-03 1.03076259e+00 1.02954837e+00
5.7200 1.90020387e-07 4.81966562e-10 -5.54175778e-09 1.92494069e-08 -2.58592957e-09 2.10391083e-09 2.04210003e-07 2.03727984e-07 1.01198158e+00 4.19048066e-04 -1.42386495e-02 3.02330771e-02 -5.34629534e-03 5.12660084e-03 1.02839506e+00 1.02817537e+00
5.7300 1.89888738e-07 2.43029884e-09 -6.37312456e-09 1.96605800e-08 -2.14444740e-09 1.93089920e-09 2.05606492e-07 2.05392944e-07 1.01128326e+00 2.05089265e-03 -1.63697214e-02 3.08815317e-02 -4.43635578e-03 4.70513595e-03 1.02784596e+00 1.02811474e+00
5.7400 1.89761492e-07 3.49174463e-09 -6.84849224e-09 2.08430652e-08 -1.74632105e-09 1.55149816e-09 2.07247810e-07 2.07052987e-07 1.01060842e+00 2.93879913e-03 -1.75870459e-02 3.27426007e-02 -3.61568684e-03 3.78014561e-03 1.02870278e+00 1.02886723e+00
5.7500 1.89629028e-07 3.62703406e-09 -6.99903560e-09 2.24795177e-08 -1.41943795e-09 1.04133839e-09 2.08736544e-07 2.08358444e-07 1.00990576e+00 3.04978648e-03 -1.79710564e-02 3.53170680e-02 -2.94163841e-03 2.53575173e-03 1.03030155e+00 1.02989567e+00
5.7600 1.89479285e-07 3.01303466e-09 -6.89949314e-09 2.41721756e-08 -1.15928162e-09 5.09972405e-10 2.09765002e-07 2.09115693e-07 1.00911088e+00 2.53225467e-03 -1.77138564e-02 3.79793835e-02 -2.40457537e-03 1.23890472e-03 1.03190866e+00 1.03074299e+00
5.7700 1.89301278e-07 1.96289010e-09 -6.64030926e-09 2.55394907e-08 -9.42664055e-10 6.84024400e-11 2.10163349e-07 2.09289087e-07 1.00816500e+00 1.64905357e-03 -1.70476637e-02 4.01296050e-02 -1.95635696e-03 1.60279379e-04 1.03289599e+00 1.03109991e+00
5.7800 1.89089146e-07 8.17907998e-10 -6.30422146e-09 2.63045763e-08 -7.43557346e-10 -2.04140386e-10 2.09907409e-07 2.08959711e-07 1.00703662e+00 6.86780686e-04 -1.61847115e-02 4.13324521e-02 -1.54316462e-03 -5.06692389e-04 1.03287114e+00 1.03082129e+00
5.7900 1.88845445e-07 -1.50046865e-10 -5.95351328e-09 2.63551787e-08 -5.45996979e-10 -2.82850096e-10 2.09097063e-07 2.08268216e-07 1.00573912e+00 -1.26184978e-04 -1.52845698e-02 4.14115781e-02 -1.13223794e-03 -7.01077584e-04 1.03173995e+00 1.02990663e+00
5.8000 1.88582364e-07 -7.94339361e-10 -5.62943230e-09 2.57620148e-08 -3.50911168e-10 -2.01473140e-10 2.07920607e-07 2.07368222e-07 1.00433735e+00 -6.66616802e-04 -1.44527249e-02 4.04783733e-02 -7.25977564e-04 -5.04582377e-04 1.02969638e+00 1.02846582e+00
5.8100 1.88320158e-07 -1.09437970e-09 -5.36067856e-09 2.47522349e-08 -1.76105177e-10 -3.61790711e-11 2.06617335e-07 2.06405051e-07 1.00293936e+00 -9.17259389e-04 -1.37624578e-02 3.88902178e-02 -3.61810844e-04 -1.02347389e-04 1.02714986e+00 1.02668570e+00
5.8200 1.88082866e-07 -1.10985315e-09 -5.17493179e-09 2.36453345e-08 -5.06670727e-11 1.25551255e-10 2.05443415e-07 2.05518300e-07 1.00167355e+00 -9.28510131e-04 -1.32845164e-02 3.71496945e-02 -1.00463051e-04 2.92768219e-04 1.02461022e+00 1.02480252e+00
5.8300 1.87892300e-07 -9.13436273e-10 -5.10695059e-09 2.27677154e-08 -6.22993683e-12 2.20384560e-10 2.04639629e-07 2.04853784e-07 1.00065668e+00 -7.61955236e-04 -1.31079669e-02 3.57702340e-02 -7.72092328e-06 5.26517088e-04 1.02255699e+00 1.02307579e+00
5.8400 1.87761975e-07 -5.32941430e-10 -5.19877817e-09 2.23672668e-08 -6.77124334e-11 2.36482827e-10 2.04397522e-07 2.04566293e-07 9.99961316e-01 -4.41707428e-04 -1.33407507e-02 3.51417867e-02 -1.35170832e-04 5.69867408e-04 1.02132064e+00 1.02175534e+00
5.8500 1.87692765e-07 7.26863672e-11 -5.49114202e-09 2.25494460e-08 -2.45616011e-10 2.22706024e-10 2.04823755e-07 2.04800845e-07 9.99592625e-01 6.59370760e-05 -1.40876001e-02 3.54302906e-02 -5.04255080e-04 5.41440777e-04 1.02100125e+00 1.02103844e+00
5.8600 1.87671748e-07 9.94780792e-10 -6.00888616e-09 2.32511340e-08 -5.31115833e-10 2.75569592e-10 2.05908777e-07 2.05653231e-07 9.99482045e-01 8.37131233e-04 -1.54126060e-02 3.65365279e-02 -1.09621649e-03 6.75794016e-04 1.02144310e+00 1.02102268e+00
5.8700 1.87674784e-07 2.32332163e-09 -6.74588330e-09 2.42590350e-08 -8.94441832e-10 5.07349186e-10 2.07511257e-07 2.07124165e-07 9.99500952e-01 1.94733706e-03 -1.73004293e-02 3.81250200e-02 -1.84892891e-03 1.24580186e-03 1.02227288e+00 1.02166975e+00
5.8800 1.87672291e-07 4.08544901e-09 -7.65546137e-09 2.52677819e-08 -1.28660888e-09 1.00527033e-09 2.09370061e-07 2.09088722e-07 9.99491452e-01 3.41980636e-03 -1.96316632e-02 3.97153690e-02 -2.66067441e-03 2.46333659e-03 1.02299496e+00 1.02279763e+00
5.8900 1.87636722e-07 6.20118984e-09 -8.65079340e-09 2.59621750e-08 -1.64438300e-09 1.79510129e-09 2.11149293e-07 2.11300012e-07 9.99306259e-01 5.18835879e-03 -2.21837768e-02 4.08115753e-02 -3.40056165e-03 4.39067216e-03 1.02312242e+00 1.02411253e+00
5.9000 1.87549640e-07 8.47644525e-09 -9.61653170e-09 2.61011117e-08 -1.89825791e-09 2.82150741e-09 2.12510666e-07 2.13433915e-07 9.98846549e-01 7.09129121e-03 -2.46609396e-02 4.10340527e-02 -3.92506283e-03 6.89270074e-03 1.02231095e+00 1.02527859e+00
5.9100 1.87406396e-07 1.06385205e-08 -1.04293203e-08 2.55799307e-08 -1.98293506e-09 3.95248623e-09 2.13195527e-07 2.15165078e-07 9.98086987e-01 8.90090442e-03 -2.67466565e-02 4.02177422e-02 -4.09960247e-03 9.64777749e-03 1.02045898e+00 1.02600715e+00
5.9200 1.87217022e-07 1.24029714e-08 -1.09819169e-08 2.44536776e-08 -1.84924562e-09 5.00769991e-09 2.13091754e-07 2.16250208e-07 9.97080653e-01 1.03793093e-02 -2.81656860e-02 3.84488052e-02 -3.82303052e-03 1.22167384e-02 1.01774308e+00 1.02613679e+00
5.9300 1.87003100e-07 1.35487361e-08 -1.12044379e-08 2.29148786e-08 -1.47572513e-09 5.80297867e-09 2.12262277e-07 2.16589530e-07 9.95942391e-01 1.13412712e-02 -2.87385880e-02 3.60297843e-02 -3.05134275e-03 1.41512712e-02 1.01457486e+00 1.02567479e+00
5.9400 1.86791493e-07 1.39757895e-08 -1.10770709e-08 2.12327286e-08 -8.77430165e-10 6.19811909e-09 2.10922940e-07 2.16243629e-07 9.94815436e-01 1.17025319e-02 -2.84143711e-02 3.33840604e-02 -1.81574235e-03 1.51102820e-02 1.01148766e+00 1.02478220e+00
5.9500 1.86606782e-07 1.37265707e-08 -1.06311514e-08 1.96722258e-08 -1.09425501e-10 6.13398072e-09 2.09374427e-07 2.15398982e-07 9.93831045e-01 1.14978936e-02 -2.72732721e-02 3.09287143e-02 -2.29788293e-04 1.49501811e-02 1.00898438e+00 1.02370477e+00
5.9600 1.86464592e-07 1.29661078e-08 -9.93892557e-09 1.84180393e-08 7.37067384e-10 5.64811531e-09 2.07909813e-07 2.14294996e-07 9.93072867e-01 1.08647697e-02 -2.55004911e-02 2.89547551e-02 1.51849730e-03 1.37628781e-02 1.00739190e+00 1.02267328e+00
5.9700 1.86367727e-07 1.19305491e-08 -9.09550181e-09 1.75265903e-08 1.54653791e-09 4.86466303e-09 2.06729364e-07 2.13140565e-07 9.92556228e-01 1.00002808e-02 -2.33398697e-02 2.75516395e-02 3.19098491e-03 1.18511159e-02 1.00676828e+00 1.02181038e+00
5.9800 1.86306148e-07 1.08640240e-08 -8.19844082e-09 1.69210758e-08 2.19788293e-09 3.96191984e-09 2.05892807e-07 2.12052610e-07 9.92227942e-01 9.10852648e-03 -2.10415143e-02 2.65992704e-02 4.53786267e-03 9.64944178e-03 1.00689422e+00 1.02108153e+00
5.9900 1.86260691e-07 9.96576398e-09 -7.33061036e-09 1.64304859e-08 2.58681643e-09 3.12739859e-09 2.05326331e-07 2.11040546e-07 9.91986066e-01 8.35636425e-03 -1.88178056e-02 2.58291722e-02 5.34376739e-03 7.61474406e-03 1.00735380e+00 1.02031231e+00
6.0000 1.86209299e-07 9.36297332e-09 -6.55036163e-09 1.58593333e-08 2.64745332e-09 2.51342348e-09 2.04881244e-07 2.10042121e-07 9.91713103e-01 7.85065546e-03 -1.68182128e-02 2.49340094e-02 5.47230599e-03 6.11810860e-03 1.00767956e+00 1.01926997e+00
6.0100 1.86133835e-07 9.11314712e-09 -5.89038392e-09 1.50644992e-08 2.36810050e-09 2.20544218e-09 2.04421097e-07 2.08994640e-07 9.91312332e-01 7.64008879e-03 -1.51263933e-02 2.36883852e-02 4.89873279e-03 5.36766240e-03 1.00751441e+00 1.01778081e+00
6.0200 1.86025425e-07 9.22744743e-09 -5.36369525e-09 1.40128541e-08 1.79710158e-09 2.21075972e-09 2.03902031e-07 2.07909892e-07 9.90736297e-01 7.73459206e-03 -1.37756122e-02 2.20395178e-02 3.72218519e-03 5.38115645e-03 1.00673479e+00 1.01583814e+00
6.0300 1.85886778e-07 9.69927773e-09 -4.97309109e-09 1.27993152e-08 1.03654621e-09 2.46886434e-09 2.03412279e-07 2.06917690e-07 9.89999227e-01 8.12909553e-03 -1.27730290e-02 2.01358011e-02 2.15290086e-03 6.01112990e-03 1.00549109e+00 1.01365513e+00
6.0400 1.85730904e-07 1.05221381e-08 -4.71966514e-09 1.16180395e-08 2.24347744e-10 2.87807037e-09 2.03151416e-07 2.06253834e-07 9.89170221e-01 8.81836073e-03 -1.21215828e-02 1.82817272e-02 4.75385691e-04 7.00980427e-03 1.00414873e+00 1.01163392e+00
6.0500 1.85576752e-07 1.16878235e-08 -4.60689635e-09 1.06953785e-08 -4.92035834e-10 3.32884933e-09 2.03353058e-07 2.06189872e-07 9.88350031e-01 9.79542110e-03 -1.18304684e-02 1.68326746e-02 -1.00576516e-03 8.11025910e-03 1.00314766e+00 1.01025215e+00
6.0600 1.85443211e-07 1.31667509e-08 -4.63888467e-09 1.02067496e-08 -9.84820423e-10 3.73318739e-09 2.04177827e-07 2.06926194e-07 9.87639106e-01 1.10351415e-02 -1.19105636e-02 1.60643379e-02 -2.02623426e-03 9.09792775e-03 1.00282802e+00 1.00989972e+00
6.0700 1.85343358e-07 1.48818901e-08 -4.81383616e-09 1.02060340e-08 -1.17169831e-09 4.04169533e-09 2.05617445e-07 2.08487443e-07 9.87106986e-01 1.24724944e-02 -1.23576391e-02 1.60617424e-02 -2.41540002e-03 9.85227011e-03 1.00328358e+00 1.01072045e+00
6.0800 1.85280710e-07 1.66921635e-08 -5.11594073e-09 1.05930409e-08 -1.03242374e-09 4.24500789e-09 2.07449973e-07 2.10662558e-07 9.86772357e-01 1.39888098e-02 -1.31314337e-02 1.66679899e-02 -2.13077871e-03 1.03501934e-02 1.00429772e+00 1.01251714e+00
6.0900 1.85248551e-07 1.83982937e-08 -5.50962725e-09 1.11326664e-08 -6.12346440e-10 4.36152540e-09 2.09269884e-07 2.13019063e-07 9.86599481e-01 1.54168265e-02 -1.41408396e-02 1.75141930e-02 -1.26550550e-03 1.06362214e-02 1.00538966e+00 1.01476038e+00
6.1000 1.85232423e-07 1.97750202e-08 -5.93952131e-09 1.15223347e-08 -1.19958217e-11 4.41792825e-09 2.10590257e-07 2.14996189e-07 9.86511513e-01 1.65677897e-02 -1.52437508e-02 1.81252819e-02 -2.69432982e-05 1.07750718e-02 1.00596083e+00 1.01670896e+00
6.1100 1.85214915e-07 2.06221136e-08 -6.33749280e-09 1.14876931e-08 6.34966223e-10 4.43077056e-09 2.10987229e-07 2.16052965e-07 9.86415999e-01 1.72742196e-02 -1.62651460e-02 1.80702692e-02 1.30882635e-03 1.08068637e-02 1.00549534e+00 1.01761103e+00
6.1200 1.85181188e-07 2.08175035e-08 -6.63563068e-09 1.08759759e-08 1.19039759e-09 4.39636160e-09 2.10239036e-07 2.15825795e-07 9.86234312e-01 1.74343711e-02 -1.70304242e-02 1.71089344e-02 2.45624670e-03 1.07225054e-02 1.00374719e+00 1.01692595e+00
6.1300 1.85123534e-07 2.03530614e-08 -6.78170678e-09 9.71568451e-09 1.54038231e-09 4.29260302e-09 2.08410573e-07 2.14243558e-07 9.85925835e-01 1.70420943e-02 -1.74051615e-02 1.52856762e-02 3.17969985e-03 1.04681910e-02 1.00084844e+00 1.01449633e+00
6.1400 1.85043591e-07 1.93385610e-08 -6.75249335e-09 8.22087119e-09 1.61749679e-09 4.09177561e-09 2.05850530e-07 2.11559802e-07 9.85499684e-01 1.61899994e-02 -1.73293763e-02 1.29363835e-02 3.33962791e-03 9.97655146e-03 9.97296690e-01 1.01061287e+00
6.1500 1.84951634e-07 1.79703814e-08 -6.56062627e-09 6.73548400e-09 1.41178544e-09 3.77908704e-09 2.03096873e-07 2.08287746e-07 9.85010820e-01 1.50430883e-02 -1.68352270e-02 1.06011471e-02 2.91529601e-03 9.21182511e-03 9.93819828e-01 1.00594695e+00
6.1600 1.84863255e-07 1.64744424e-08 -6.25249568e-09 5.63251359e-09 9.68424998e-10 3.36950581e-09 2.00717716e-07 2.05055646e-07 9.84542314e-01 1.37908405e-02 -1.60416625e-02 8.86592164e-03 1.99999508e-03 8.21084230e-03 9.91157413e-01 1.00136825e+00
6.1700 1.84794553e-07 1.50426175e-08 -5.89733784e-09 5.19782162e-09 3.73352325e-10 2.91575098e-09 1.99137655e-07 2.02426758e-07 9.84179676e-01 1.25938984e-02 -1.51264571e-02 8.18004659e-03 7.71317630e-04 7.10245975e-03 9.89827163e-01 9.97700941e-01
6.1800 1.84757339e-07 1.37845672e-08 -5.57042322e-09 5.53450636e-09 -2.68964105e-10 2.50314185e-09 1.98505989e-07 2.00740167e-07 9.83985371e-01 1.15437419e-02 -1.42830579e-02 8.70594616e-03 -5.54835526e-04 6.09497943e-03 9.89952001e-01 9.95492145e-01
6.1900 1.84755812e-07 1.27113844e-08 -5.33508922e-09 6.51835434e-09 -8.59681514e-10 2.23138788e-09 1.98650462e-07 2.00022168e-07 9.83981223e-01 1.06490739e-02 -1.36744339e-02 1.02490184e-02 -1.77423685e-03 5.43174628e-03 9.91204881e-01 9.94862391e-01
6.2000 1.84785649e-07 1.17556484e-08 -5.22872868e-09 7.81984624e-09 -1.32561039e-09 2.18789341e-09 1.99132415e-07 1.99994698e-07 9.84143659e-01 9.85274092e-03 -1.33970519e-02 1.22920510e-02 -2.73575377e-03 5.32606547e-03 9.92891399e-01 9.95481710e-01
6.2100 1.84835642e-07 1.08189152e-08 -5.25658225e-09 8.98799947e-09 -1.63055053e-09 2.42031604e-09 1.99385974e-07 2.00175740e-07 9.84412605e-01 9.07164141e-03 -1.34648701e-02 1.41268011e-02 -3.36476884e-03 5.89429226e-03 9.94146177e-01 9.96675700e-01
6.2200 1.84891276e-07 9.82750990e-09 -5.39469691e-09 9.57237037e-09 -1.77604374e-09 2.91693353e-09 1.98896459e-07 2.00037349e-07 9.84710591e-01 8.24356665e-03 -1.38168544e-02 1.50455821e-02 -3.66469255e-03 7.10794223e-03 9.94182886e-01 9.97626135e-01
6.2300 1.84939023e-07 8.77465626e-09 -5.60051406e-09 9.24775214e-09 -1.79269698e-09 3.60155333e-09 1.97360917e-07 1.99169773e-07 9.84965657e-01 7.36255414e-03 -1.43440843e-02 1.45371682e-02 -3.69897196e-03 8.78124080e-03 9.92521295e-01 9.97603564e-01
6.2400 1.84970000e-07 7.73256426e-09 -5.82719283e-09 7.90515251e-09 -1.72574680e-09 4.34575139e-09 1.94780524e-07 1.97400528e-07 9.85130778e-01 6.48902823e-03 -1.49264627e-02 1.24298065e-02 -3.56120481e-03 1.06009193e-02 9.89123150e-01 9.96162865e-01
6.2500 1.84981893e-07 6.82996196e-09 -6.03673550e-09 5.68274224e-09 -1.61978825e-09 4.99629987e-09 1.91457861e-07 1.94834373e-07 9.85194006e-01 5.73095425e-03 -1.54663741e-02 8.93997867e-03 -3.34355244e-03 1.21930596e-02 9.84398565e-01 9.93248072e-01
6.2600 1.84978644e-07 6.20412882e-09 -6.20760400e-09 2.92839641e-09 -1.50725199e-09 5.41116732e-09 1.87903565e-07 1.91807481e-07 9.85176691e-01 5.20360822e-03 -1.59082320e-02 4.61370873e-03 -3.11293106e-03 1.32108773e-02 9.79085776e-01 9.89183722e-01
6.2700 1.84968150e-07 5.94652435e-09 -6.33458758e-09 1.05593033e-10 -1.40346865e-09 5.49475201e-09 1.84685679e-07 1.88776963e-07 9.85121099e-01 4.98397402e-03 -1.62381715e-02 1.78854743e-04 -2.90084133e-03 1.34206815e-02 9.74045757e-01 9.84565597e-01
6.2800 1.84958820e-07 6.06372697e-09 -6.42150223e-09 -2.32938287e-09 -1.30865424e-09 5.22283835e-09 1.82271662e-07 1.86185846e-07 9.85072071e-01 5.07797114e-03 -1.64653755e-02 -3.64774532e-03 -2.70751177e-03 1.27628215e-02 9.70036921e-01 9.80092231e-01
6.2900 1.84956222e-07 6.46957349e-09 -6.46991387e-09 -4.04353836e-09 -1.21477065e-09 4.65023291e-09 1.80912344e-07 1.84347806e-07 9.85059134e-01 5.41383030e-03 -1.65932255e-02 -6.34268845e-03 -2.51611104e-03 1.13704219e-02 9.67537051e-01 9.76391362e-01
6.3000 1.84960932e-07 7.01234545e-09 -6.46858585e-09 -4.90442794e-09 -1.11377737e-09 3.89849163e-09 1.80600264e-07 1.83384978e-07 9.85085151e-01 5.86483744e-03 -1.65923248e-02 -7.69746989e-03 -2.30982115e-03 9.53956445e-03 9.66660194e-01 9.73889937e-01
6.3100 1.84968326e-07 7.52721051e-09 -6.38822199e-09 -4.99896242e-09 -1.00375884e-09 3.12640061e-09 1.81108352e-07 1.83230994e-07 9.85125295e-01 6.29323854e-03 -1.63871123e-02 -7.84816891e-03 -2.08450696e-03 7.65737179e-03 9.67183252e-01 9.72756117e-01
6.3200 1.84970381e-07 7.89415015e-09 -6.18432374e-09 -4.59185843e-09 -8.90721907e-10 2.49050710e-09 1.82088349e-07 1.83688134e-07 9.85136710e-01 6.59874013e-03 -1.58632762e-02 -7.21030981e-03 -1.85243262e-03 6.10576428e-03 9.68661864e-01 9.72915196e-01
6.3300 1.84958893e-07 8.07915141e-09 -5.80816433e-09 -4.03913849e-09 -7.85943751e-10 2.10576710e-09 1.83190741e-07 1.84510565e-07 9.85075680e-01 6.75298932e-03 -1.48959540e-02 -6.34306644e-03 -1.63678801e-03 5.16543068e-03 9.70589648e-01 9.74118291e-01
6.3400 1.84929047e-07 8.14250608e-09 -5.22293312e-09 -3.68393579e-09 -7.00752297e-10 2.01652116e-09 1.84164684e-07 1.85480453e-07 9.84916630e-01 6.80650356e-03 -1.33911427e-02 -5.78559861e-03 -1.46091953e-03 4.94493484e-03 9.72546393e-01 9.76030408e-01
6.3500 1.84882160e-07 8.21038572e-09 -4.42001291e-09 -3.76505367e-09 -6.41714531e-10 2.18546752e-09 1.84907479e-07 1.86451232e-07 9.84666631e-01 6.86484881e-03 -1.13273889e-02 -5.91335123e-03 -1.33840914e-03 5.35369578e-03 9.74290740e-01 9.78306027e-01
6.3600 1.84826614e-07 8.41979282e-09 -3.42984864e-09 -4.36289469e-09 -6.08930038e-10 2.50371014e-09 1.85453663e-07 1.87348443e-07 9.84370319e-01 7.04253621e-03 -8.78355034e-03 -6.85300202e-03 -1.26956320e-03 6.12638959e-03 9.75776303e-01 9.80633129e-01
6.3700 1.84776594e-07 8.85725109e-09 -2.32316814e-09 -5.39484385e-09 -5.98574010e-10 2.81950507e-09 1.85915833e-07 1.88136764e-07 9.84103083e-01 7.41169929e-03 -5.94177617e-03 -8.47507665e-03 -1.24666094e-03 6.89301272e-03 9.77097929e-01 9.82744281e-01
6.3800 1.84748863e-07 9.51429166e-09 -1.20105701e-09 -6.65712331e-09 -6.08644304e-10 2.97843163e-09 1.86404974e-07 1.88774761e-07 9.83953903e-01 7.96486358e-03 -3.06189767e-03 -1.04595868e-02 -1.26579367e-03 7.27688327e-03 9.78397282e-01 9.84408372e-01
6.3900 1.84758439e-07 1.02768679e-08 -1.75732540e-10 -7.89712335e-09 -6.44987196e-10 2.86466426e-09 1.86962451e-07 1.89182128e-07 9.84002416e-01 8.60614901e-03 -4.31997531e-04 -1.24095987e-02 -1.33925431e-03 6.99539134e-03 9.79766969e-01 9.85423106e-01
6.4000 1.84814388e-07 1.09534822e-08 6.53238792e-10 -8.89287074e-09 -7.23986870e-10 2.43263619e-09 1.87528238e-07 1.89236887e-07 9.84296624e-01 9.17489552e-03 1.69264148e-03 -1.39760869e-02 -1.50102605e-03 5.93734725e-03 9.81188074e-01 9.85624395e-01
6.4100 1.84916931e-07 1.13326271e-08 1.22099177e-09 -9.51626826e-09 -8.69247374e-10 1.72079579e-09 1.87954282e-07 1.88805830e-07 9.84837638e-01 9.49382190e-03 3.14606427e-03 -1.49573647e-02 -1.79987747e-03 4.19664106e-03 9.82520159e-01 9.84916923e-01
6.4200 1.85056730e-07 1.12493974e-08 1.51169640e-09 -9.76339157e-09 -1.10195754e-09 8.43757582e-10 1.88054432e-07 1.87796232e-07 9.85575974e-01 9.42483168e-03 3.88830405e-03 -1.53468106e-02 -2.27944998e-03 2.05315062e-03 9.83542299e-01 9.83316000e-01
6.4300 1.85216606e-07 1.06377779e-08 1.56125892e-09 -9.74595031e-09 -1.42756511e-09 -3.52483933e-11 1.87669693e-07 1.86206879e-07 9.86420748e-01 8.91278165e-03 4.01215656e-03 -1.53195951e-02 -2.95077547e-03 -9.44841378e-05 9.84026091e-01 9.80980831e-01
6.4400 1.85375299e-07 9.55034309e-09 1.44767705e-09 -9.64953749e-09 -1.82371103e-09 -7.44590311e-10 1.86723782e-07 1.84155481e-07 9.87259586e-01 8.00192293e-03 3.71827936e-03 -1.51672021e-02 -3.76744435e-03 -1.82705230e-03 9.83812586e-01 9.78218090e-01
6.4500 1.85512295e-07 8.13892275e-09 1.27170814e-09 -9.67318374e-09 -2.23501336e-09 -1.14676614e-09 1.85249742e-07 1.81867963e-07 9.87984182e-01 6.81963206e-03 3.26547647e-03 -1.52025163e-02 -4.61494187e-03 -2.80866728e-03 9.82866774e-01 9.75443165e-01
6.4600 1.85612495e-07 6.60378076e-09 1.13304846e-09 -9.96876485e-09 -2.57872517e-09 -1.17231586e-09 1.83380559e-07 1.79629518e-07 9.88514924e-01 5.53377659e-03 2.90953397e-03 -1.56645995e-02 -5.32242494e-03 -2.86964196e-03 9.81293635e-01 9.73101568e-01
6.4700 1.85669536e-07 5.12987721e-09 1.10821180e-09 -1.05973452e-08 -2.76182937e-09 -8.36466055e-10 1.81310280e-07 1.77711985e-07 9.88818383e-01 4.29929043e-03 2.84649145e-03 -1.66499995e-02 -5.69806291e-03 -2.04719842e-03 9.79314165e-01 9.71568904e-01
6.4800 1.85686960e-07 3.83286283e-09 1.23551092e-09 -1.15135299e-08 -2.70587339e-09 -2.34421411e-10 1.79241804e-07 1.76301509e-07 9.88913372e-01 3.21294178e-03 3.17420033e-03 -1.80880122e-02 -5.58028381e-03 -5.74008204e-04 9.77212502e-01 9.71058210e-01
6.4900 1.85676973e-07 2.73324255e-09 1.51030675e-09 -1.25804277e-08 -2.37232751e-09 4.83171236e-10 1.77340095e-07 1.75450939e-07 9.88864393e-01 2.29173613e-03 3.88026048e-03 -1.97640282e-02 -4.89002637e-03 1.18172851e-03 9.75272361e-01 9.71564063e-01
6.5000 1.85657213e-07 1.76637164e-09 1.89074070e-09 -1.36094037e-08 -1.77990418e-09 1.14791089e-09 1.75704921e-07 1.75072928e-07 9.88764476e-01 1.48135993e-03 4.85685078e-03 -2.13818597e-02 -3.66634626e-03 2.80836632e-03 9.73720827e-01 9.72862847e-01
6.5100 1.85646355e-07 8.22717221e-10 2.31141390e-09 -1.44126278e-08 -1.00686582e-09 1.61450236e-09 1.74367858e-07 1.74975495e-07 9.88712063e-01 6.89979528e-04 5.93591454e-03 -2.26462427e-02 -2.07102953e-03 3.95067565e-03 9.72691715e-01 9.74571361e-01
6.5200 1.85659721e-07 -1.97959607e-10 2.70071033e-09 -1.48538753e-08 -1.75622730e-10 1.79421849e-09 1.73308596e-07 1.74927192e-07 9.88787824e-01 -1.66319515e-04 6.93364077e-03 -2.33426787e-02 -3.56695591e-04 4.39164611e-03 9.72212467e-01 9.76247417e-01
6.5300 1.85705926e-07 -1.33928386e-09 2.99709994e-09 -1.48844011e-08 5.77386155e-10 1.67263885e-09 1.72479341e-07 1.74729366e-07 9.89037045e-01 -1.12388027e-03 7.69227338e-03 -2.33939102e-02 1.19539204e-03 4.09587408e-03 9.72211528e-01 9.77502794e-01
6.5400 1.85785337e-07 -2.56524465e-09 3.16075174e-09 -1.45552968e-08 1.13832422e-09 1.30775172e-09 1.71825547e-07 1.74271623e-07 9.89461499e-01 -2.15222190e-03 8.10984743e-03 -2.28795004e-02 2.35085533e-03 3.20495901e-03 9.72539624e-01 9.78095438e-01
6.5500 1.85890584e-07 -3.76923761e-09 3.17866657e-09 -1.40041386e-08 1.44803662e-09 8.09835462e-10 1.71295875e-07 1.73553747e-07 9.90022166e-01 -3.16168646e-03 8.15328287e-03 -2.20150349e-02 2.98825581e-03 1.98835984e-03 9.72998728e-01 9.77975343e-01
6.5600 1.86008876e-07 -4.81070956e-09 3.06360090e-09 -1.34202688e-08 1.51918930e-09 3.09299945e-10 1.70841499e-07 1.72669988e-07 9.90651408e-01 -4.03422907e-03 7.85555759e-03 -2.10977201e-02 3.13427760e-03 7.64811659e-04 9.73375016e-01 9.77274105e-01
6.5700 1.86125427e-07 -5.56476004e-09 2.84861519e-09 -1.29981573e-08 1.43229003e-09 -7.84179048e-11 1.70411125e-07 1.71764997e-07 9.91271016e-01 -4.66505825e-03 7.30168042e-03 -2.04331821e-02 2.95535051e-03 -1.83470739e-04 9.73474456e-01 9.76246336e-01
6.5800 1.86227101e-07 -5.96563852e-09 2.57970988e-09 -1.28908479e-08 1.31092659e-09 -2.81479600e-10 1.69950325e-07 1.70979772e-07 9.91811413e-01 -4.99913363e-03 6.60978892e-03 -2.02623105e-02 2.70646000e-03 -6.80765568e-04 9.73159758e-01 9.75185453e-01
6.5900 1.86305389e-07 -6.02790907e-09 2.30865661e-09 -1.31750407e-08 1.28326877e-09 -2.86605381e-10 1.69411096e-07 1.70407759e-07 9.92227373e-01 -5.04890809e-03 5.91277198e-03 -2.07062935e-02 2.65171775e-03 -6.94425397e-04 9.72384943e-01 9.74342235e-01
6.6000 1.86358064e-07 -5.83788757e-09 2.08710658e-09 -1.38361073e-08 1.44152685e-09 -1.37257386e-10 1.68771176e-07 1.70075445e-07 9.92506848e-01 -4.88711280e-03 5.34317860e-03 -2.17429119e-02 2.98081847e-03 -3.30458983e-04 9.71220002e-01 9.73870362e-01
6.6100 1.86389256e-07 -5.51934387e-09 1.96190020e-09 -1.47761384e-08 1.81200131e-09 8.33700169e-11 1.68055674e-07 1.69951045e-07 9.92671451e-01 -4.61793675e-03 5.02120288e-03 -2.32189975e-02 3.74741894e-03 2.08015368e-04 9.69855720e-01 9.73811154e-01
6.6200 1.86408048e-07 -5.18709179e-09 1.97075584e-09 -1.58422497e-08 2.34518395e-09 2.78979017e-10 1.67349462e-07 1.69973625e-07 9.92769196e-01 -4.33803265e-03 5.04362690e-03 -2.48947480e-02 4.84890069e-03 6.85822613e-04 9.68580042e-01 9.74114765e-01
6.6300 1.86426076e-07 -4.90640728e-09 2.13751371e-09 -1.68672744e-08 2.92906446e-09 3.68616856e-10 1.66789908e-07 1.70087589e-07 9.92861912e-01 -4.10240613e-03 5.47160735e-03 -2.65075662e-02 6.05396259e-03 9.05228877e-04 9.67723547e-01 9.74682738e-01
6.6400 1.86454774e-07 -4.67371254e-09 2.46684605e-09 -1.77119197e-08 3.42143057e-09 3.09180974e-10 1.66535988e-07 1.70266600e-07 9.93010717e-01 -3.90815000e-03 6.31708643e-03 -2.78382885e-02 7.06930810e-03 7.60914563e-04 9.67581365e-01 9.75411588e-01
6.6500 1.86502940e-07 -4.42569421e-09 2.93946806e-09 -1.82972752e-08 3.69097756e-09 1.06347620e-10 1.66719438e-07 1.70516763e-07 9.93263060e-01 -3.70205130e-03 7.53049375e-03 -2.87623408e-02 7.62440092e-03 2.66661262e-04 9.68329161e-01 9.76220223e-01
6.6600 1.86575129e-07 -4.07315007e-09 3.50984096e-09 -1.86193206e-08 3.65444718e-09 -1.88227118e-10 1.67392499e-07 1.70858719e-07 9.93644089e-01 -3.40897790e-03 8.99485837e-03 -2.92726776e-02 7.54794415e-03 -4.51496680e-04 9.69957292e-01 9.77053739e-01
6.6700 1.86671171e-07 -3.54644779e-09 4.10860466e-09 -1.87421130e-08 3.29862509e-09 -4.91809124e-10 1.68491215e-07 1.71298031e-07 9.94153821e-01 -2.97005088e-03 1.05320749e-02 -2.94692507e-02 6.81308580e-03 -1.19167764e-03 9.72246595e-01 9.77868003e-01
6.6800 1.86786763e-07 -2.83498931e-09 4.65120827e-09 -1.87722979e-08 2.68122256e-09 -7.12943886e-10 1.69830684e-07 1.71798963e-07 9.94770038e-01 -2.37583286e-03 1.19250840e-02 -2.95191157e-02 5.53908687e-03 -1.73075418e-03 9.74800173e-01 9.78608506e-01
6.6900 1.86914873e-07 -2.00511112e-09 5.05250289e-09 -1.88228221e-08 1.91162359e-09 -7.75092284e-10 1.71139443e-07 1.72275974e-07 9.95455530e-01 -1.68145740e-03 1.29553493e-02 -2.95995188e-02 3.95152807e-03 -1.88205500e-03 9.77129903e-01 9.79199376e-01
6.7000 1.87047518e-07 -1.18862249e-09 5.24490342e-09 -1.89767144e-08 1.11880096e-09 -6.35578819e-10 1.72127085e-07 1.72610307e-07 9.96167446e-01 -9.97132418e-04 1.34494750e-02 -2.98410093e-02 2.31614869e-03 -1.54159699e-03 9.78778779e-01 9.79553331e-01
6.7100 1.87177446e-07 -5.44841086e-10 5.19585853e-09 -1.92616081e-08 4.17290954e-10 -2.95587860e-10 1.72566855e-07 1.72688558e-07 9.96866269e-01 -4.56385050e-04 1.33240209e-02 -3.02873493e-02 8.68773180e-04 -7.12440952e-04 9.79446556e-01 9.79602888e-01
6.7200 1.87299327e-07 -2.08688354e-10 4.91954670e-09 -1.96423127e-08 -1.18123833e-10 2.00488751e-10 1.72367873e-07 1.72450238e-07 9.97522363e-01 -1.72558460e-04 1.26154758e-02 -3.08837203e-02 -2.36745261e-04 4.96957362e-04 9.79081560e-01 9.79341773e-01
6.7300 1.87410251e-07 -2.42714830e-10 4.47843679e-09 -2.00331661e-08 -4.62158129e-10 7.75382758e-10 1.71612807e-07 1.71926031e-07 9.98118878e-01 -1.98536375e-04 1.14842089e-02 -3.14959831e-02 -9.48459932e-04 1.89801448e-03 9.77908567e-01 9.78858122e-01
6.7400 1.87509506e-07 -6.10000072e-10 3.97263390e-09 -2.03258008e-08 -6.32152362e-10 1.33589824e-09 1.70546339e-07 1.71250085e-07 9.98650917e-01 -5.03914276e-04 1.01870834e-02 -3.19541723e-02 -1.30205233e-03 3.26341478e-03 9.76379914e-01 9.78341276e-01
6.7500 1.87597844e-07 -1.17808274e-09 3.51825746e-09 -2.04232459e-08 -6.69258724e-10 1.79231240e-09 1.69514773e-07 1.70637826e-07 9.99121862e-01 -9.78160384e-04 9.02195243e-03 -3.21059977e-02 -1.38201624e-03 4.37445488e-03 9.75059656e-01 9.78052095e-01
6.7600 1.87676528e-07 -1.75380565e-09 3.21952749e-09 -2.02694678e-08 -6.15967119e-10 2.07602655e-09 1.68872782e-07 1.70332842e-07 9.99538446e-01 -1.45970728e-03 8.25604806e-03 -3.18632538e-02 -1.27539327e-03 5.06407961e-03 9.74471533e-01 9.78260219e-01
6.7700 1.87746515e-07 -2.13872616e-09 3.14167484e-09 -1.98651348e-08 -4.98624320e-10 2.15210060e-09 1.68884328e-07 1.70537805e-07 9.99906363e-01 -1.78233155e-03 8.05652255e-03 -3.12266608e-02 -1.03588071e-03 5.24740216e-03 9.74953893e-01 9.79165415e-01
6.7800 1.87808032e-07 -2.18795879e-09 3.29234711e-09 -1.92650526e-08 -3.20832882e-10 2.02465507e-09 1.69647368e-07 1.71351190e-07 1.00022788e+00 -1.82447796e-03 8.44281372e-03 -3.02819613e-02 -6.70401817e-04 4.93480592e-03 9.76564255e-01 9.80828659e-01
6.7900 1.87860698e-07 -1.85415294e-09 3.61747202e-09 -1.85588241e-08 -6.89460657e-11 1.73461875e-09 1.71065193e-07 1.72730865e-07 1.00050218e+00 -1.54618777e-03 9.27610680e-03 -2.91696784e-02 -1.50588089e-04 4.22637543e-03 9.79062422e-01 9.83138210e-01
6.8000 1.87904107e-07 -1.20301085e-09 4.01386482e-09 -1.78418147e-08 2.73844576e-10 1.35065279e-09 1.72873146e-07 1.74497644e-07 1.00072823e+00 -1.00221190e-03 1.02917344e-02 -2.80396182e-02 5.58099555e-04 3.28970229e-03 9.81978132e-01 9.85825934e-01
6.8100 1.87938681e-07 -3.95653120e-10 4.35617846e-09 -1.71865775e-08 7.11349593e-10 9.55136756e-10 1.74712629e-07 1.76379115e-07 1.00090904e+00 -3.27339141e-04 1.11683326e-02 -2.70060365e-02 1.46308030e-03 2.32567823e-03 9.84744000e-01 9.88532759e-01
6.8200 1.87966455e-07 3.56706433e-10 4.53144213e-09 -1.66244676e-08 1.22298658e-09 6.27806119e-10 1.76230136e-07 1.78080928e-07 1.00105579e+00 3.01519745e-04 1.16164157e-02 -2.61187331e-02 2.52128188e-03 1.52859562e-03 9.86854990e-01 9.90904867e-01
6.8300 1.87991484e-07 8.52116266e-10 4.47176963e-09 -1.61433748e-08 1.76168769e-09 4.29975014e-10 1.77171995e-07 1.79363658e-07 1.00118990e+00 7.15066850e-04 1.14622148e-02 -2.53593913e-02 3.63500676e-03 1.04770611e-03 9.88007792e-01 9.92690505e-01
6.8400 1.88019637e-07 9.53808143e-10 4.17577251e-09 -1.57016550e-08 2.26181035e-09 3.92244591e-10 1.77447563e-07 1.80101618e-07 1.00134212e+00 7.98535740e-04 1.07025169e-02 -2.46633124e-02 4.66842475e-03 9.57300115e-04 9.88179861e-01 9.93805586e-01
6.8500 1.88057731e-07 6.26756445e-10 3.71197053e-09 -1.52524791e-08 2.65396425e-09 5.08142923e-10 1.77143979e-07 1.80306086e-07 1.00154802e+00 5.22425148e-04 9.51332581e-03 -2.39574992e-02 5.47827195e-03 1.24125874e-03 9.87626275e-01 9.94345806e-01
6.8600 1.88112153e-07 -5.49023578e-11 3.20239093e-09 -1.47690294e-08 2.88138407e-09 7.35231397e-10 1.76490612e-07 1.80107227e-07 1.00184089e+00 -5.11831883e-05 8.20773035e-03 -2.32000974e-02 5.94764444e-03 1.79580852e-03 9.86797336e-01 9.94540789e-01
6.8700 1.88187303e-07 -9.30674187e-10 2.79023234e-09 -1.42606340e-08 2.91244848e-09 1.00388144e-09 1.75786227e-07 1.79702557e-07 1.00224355e+00 -7.87670137e-04 7.15293953e-03 -2.24056610e-02 6.01174559e-03 2.45096688e-03 9.86203154e-01 9.94665867e-01
6.8800 1.88284283e-07 -1.79925680e-09 2.60027093e-09 -1.37732071e-08 2.74596861e-09 1.23234065e-09 1.75312090e-07 1.79290399e-07 1.00276149e+00 -1.51804832e-03 6.66874712e-03 -2.16458495e-02 5.66864696e-03 3.00730550e-03 9.86266342e-01 9.94942294e-01
6.8900 1.88400217e-07 -2.47336738e-09 2.70312422e-09 -1.33731541e-08 2.40892151e-09 1.34517921e-09 1.75256820e-07 1.79010921e-07 1.00337930e+00 -2.08497524e-03 6.93592760e-03 -2.10242266e-02 4.97443979e-03 3.28093651e-03 9.87206025e-01 9.95461402e-01
6.9000 1.88528483e-07 -2.82849035e-09 3.09373523e-09 -1.31201399e-08 1.94902166e-09 1.29113685e-09 1.75673588e-07 1.78913746e-07 1.00406177e+00 -2.38372125e-03 7.94112438e-03 -2.06336284e-02 4.02776601e-03 3.14701788e-03 9.88985546e-01 9.96160330e-01
6.9100 1.88659852e-07 -2.83264134e-09 3.69060313e-09 -1.30385832e-08 1.42578854e-09 1.05615231e-09 1.76479231e-07 1.78961172e-07 1.00475999e+00 -2.38724087e-03 9.47494777e-03 -2.05115531e-02 2.95131596e-03 2.57149650e-03 9.91336146e-01 9.96858959e-01
6.9200 1.88784347e-07 -2.55006747e-09 4.35641467e-09 -1.30987416e-08 9.03179632e-10 6.68164256e-10 1.77491953e-07 1.79063297e-07 1.00542110e+00 -2.14937014e-03 1.11849423e-02 -2.06106025e-02 1.87664544e-03 1.62277546e-03 9.93846074e-01 9.97345495e-01
6.9300 1.88893364e-07 -2.11918620e-09 4.93452173e-09 -1.32153425e-08 4.44882887e-10 1.92058532e-10 1.78493357e-07 1.79130298e-07 1.00599956e+00 -1.78636835e-03 1.26691673e-02 -2.07964341e-02 9.34561679e-04 4.59349201e-04 9.96085928e-01 9.97479839e-01
6.9400 1.88981545e-07 -1.71192571e-09 5.29101503e-09 -1.32658081e-08 1.11097595e-10 -2.84470643e-10 1.79294827e-07 1.79121454e-07 1.00646708e+00 -1.44279261e-03 1.35841030e-02 -2.08764233e-02 2.48632884e-04 -7.04714516e-04 9.97731966e-01 9.97275885e-01
6.9500 1.89047930e-07 -1.48619187e-09 5.35040001e-09 -1.31232483e-08 -4.56969915e-11 -6.70989031e-10 1.79788889e-07 1.79072203e-07 1.00681870e+00 -1.25154406e-03 1.37361280e-02 -2.06514500e-02 -7.33805960e-05 -1.64874173e-03 9.98651833e-01 9.96929711e-01
6.9600 1.89096059e-07 -1.54440798e-09 5.11466216e-09 -1.26939597e-08 1.18965949e-11 -8.95460235e-10 1.79972353e-07 1.79088789e-07 1.00707340e+00 -1.29897049e-03 1.31303898e-02 -1.99747102e-02 4.54129400e-05 -2.19701081e-03 9.98930109e-01 9.96778511e-01
6.9700 1.89133026e-07 -1.90883775e-09 4.66033119e-09 -1.19471482e-08 2.95629061e-10 -9.21116321e-10 1.79937371e-07 1.79311884e-07 1.00726901e+00 -1.60404761e-03 1.19632528e-02 -1.87982887e-02 6.29301303e-04 -2.25988590e-03 9.98829923e-01 9.97199339e-01
6.9800 1.89167701e-07 -2.51947429e-09 4.11460095e-09 -1.09267838e-08 7.80571048e-10 -7.54691187e-10 1.79836044e-07 1.79861924e-07 1.00745274e+00 -2.11652779e-03 1.05610431e-02 -1.71916733e-02 1.62718785e-03 -1.85387008e-03 9.98705578e-01 9.98478896e-01
6.9900 1.89208586e-07 -3.25405350e-09 3.61770923e-09 -9.74122750e-09 1.39852661e-09 -4.43853022e-10 1.79831015e-07 1.80785688e-07 1.00766980e+00 -2.73371018e-03 9.28356463e-03 -1.53253952e-02 2.89891403e-03 -1.09530859e-03 9.98894255e-01 1.00069786e+00
7.0000 1.89261862e-07 -3.96388188e-09 3.28277676e-09 -8.53362842e-09 2.04108462e-09 -6.45312429e-11 1.80047128e-07 1.82023681e-07 1.00795296e+00 -3.33054291e-03 8.42110467e-03 -1.34245144e-02 4.22142075e-03 -1.69448163e-04 9.99619011e-01 1.00367098e+00
