#Q I_ArAr I_ArO1 I_ArSi2 I_ArO2  I_ArSi1  I_ArH I_rest I_tot S_ArAr S_ArO1 S_ArSi2 S_ArO2 S_ArSi1 S_ArH S_rest S_total
1.0000 1.10658295e-07 -1.98922528e-07 -2.15630469e-07 -3.11509463e-07 -2.28470045e-08 1.17692535e-07 -6.15404164e-07 -5.20558633e-07 5.94072586e-01 -1.67271771e-01 -5.55450970e-01 -4.91549180e-01 -4.73876270e-02 2.88176510e-01 -6.20199336e-01 -3.79410453e-01
1.0100 1.10581541e-07 -1.56667663e-07 -2.47090875e-07 -3.71603744e-07 2.11630923e-08 1.52780300e-07 -6.64780740e-07 -4.90837348e-07 5.93691224e-01 -1.31714260e-01 -6.36461337e-01 -5.86368326e-01 4.39016659e-02 3.74099497e-01 -7.60852699e-01 -3.42851536e-01
1.0200 1.12314031e-07 -8.01397069e-08 -2.77517286e-07 -4.27542037e-07 7.14703995e-08 1.83318251e-07 -6.72885000e-07 -4.18096350e-07 6.02998065e-01 -6.73636911e-02 -7.14803617e-01 -6.74630061e-01 1.48235265e-01 4.48884614e-01 -8.53799304e-01 -2.56679424e-01
1.0300 1.16705157e-07 1.39378125e-08 -3.04785236e-07 -4.74513407e-07 1.19916859e-07 2.06716976e-07 -6.48655674e-07 -3.22021840e-07 6.26544614e-01 1.17250382e-02 -7.85009602e-01 -7.48747182e-01 2.48698420e-01 5.06194071e-01 -8.95487132e-01 -1.40594640e-01
1.0400 1.23530414e-07 1.10239799e-07 -3.27337116e-07 -5.10828077e-07 1.60755860e-07 2.23108241e-07 -6.04394981e-07 -2.20530879e-07 6.63126365e-01 9.26744063e-02 -8.43069336e-01 -8.06054225e-01 3.33377960e-01 5.46350544e-01 -8.93322789e-01 -1.35942853e-02
1.0500 1.31501524e-07 1.97636107e-07 -3.43537704e-07 -5.36219536e-07 1.91164988e-07 2.33994371e-07 -5.50619608e-07 -1.25460249e-07 7.05837399e-01 1.66132852e-01 -8.84771651e-01 -8.46128359e-01 3.96424481e-01 5.73029732e-01 -8.58929759e-01 1.10524454e-01
1.0600 1.38657645e-07 2.69107423e-07 -3.51449619e-07 -5.50254599e-07 2.10534644e-07 2.40743908e-07 -4.93939150e-07 -4.26605971e-08 7.44167770e-01 2.26202638e-01 -9.05126709e-01 -8.68281762e-01 4.36576635e-01 5.89577654e-01 -8.03038064e-01 2.23116225e-01
1.0700 1.42995099e-07 3.19787499e-07 -3.49188624e-07 -5.51646141e-07 2.19113275e-07 2.43605065e-07 -4.38052167e-07 2.46661727e-08 7.67379342e-01 2.68793917e-01 -8.99281975e-01 -8.70478992e-01 4.54351816e-01 5.96596636e-01 -7.33587708e-01 3.17360743e-01
1.0800 1.43118987e-07 3.44932116e-07 -3.35703741e-07 -5.38736601e-07 2.16810746e-07 2.41603169e-07 -3.86389238e-07 7.20246768e-08 7.67998644e-01 2.89918286e-01 -8.64531911e-01 -8.50101712e-01 4.49565079e-01 5.91696139e-01 -6.56716693e-01 3.84544525e-01
1.0900 1.38701604e-07 3.39436298e-07 -3.11593449e-07 -5.10824481e-07 2.02809975e-07 2.33268451e-07 -3.44280028e-07 9.17983983e-08 7.44273754e-01 2.85284316e-01 -8.02420036e-01 -8.06042972e-01 4.20524076e-01 5.71276365e-01 -5.78904938e-01 4.12895503e-01
1.1000 1.30604828e-07 2.99515512e-07 -2.79517532e-07 -4.69594759e-07 1.76195626e-07 2.17781104e-07 -3.18991951e-07 7.49847790e-08 7.00829748e-01 2.51711892e-01 -7.19799039e-01 -7.40964457e-01 3.65332670e-01 5.33332645e-01 -5.08221856e-01 3.90443459e-01
1.1100 1.20638615e-07 2.25848310e-07 -2.43914720e-07 -4.19850068e-07 1.37280311e-07 1.95959393e-07 -3.17277863e-07 1.59618411e-08 6.47373399e-01 1.89774210e-01 -6.28102707e-01 -6.62449413e-01 2.84640521e-01 4.79874365e-01 -4.53404511e-01 3.11110375e-01
1.1200 1.11045007e-07 1.26488205e-07 -2.10023433e-07 -3.69035407e-07 8.89280943e-08 1.70604262e-07 -3.41525629e-07 -8.19932726e-08 5.95926579e-01 1.06244790e-01 -5.40823104e-01 -5.82251175e-01 1.84386843e-01 4.17767220e-01 -4.20902910e-01 1.81251153e-01
1.1300 1.03878361e-07 1.76723685e-08 -1.82504312e-07 -3.25570200e-07 3.71099356e-08 1.46000205e-07 -3.86523782e-07 -2.03413642e-07 5.57503604e-01 1.47758275e-02 -4.69962529e-01 -5.13659618e-01 7.69516182e-02 3.57508998e-01 -4.11342716e-01 2.31179000e-02
1.1400 1.00474031e-07 -7.86038717e-08 -1.64151290e-07 -2.96526007e-07 -9.79172489e-09 1.26731998e-07 -4.38807138e-07 -3.21866865e-07 5.39262937e-01 -6.61422051e-02 -4.22714032e-01 -4.67835461e-01 -2.02865287e-02 3.10330309e-01 -4.17428761e-01 -1.27384981e-01
1.1500 1.01156878e-07 -1.40016143e-07 -1.55172352e-07 -2.85499024e-07 -4.28964180e-08 1.16263032e-07 -4.79530640e-07 -4.06164026e-07 5.42944735e-01 -1.17745171e-01 -3.99609617e-01 -4.50452646e-01 -8.89175181e-02 2.84712315e-01 -4.24862700e-01 -2.29067903e-01
1.1600 1.05255837e-07 -1.50713928e-07 -1.53320680e-07 -2.91497228e-07 -5.53884213e-08 1.15822297e-07 -4.90275999e-07 -4.29842123e-07 5.64949143e-01 -1.26713608e-01 -3.94858865e-01 -4.59942601e-01 -1.14812856e-01 2.83661290e-01 -4.16565932e-01 -2.47717498e-01
1.1700 1.11392181e-07 -1.07044929e-07 -1.54839530e-07 -3.09304191e-07 -4.48270471e-08 1.24029567e-07 -4.59796469e-07 -3.80593949e-07 5.97881826e-01 -8.99833331e-02 -3.98783242e-01 -4.88069252e-01 -9.29148511e-02 3.03791799e-01 -3.78954001e-01 -1.68077053e-01
1.1800 1.17929710e-07 -1.98882004e-08 -1.55874913e-07 -3.31236315e-07 -1.43151875e-08 1.37404583e-07 -3.89069719e-07 -2.65980323e-07 6.32967539e-01 -1.67047145e-02 -4.01454987e-01 -5.22703099e-01 -2.96585261e-02 3.36575160e-01 -3.07895262e-01 -9.78627632e-04
1.1900 1.23438287e-07 8.76214672e-08 -1.53831346e-07 -3.49690301e-07 2.79993636e-08 1.51571001e-07 -2.92461893e-07 -1.12891528e-07 6.62535276e-01 7.36721265e-02 -3.96188985e-01 -5.51842177e-01 5.80629520e-02 3.71289303e-01 -2.11823759e-01 2.17528496e-01
1.2000 1.27035278e-07 1.86544824e-07 -1.48168389e-07 -3.59583001e-07 7.10337170e-08 1.62709989e-07 -1.94171287e-07 3.95724190e-08 6.81849033e-01 1.56821379e-01 -3.81594055e-01 -5.67462846e-01 1.47272774e-01 3.98579524e-01 -1.10386488e-01 4.35465810e-01
1.2100 1.28523032e-07 2.50759933e-07 -1.40351596e-07 -3.59827114e-07 1.03854613e-07 1.68736895e-07 -1.20895745e-07 1.51695763e-07 6.89845299e-01 2.10788883e-01 -3.61446250e-01 -5.67848682e-01 2.15305748e-01 4.13340421e-01 -2.86607507e-02 5.99985419e-01
1.2200 1.28312845e-07 2.64871165e-07 -1.32997576e-07 -3.53344315e-07 1.18742430e-07 1.69792831e-07 -9.31578808e-08 1.95377380e-07 6.88726075e-01 2.22639073e-01 -3.42486575e-01 -5.57611016e-01 2.46160140e-01 4.15919393e-01 1.12675572e-02 6.73347090e-01
1.2300 1.27191624e-07 2.28690898e-07 -1.28563276e-07 -3.45653904e-07 1.13234921e-07 1.67909663e-07 -1.18334658e-07 1.62809926e-07 6.82708633e-01 1.92220194e-01 -3.31044993e-01 -5.45461401e-01 2.34733983e-01 4.11295411e-01 -1.57756654e-03 6.44451828e-01
1.2400 1.26026431e-07 1.56747351e-07 -1.28105142e-07 -3.42587413e-07 9.05030253e-08 1.66016303e-07 -1.87918773e-07 6.86005547e-08 6.76442079e-01 1.31748488e-01 -3.29844524e-01 -5.40604745e-01 1.87603388e-01 4.06644533e-01 -6.22587018e-02 5.31989219e-01
1.2500 1.25505339e-07 7.30107481e-08 -1.30607291e-07 -3.47978957e-07 5.79868082e-08 1.66688637e-07 -2.80070161e-07 -5.53947159e-08 6.73618228e-01 6.13736836e-02 -3.36270936e-01 -5.49094217e-01 1.20193985e-01 4.08277733e-01 -1.50373241e-01 3.78098476e-01
1.2600 1.25984541e-07 2.69767304e-09 -1.33159922e-07 -3.62162926e-07 2.48074939e-08 1.71120190e-07 -3.66640634e-07 -1.70712950e-07 6.76151631e-01 2.28965377e-03 -3.42832184e-01 -5.71460243e-01 5.14153890e-02 4.19119658e-01 -2.35851142e-01 2.34683905e-01
1.2700 1.27465515e-07 -3.59991441e-08 -1.31943174e-07 -3.81790921e-07 -1.13875069e-09 1.78684401e-07 -4.22267725e-07 -2.44722074e-07 6.84056342e-01 -3.02163569e-02 -3.39692151e-01 -6.02421369e-01 -2.36368342e-03 4.37636609e-01 -2.88273535e-01 1.46999390e-01
1.2800 1.29680251e-07 -3.74491928e-08 -1.23661332e-07 -4.00985540e-07 -1.54395526e-08 1.87219768e-07 -4.32415814e-07 -2.60635599e-07 6.95901677e-01 -3.14173039e-02 -3.18364097e-01 -6.32704723e-01 -3.19976334e-02 4.58535091e-01 -2.86584447e-01 1.39953011e-01
1.2900 1.32232506e-07 -9.61584970e-09 -1.06894587e-07 -4.13366782e-07 -1.80883710e-08 1.93891665e-07 -3.97644713e-07 -2.21841419e-07 7.09568270e-01 -8.01150740e-03 -2.75191727e-01 -6.52243493e-01 -3.74748837e-02 4.74872751e-01 -2.25878457e-01 2.11519410e-01
1.3000 1.34736386e-07 2.95695423e-08 -8.28567238e-08 -4.14193137e-07 -1.28791303e-08 1.96275192e-07 -3.32743932e-07 -1.49347871e-07 7.22990050e-01 2.49266944e-02 -2.13300270e-01 -6.53555421e-01 -2.66623524e-02 4.80710554e-01 -1.18938947e-01 3.35109255e-01
1.3100 1.36908592e-07 5.90263410e-08 -5.52582188e-08 -4.01853623e-07 -5.61477843e-09 1.93237664e-07 -2.61176908e-07 -7.35540222e-08 7.34648272e-01 4.96789809e-02 -1.42243802e-01 -6.34097171e-01 -1.15912970e-02 4.73274155e-01 7.98628025e-03 4.69669139e-01
1.3200 1.38598151e-07 6.20385661e-08 -2.92961391e-08 -3.78218970e-07 -1.84692717e-09 1.85295858e-07 -2.06878392e-07 -2.34294615e-08 7.43731007e-01 5.21983681e-02 -7.54039761e-02 -5.96818591e-01 -3.77134836e-03 4.53828767e-01 1.23706808e-01 5.73764227e-01
1.3300 1.39765026e-07 3.18572446e-08 -1.01056688e-08 -3.47797855e-07 -4.96149634e-09 1.74338493e-07 -1.86281253e-07 -1.69042569e-08 7.50019163e-01 2.68168235e-02 -2.60025090e-02 -5.48831545e-01 -1.02220916e-02 4.26999406e-01 2.02001933e-01 6.18779247e-01
1.3400 1.40436137e-07 -2.64099320e-08 -1.19890266e-09 -3.16079196e-07 -1.52311225e-08 1.62852295e-07 -2.03251894e-07 -5.56307207e-08 7.53651744e-01 -2.21681521e-02 -3.08107123e-03 -4.98794539e-01 -3.15089339e-02 3.98875394e-01 2.29607982e-01 5.96974442e-01
1.3500 1.40668976e-07 -9.80368461e-08 -3.41748288e-09 -2.87714062e-07 -3.00609232e-08 1.52975002e-07 -2.48499416e-07 -1.25585336e-07 7.54931890e-01 -8.23763262e-02 -8.80457736e-03 -4.54044331e-01 -6.22528170e-02 3.74691115e-01 2.09706655e-01 5.22144953e-01
1.3600 1.40541009e-07 -1.64017666e-07 -1.47400740e-08 -2.65207685e-07 -4.52167553e-08 1.45752865e-07 -3.03424417e-07 -2.02888307e-07 7.54271032e-01 -1.37832822e-01 -3.79658835e-02 -4.18532469e-01 -9.36765099e-02 3.57007714e-01 1.59939858e-01 4.23271062e-01
1.3700 1.40164574e-07 -2.07490178e-07 -3.09844705e-08 -2.48559466e-07 -5.65038694e-08 1.40887438e-07 -3.46869541e-07 -2.62485972e-07 7.52269237e-01 -1.74366892e-01 -7.97942341e-02 -3.92257539e-01 -1.17084375e-01 3.45093153e-01 1.05850571e-01 3.33859349e-01
1.3800 1.39710853e-07 -2.19008827e-07 -4.71380203e-08 -2.35904858e-07 -6.12626385e-08 1.37056622e-07 -3.62340853e-07 -2.86546869e-07 7.49843807e-01 -1.84043028e-01 -1.21381528e-01 -3.72278104e-01 -1.26962779e-01 3.35708633e-01 7.21411472e-02 2.80887001e-01
1.3900 1.39420044e-07 -1.99002132e-07 -5.88480173e-08 -2.24828170e-07 -5.91815728e-08 1.32667162e-07 -3.43258276e-07 -2.69772686e-07 7.48283446e-01 -1.67225069e-01 -1.51520275e-01 -3.54784019e-01 -1.22665221e-01 3.24951663e-01 7.47540836e-02 2.77040526e-01
1.4000 1.39580309e-07 -1.56845028e-07 -6.35735356e-08 -2.13773991e-07 -5.22241678e-08 1.26727539e-07 -2.94612245e-07 -2.20108875e-07 7.49134838e-01 -1.31795234e-01 -1.63669464e-01 -3.37323164e-01 -1.08260587e-01 3.10393861e-01 1.16346976e-01 3.18480250e-01
1.4100 1.40472729e-07 -1.07171174e-07 -6.10453119e-08 -2.02972186e-07 -4.38009918e-08 1.19483943e-07 -2.30715942e-07 -1.55032992e-07 7.53906964e-01 -9.00538506e-02 -1.57138410e-01 -3.20260507e-01 -9.08170349e-02 2.92638458e-01 1.86454197e-01 3.88275620e-01
1.4200 1.42296550e-07 -6.49170723e-08 -5.29411549e-08 -1.94503381e-07 -3.75661873e-08 1.12553194e-07 -1.70065058e-07 -9.50780513e-08 7.63669887e-01 -5.45539097e-02 -1.36250409e-01 -3.06880971e-01 -7.79075584e-02 2.75645765e-01 2.65984597e-01 4.63722804e-01
1.4300 1.45100869e-07 -4.08574640e-08 -4.19624843e-08 -1.91480847e-07 -3.62981047e-08 1.08478578e-07 -1.29199926e-07 -5.70194527e-08 7.78688301e-01 -3.43491915e-02 -1.07964310e-01 -3.02098212e-01 -7.52900848e-02 2.65645315e-01 3.34276587e-01 5.24631817e-01
1.4400 1.48750306e-07 -3.90268957e-08 -3.06929862e-08 -1.96674619e-07 -4.12278803e-08 1.09854407e-07 -1.17644195e-07 -4.90176686e-08 7.98237491e-01 -3.28280564e-02 -7.89351390e-02 -3.10283556e-01 -8.55161160e-02 2.68991845e-01 3.76190739e-01 5.59666468e-01
1.4500 1.52942122e-07 -5.66203022e-08 -2.06677308e-08 -2.11122660e-07 -5.19651696e-08 1.18330767e-07 -1.35468571e-07 -6.91029733e-08 8.20695215e-01 -4.76307702e-02 -5.31168536e-02 -3.33074696e-01 -1.07777014e-01 2.89727845e-01 3.86872895e-01 5.68823726e-01
1.4600 1.57274475e-07 -8.60558966e-08 -1.19718833e-08 -2.33282569e-07 -6.69326210e-08 1.33860869e-07 -1.74035875e-07 -1.07107626e-07 8.43907741e-01 -7.23838376e-02 -3.07289998e-02 -3.68037493e-01 -1.38804536e-01 3.27740271e-01 3.72757411e-01 5.61693146e-01
1.4700 1.61346851e-07 -1.18198373e-07 -3.47081863e-09 -2.59077216e-07 -8.40528566e-08 1.54472546e-07 -2.19399556e-07 -1.48979867e-07 8.65728335e-01 -9.94090354e-02 -8.84936985e-03 -4.08738285e-01 -1.74294456e-01 3.78200838e-01 3.48731645e-01 5.52638027e-01
1.4800 1.64861468e-07 -1.45492659e-07 6.46703175e-09 -2.82856988e-07 -1.01388143e-07 1.76663413e-07 -2.57021147e-07 -1.81745877e-07 8.84560836e-01 -1.22356829e-01 1.67244824e-02 -4.46262429e-01 -2.10231900e-01 4.32533624e-01 3.32666061e-01 5.54967785e-01
1.4900 1.67693297e-07 -1.63978677e-07 1.90682248e-08 -2.98964752e-07 -1.17512662e-07 1.96302770e-07 -2.76181906e-07 -1.97391797e-07 8.99734972e-01 -1.37899126e-01 4.91525191e-02 -4.71683638e-01 -2.43662388e-01 4.80623611e-01 3.39304726e-01 5.76265949e-01
1.5000 1.69906873e-07 -1.73703779e-07 3.44363887e-08 -3.03370147e-07 -1.31550703e-07 2.09749563e-07 -2.72730664e-07 -1.94531805e-07 9.11596461e-01 -1.46075469e-01 8.87034233e-02 -4.78642540e-01 -2.72770581e-01 5.13554328e-01 3.75581875e-01 6.16365621e-01
1.5100 1.71716318e-07 -1.77680493e-07 5.12946656e-08 -2.94814814e-07 -1.42968159e-07 2.14824770e-07 -2.49484324e-07 -1.77627713e-07 9.21292747e-01 -1.49416953e-01 1.32091258e-01 -4.65153429e-01 -2.96448031e-01 5.25989068e-01 4.38813623e-01 6.68354660e-01
1.5200 1.73404207e-07 -1.80014074e-07 6.72810178e-08 -2.75084117e-07 -1.51295288e-07 2.11330536e-07 -2.14412966e-07 -1.54377718e-07 9.30338236e-01 -1.51372832e-01 1.73235744e-01 -4.34032737e-01 -3.13718859e-01 5.17442174e-01 5.18168411e-01 7.21891726e-01
1.5300 1.75228129e-07 -1.83999432e-07 7.96804780e-08 -2.48326857e-07 -1.55955932e-07 2.00964824e-07 -1.77417683e-07 -1.32408791e-07 9.40113619e-01 -1.54711655e-01 2.05147640e-01 -3.91825511e-01 -3.23386409e-01 4.92070179e-01 5.98724093e-01 7.67407863e-01
1.5400 1.77346323e-07 -1.90846494e-07 8.63225562e-08 -2.19670386e-07 -1.56295602e-07 1.86682444e-07 -1.46848001e-07 -1.16461159e-07 9.51467440e-01 -1.60450568e-01 2.22239370e-01 -3.46620344e-01 -3.24092169e-01 4.57107277e-01 6.66635899e-01 7.99651006e-01
1.5500 1.79785108e-07 -1.99343633e-07 8.63221370e-08 -1.93609249e-07 -1.51784517e-07 1.71730365e-07 -1.26845638e-07 -1.06899790e-07 9.64541525e-01 -1.67572749e-01 2.22232630e-01 -3.05507194e-01 -3.14737203e-01 4.20503243e-01 7.13694213e-01 8.19460253e-01
1.5600 1.82454462e-07 -2.06378932e-07 8.04100669e-08 -1.72703924e-07 -1.42278622e-07 1.58678637e-07 -1.16218327e-07 -9.98183122e-08 9.78854331e-01 -1.73465345e-01 2.07009501e-01 -2.72524638e-01 -2.95023395e-01 3.88550606e-01 7.39873848e-01 8.33401059e-01
1.5700 1.85200450e-07 -2.07963878e-07 7.07535794e-08 -1.56998943e-07 -1.28192997e-07 1.48750755e-07 -1.09008792e-07 -8.84510339e-08 9.93581576e-01 -1.74779230e-01 1.82149978e-01 -2.47742210e-01 -2.65812682e-01 3.64245016e-01 7.53210114e-01 8.51642448e-01
1.5800 1.87870711e-07 -2.00326045e-07 6.03460850e-08 -1.44308965e-07 -1.10486920e-07 1.41640897e-07 -9.64182136e-08 -6.52642367e-08 1.00790681e+00 -1.68346499e-01 1.55360770e-01 -2.27712045e-01 -2.29095560e-01 3.46837719e-01 7.67209037e-01 8.84951196e-01
1.5900 1.90366443e-07 -1.80743754e-07 5.21850846e-08 -1.31223253e-07 -9.04529107e-08 1.35835048e-07 -6.94154791e-08 -2.40333417e-08 1.02129959e+00 -1.51881162e-01 1.34358631e-01 -2.07053814e-01 -1.87553135e-01 3.32621803e-01 7.96723250e-01 9.41791919e-01
1.6000 1.92661770e-07 -1.47999006e-07 4.85098219e-08 -1.14447909e-07 -6.93972153e-08 1.29289026e-07 -2.12753230e-08 3.86164878e-08 1.03361912e+00 -1.24359381e-01 1.24907615e-01 -1.80572244e-01 -1.43894286e-01 3.16592264e-01 8.53595108e-01 1.02629309e+00
1.6100 1.94785927e-07 -1.02511869e-07 5.03253675e-08 -9.20161277e-08 -4.83511873e-08 1.20213001e-07 5.05832972e-08 1.22445111e-07 1.04501892e+00 -8.61325179e-02 1.29593901e-01 -1.45166181e-01 -1.00257160e-01 2.94366803e-01 9.43314122e-01 1.13742377e+00
1.6200 1.96779481e-07 -4.63048892e-08 5.73220208e-08 -6.39717016e-08 -2.79378357e-08 1.07699206e-07 1.43824911e-07 2.23586281e-07 1.05571276e+00 -3.88978247e-02 1.47618519e-01 -1.00906429e-01 -5.79326788e-02 2.63722686e-01 1.06352703e+00 1.26931703e+00
1.6300 1.98646583e-07 1.70913290e-08 6.81573035e-08 -3.23337603e-08 -8.44312818e-09 9.20042528e-08 2.51561455e-07 3.35122580e-07 1.06571962e+00 1.43800128e-02 1.75523629e-01 -5.09796248e-02 -1.75127650e-02 2.25287960e-01 1.20464364e+00 1.41241883e+00
1.6400 2.00327045e-07 8.27948817e-08 8.09554867e-08 -4.03827950e-10 9.95750495e-09 7.44275775e-08 3.63673585e-07 4.48058668e-07 1.07471496e+00 6.95997619e-02 2.08478846e-01 -5.94676201e-04 2.06396068e-02 1.82243896e-01 1.35219889e+00 1.55508239e+00
1.6500 2.01703997e-07 1.44903354e-07 9.38334950e-08 2.83098162e-08 2.69441483e-08 5.68647423e-08 4.68750661e-07 5.52559552e-07 1.08207254e+00 1.21801122e-01 2.41635395e-01 4.47142739e-02 5.58613486e-02 1.39231434e-01 1.49022333e+00 1.68531611e+00
1.6600 2.02648288e-07 1.97134116e-07 1.05290566e-07 5.11701275e-08 4.19139060e-08 4.12122105e-08 5.56243098e-07 6.39369215e-07 1.08710270e+00 1.65702846e-01 2.71129390e-01 8.07882544e-02 8.69020119e-02 1.00894027e-01 1.60472319e+00 1.79251923e+00
1.6700 2.03085109e-07 2.33817375e-07 1.14381509e-07 6.71414076e-08 5.40530605e-08 2.88297910e-08 6.18425401e-07 7.01308252e-07 1.08940911e+00 1.96537822e-01 2.94527869e-01 1.05994789e-01 1.12073533e-01 7.05616855e-02 1.68646959e+00 1.86910481e+00
1.6800 2.03057631e-07 2.51108235e-07 1.20690666e-07 7.69653207e-08 6.26145849e-08 2.02252244e-08 6.51821853e-07 7.34661662e-07 1.08922895e+00 2.11072531e-01 3.10761677e-01 1.21504965e-01 1.29825912e-01 4.94788122e-02 1.73256812e+00 1.91187285e+00
1.6900 2.02761015e-07 2.48103885e-07 1.24195262e-07 8.27759280e-08 6.72911241e-08 1.50338152e-08 6.57836090e-07 7.40161029e-07 1.08761393e+00 2.08546770e-01 3.19773506e-01 1.30685579e-01 1.39520898e-01 3.67542656e-02 1.74661978e+00 1.92289495e+00
1.7000 2.02528664e-07 2.27463547e-07 1.25126941e-07 8.73293791e-08 6.85111894e-08 1.22608707e-08 6.42448531e-07 7.23220591e-07 1.08635520e+00 1.91195210e-01 3.22161250e-01 1.37883654e-01 1.42046398e-01 2.99546755e-02 1.73759531e+00 1.90959639e+00
1.7100 2.02768401e-07 1.95195953e-07 1.23907302e-07 9.31300725e-08 6.74969163e-08 1.06730668e-08 6.15001729e-07 6.93171712e-07 1.08764028e+00 1.64068853e-01 3.19011861e-01 1.47047987e-01 1.39936389e-01 2.60622271e-02 1.71776898e+00 1.88376760e+00
1.7200 2.03863752e-07 1.59502661e-07 1.21168161e-07 1.01737342e-07 6.60057074e-08 9.19167083e-09 5.86271916e-07 6.61469294e-07 1.09352349e+00 1.34062536e-01 3.11953322e-01 1.60635862e-01 1.36835240e-01 2.24369334e-02 1.70017521e+00 1.85944739e+00
1.7300 2.06068615e-07 1.28877412e-07 1.17803589e-07 1.13445751e-07 6.58043040e-08 7.16126604e-09 5.66195366e-07 6.39160936e-07 1.10536175e+00 1.08316904e-01 3.03288399e-01 1.79109393e-01 1.36407126e-01 1.74741729e-02 1.69607645e+00 1.84995775e+00
1.7400 2.09427642e-07 1.09948805e-07 1.14969321e-07 1.27389127e-07 6.80418074e-08 4.42840681e-09 5.61734896e-07 6.34205110e-07 1.12338884e+00 9.24046109e-02 2.95992944e-01 2.01100379e-01 1.41035839e-01 1.07970901e-02 1.71288677e+00 1.86471970e+00
1.7500 2.13748059e-07 1.05701123e-07 1.13961155e-07 1.41977676e-07 7.27485105e-08 1.23933740e-09 5.75388013e-07 6.49375861e-07 1.14656572e+00 8.88345498e-02 2.93402695e-01 2.24100431e-01 1.50785452e-01 3.00630563e-03 1.75290339e+00 1.90669515e+00
1.7600 2.18633553e-07 1.14646689e-07 1.15960443e-07 1.55485443e-07 7.86621895e-08 -1.97329714e-09 6.04726129e-07 6.81415021e-07 1.17276366e+00 9.63561336e-02 2.98558052e-01 2.45387958e-01 1.63039965e-01 -4.84185369e-03 1.81306580e+00 1.97126391e+00
1.7700 2.23572162e-07 1.31257936e-07 1.21706449e-07 1.66585981e-07 8.34782568e-08 -4.81741707e-09 6.43122527e-07 7.21783367e-07 1.19923634e+00 1.10322655e-01 3.13360687e-01 2.62873019e-01 1.73021840e-01 -1.17904006e-02 1.88579270e+00 2.04702414e+00
1.7800 2.28053903e-07 1.47580241e-07 1.31208878e-07 1.74682772e-07 8.44724049e-08 -7.09598564e-09 6.81525794e-07 7.58902213e-07 1.22325076e+00 1.24047238e-01 3.37833787e-01 2.75618053e-01 1.75082927e-01 -1.73592137e-02 1.96074984e+00 2.11847355e+00
1.7900 2.31685328e-07 1.55567567e-07 1.43623075e-07 1.79970683e-07 7.93092348e-08 -8.84331763e-09 7.10846653e-07 7.81312570e-07 1.24270088e+00 1.30766316e-01 3.69801133e-01 2.83934107e-01 1.64381047e-01 -2.16333932e-02 2.02720244e+00 2.16995009e+00
1.8000 2.34269770e-07 1.49443608e-07 1.57366572e-07 1.83258414e-07 6.67791891e-08 -1.02487625e-08 7.24338364e-07 7.80868791e-07 1.25653684e+00 1.25624396e-01 4.05187611e-01 2.89099990e-01 1.38407967e-01 -2.50761723e-02 2.07644883e+00 2.18978063e+00
1.8100 2.35833021e-07 1.27376156e-07 1.70473060e-07 1.85647426e-07 4.72262915e-08 -1.15152615e-08 7.19329664e-07 7.55040694e-07 1.26490129e+00 1.07081394e-01 4.38930791e-01 2.92855201e-01 9.78763231e-02 -2.81827492e-02 2.10376868e+00 2.17346225e+00
1.8200 2.36590643e-07 9.19691238e-08 1.81089123e-07 1.88184130e-07 2.25334872e-08 -1.27189975e-08 6.97833020e-07 7.07647510e-07 1.26895300e+00 7.73260271e-02 4.66259889e-01 2.96850982e-01 4.66892991e-02 -3.11371262e-02 2.10938990e+00 2.12494207e+00
1.8300 2.36869822e-07 4.94518988e-08 1.87956740e-07 1.91581984e-07 -4.31816765e-09 -1.37282391e-08 6.65860445e-07 6.47814038e-07 1.27044718e+00 4.15942494e-02 4.83937791e-01 3.02211967e-01 -8.97323978e-03 -3.36140751e-02 2.09819119e+00 2.05560387e+00
1.8400 2.37010498e-07 7.85295152e-09 1.90717141e-07 1.96066052e-07 -2.99610143e-08 -1.42112559e-08 6.31646643e-07 5.87474373e-07 1.27120531e+00 6.63399758e-03 4.91042906e-01 3.09291313e-01 -6.21298551e-02 -3.47991881e-02 2.07817352e+00 1.98124448e+00
1.8500 2.37274199e-07 -2.52516412e-08 1.89925726e-07 2.01346898e-07 -5.13889544e-08 -1.37279637e-08 6.03295182e-07 5.38178264e-07 1.27262687e+00 -2.11872147e-02 4.89007037e-01 3.17630011e-01 -1.06548630e-01 -3.36137566e-02 2.05807671e+00 1.91791432e+00
1.8600 2.37784145e-07 -4.47205359e-08 1.86766221e-07 2.06700504e-07 -6.65163522e-08 -1.18714775e-08 5.86530334e-07 5.08142504e-07 1.27536920e+00 -3.75483560e-02 4.80878932e-01 3.26083508e-01 -1.37905861e-01 -2.90615463e-02 2.04478328e+00 1.87781588e+00
1.8700 2.38509063e-07 -4.89888955e-08 1.82560031e-07 2.11121893e-07 -7.44090521e-08 -8.41303563e-09 5.83202092e-07 5.00380004e-07 1.27926167e+00 -4.11343635e-02 4.70060740e-01 3.33064506e-01 -1.54264958e-01 -2.05835052e-02 2.04125255e+00 1.86640409e+00
1.8800 2.39289646e-07 -4.00964543e-08 1.78244092e-07 2.13526106e-07 -7.51780195e-08 -3.40846758e-09 5.90963390e-07 5.12376903e-07 1.28344844e+00 -3.36595827e-02 4.58963642e-01 3.36860299e-01 -1.55855883e-01 -8.31806689e-03 2.04561280e+00 1.88143885e+00
1.8900 2.39895156e-07 -2.26954618e-08 1.74007515e-07 2.12978401e-07 -6.96454685e-08 2.75867340e-09 6.04185610e-07 5.37298815e-07 1.28669229e+00 -1.90339062e-02 4.48072600e-01 3.35996027e-01 -1.44382944e-01 6.79373039e-03 2.05172701e+00 1.91413779e+00
1.9000 2.40091281e-07 -2.44306530e-09 1.69225639e-07 2.08934735e-07 -5.89576468e-08 9.40177838e-09 6.15808591e-07 5.66252723e-07 1.28773828e+00 -2.01167933e-03 4.35777042e-01 3.29613976e-01 -1.22222053e-01 2.30690868e-02 2.05111762e+00 1.95196465e+00
1.9100 2.39700381e-07 1.56603790e-08 1.62726400e-07 2.01460322e-07 -4.43064319e-08 1.56123401e-08 6.19547481e-07 5.90853390e-07 1.28563623e+00 1.32047368e-02 4.19057179e-01 3.17818155e-01 -9.18436529e-02 3.82824326e-02 2.03571630e+00 1.98215508e+00
1.9200 2.38640502e-07 2.84634940e-08 1.53304184e-07 1.91375225e-07 -2.68439152e-08 2.03792548e-08 6.11783405e-07 6.05318745e-07 1.27994909e+00 2.39667751e-02 3.94807467e-01 3.01903699e-01 -5.56357940e-02 4.99576040e-02 2.00062703e+00 1.99494884e+00
1.9300 2.36937743e-07 3.50689229e-08 1.40303198e-07 1.80265524e-07 -7.76703208e-09 2.27286124e-08 5.92575389e-07 6.07536969e-07 1.27081845e+00 2.95199736e-02 3.61338835e-01 2.84374171e-01 -1.60797781e-02 5.57100002e-02 1.94605142e+00 1.98568165e+00
1.9400 2.34714427e-07 3.64265699e-08 1.24059501e-07 1.70310244e-07 1.15393445e-08 2.18700170e-08 5.65510742e-07 5.98920103e-07 1.25890066e+00 3.06621341e-02 3.19516783e-01 2.68668251e-01 2.39530381e-02 5.36046295e-02 1.87774782e+00 1.95530549e+00
1.9500 2.32160973e-07 3.43662732e-08 1.06031190e-07 1.63913849e-07 2.94439929e-08 1.73368672e-08 5.36472285e-07 5.83253145e-07 1.24521594e+00 2.89304918e-02 2.73096398e-01 2.58579761e-01 6.10800994e-02 4.24993745e-02 1.80582259e+00 1.90940207e+00
1.9600 2.29501047e-07 3.04890532e-08 8.85470118e-08 1.63194425e-07 4.41994967e-08 9.10438732e-09 5.11731537e-07 5.65035421e-07 1.23096185e+00 2.56701060e-02 2.28074788e-01 2.57450130e-01 9.16775745e-02 2.23338665e-02 1.74215687e+00 1.85616831e+00
1.9700 2.26958027e-07 2.53477572e-08 7.42309756e-08 1.69439554e-07 5.42714797e-08 -2.33782621e-09 4.95976314e-07 5.47909968e-07 1.21733407e+00 2.13454577e-02 1.91209332e-01 2.67310025e-01 1.12563149e-01 -5.69288479e-03 1.69719889e+00 1.80406915e+00
1.9800 2.24727501e-07 1.82106864e-08 6.52713208e-08 1.82680322e-07 5.87703052e-08 -1.59869186e-08 4.90889830e-07 5.33673217e-07 1.20537970e+00 1.53418934e-02 1.68135239e-01 2.88207467e-01 1.21891334e-01 -3.91251219e-02 1.67706430e+00 1.75983052e+00
1.9900 2.22957135e-07 7.47194985e-09 6.27589368e-08 2.01528244e-07 5.78151303e-08 -3.04259782e-08 4.94716265e-07 5.22105417e-07 1.19588986e+00 6.31043401e-03 1.61662036e-01 3.17950823e-01 1.19908553e-01 -7.44931056e-02 1.68181315e+00 1.72722860e+00
2.0000 2.21733289e-07 -8.46699884e-09 6.63041446e-08 2.23363114e-07 5.26552983e-08 -4.40291796e-08 5.02933549e-07 5.11559668e-07 1.18932816e+00 -7.09157174e-03 1.70786847e-01 3.52405453e-01 1.09205046e-01 -1.07815323e-01 1.70542889e+00 1.70681861e+00
2.0100 2.21073485e-07 -3.01881491e-08 7.40572653e-08 2.44863479e-07 4.54453711e-08 -5.52525854e-08 5.09806080e-07 4.99998866e-07 1.18579026e+00 -2.53525622e-02 1.90747358e-01 3.86330842e-01 9.42485418e-02 -1.35310533e-01 1.73751590e+00 1.69645391e+00
2.0200 2.20924862e-07 -5.65078596e-08 8.31354362e-08 2.62763751e-07 3.86940443e-08 -6.29580632e-08 5.10316190e-07 4.86052171e-07 1.18499510e+00 -4.74774598e-02 2.14120778e-01 4.14575169e-01 8.02416099e-02 -1.54190998e-01 1.76621359e+00 1.69226420e+00
2.0300 2.21169890e-07 -8.42873810e-08 9.03357824e-08 2.74639006e-07 3.45372528e-08 -6.66929995e-08 5.01857298e-07 4.69701551e-07 1.18631487e+00 -7.08285169e-02 2.32660073e-01 4.33313372e-01 7.16143195e-02 -1.63347563e-01 1.78145980e+00 1.68972656e+00
2.0400 2.21640792e-07 -1.08915561e-07 9.29319736e-08 2.79491461e-07 3.40703654e-08 -6.68428610e-08 4.85148666e-07 4.52376171e-07 1.18885165e+00 -9.15308863e-02 2.39344913e-01 4.40972187e-01 7.06392888e-02 -1.63723384e-01 1.77763787e+00 1.68455377e+00
2.0500 2.22142762e-07 -1.25354557e-07 8.93320125e-08 2.77956280e-07 3.69769610e-08 -6.45939641e-08 4.64076496e-07 4.36459493e-07 1.19156139e+00 -1.05351197e-01 2.30075361e-01 4.38554497e-01 7.66616056e-02 -1.58222882e-01 1.75484006e+00 1.67327878e+00
2.0600 2.22483584e-07 -1.29454108e-07 7.94229924e-08 2.72049942e-07 4.16056279e-08 -6.16884731e-08 4.44502410e-07 4.24419565e-07 1.19341246e+00 -1.08801769e-01 2.04559672e-01 4.29242001e-01 8.62577374e-02 -1.51111836e-01 1.71841236e+00 1.65355826e+00
2.0700 2.22504487e-07 -1.19147707e-07 6.45253867e-08 2.64521432e-07 4.54984523e-08 -6.00118544e-08 4.32403599e-07 4.17890197e-07 1.19355118e+00 -1.00145671e-01 1.66196823e-01 4.17371366e-01 9.43311295e-02 -1.47007125e-01 1.67697370e+00 1.62429770e+00
2.0800 2.22105459e-07 -9.51707103e-08 4.69928688e-08 2.57991660e-07 4.62166628e-08 -6.11074930e-08 4.31919277e-07 4.17028447e-07 1.19143802e+00 -8.00001710e-02 1.21046419e-01 4.07076488e-01 9.58241646e-02 -1.49688058e-01 1.63956075e+00 1.58569686e+00
2.0900 2.21258701e-07 -6.10748091e-08 2.95884796e-08 2.54138286e-07 4.21975036e-08 -6.57455441e-08 4.43910658e-07 4.20362617e-07 1.18692034e+00 -5.13490804e-02 7.62227190e-02 4.01002611e-01 8.74951060e-02 -1.61040507e-01 1.61279659e+00 1.53925119e+00
2.1000 2.20006556e-07 -2.25130377e-08 1.48174609e-08 2.53175879e-07 3.33537832e-08 -7.36702416e-08 4.65486859e-07 4.25170400e-07 1.18022200e+00 -1.89422140e-02 3.81769627e-02 3.99486585e-01 6.91616669e-02 -1.80438103e-01 1.59894334e+00 1.48766690e+00
2.1100 2.18444525e-07 1.40252059e-08 4.39083005e-09 2.53794779e-07 2.12046930e-08 -8.36090793e-08 4.90655340e-07 4.28250954e-07 1.17185293e+00 1.17673172e-02 1.13161364e-02 4.00460907e-01 4.39727384e-02 -2.04764778e-01 1.59539729e+00 1.43460525e+00
2.1200 2.16694306e-07 4.26978865e-08 -1.06063382e-09 2.53582066e-07 8.47886680e-09 -9.35579453e-08 5.11913625e-07 4.26834546e-07 1.16246494e+00 3.58697483e-02 -2.73373236e-03 4.00118320e-01 1.75857192e-02 -2.29113124e-01 1.59571928e+00 1.38419187e+00
2.1300 2.14874708e-07 5.96248703e-08 -1.98348163e-09 2.49798577e-07 -1.69343495e-09 -1.01277862e-07 5.22314673e-07 4.19343376e-07 1.15269597e+00 5.01033354e-02 -5.12052706e-03 3.94137944e-01 -3.50833797e-03 -2.48000956e-01 1.59181672e+00 1.34030743e+00
2.1400 2.13078612e-07 6.36969940e-08 3.47809263e-10 2.40274707e-07 -6.74324290e-09 -1.04875068e-07 5.17398123e-07 4.05779812e-07 1.14304632e+00 5.35344852e-02 8.75632909e-04 3.79098533e-01 -1.39814931e-02 -2.56791920e-01 1.57655497e+00 1.30578156e+00
2.1500 2.11361727e-07 5.66857537e-08 4.22698595e-09 2.24150465e-07 -5.47122340e-09 -1.03307098e-07 4.96424931e-07 3.87646610e-07 1.13381797e+00 4.76503208e-02 1.08620161e-02 3.53645703e-01 -1.13454609e-02 -2.52934781e-01 1.54597601e+00 1.28169577e+00
2.1600 2.09744540e-07 4.26504992e-08 7.93844622e-09 2.02233731e-07 1.55866780e-09 -9.66736517e-08 4.62567216e-07 3.67452232e-07 1.12512449e+00 3.58609344e-02 2.04207905e-02 3.19056610e-01 3.23156273e-03 -2.36675542e-01 1.50046283e+00 1.26701885e+00
2.1700 2.08224192e-07 2.68249134e-08 1.01012681e-08 1.76869152e-07 1.21646321e-08 -8.62088789e-08 4.22019526e-07 3.47975279e-07 1.11695402e+00 2.25639388e-02 2.59949751e-02 2.79032469e-01 2.52259548e-02 -2.11038289e-01 1.44454540e+00 1.25873307e+00
2.1800 2.06789722e-07 1.42927816e-08 9.87137712e-09 1.51360259e-07 2.31807824e-08 -7.39750270e-08 3.82314140e-07 3.31519896e-07 1.10925045e+00 1.20317267e-02 2.54093849e-02 2.38786326e-01 4.80724870e-02 -1.81074627e-01 1.38547789e+00 1.25247575e+00
2.1900 2.05433518e-07 8.80148358e-09 6.98813845e-09 1.29121667e-07 3.13730749e-08 -6.23414563e-08 3.50344807e-07 3.19376425e-07 1.10197439e+00 7.41421826e-03 1.79911404e-02 2.03705227e-01 6.50636348e-02 -1.52587554e-01 1.33108497e+00 1.24356105e+00
2.2000 2.04154022e-07 1.20035945e-08 1.69372146e-09 1.12814784e-07 3.43471365e-08 -5.33929673e-08 3.30666122e-07 3.11620291e-07 1.09511748e+00 1.01011945e-02 4.36255479e-03 1.77986710e-01 7.12324731e-02 -1.30682339e-01 1.28756794e+00 1.22811807e+00
2.2100 2.02949037e-07 2.32832933e-08 -5.42257183e-09 1.03717152e-07 3.11705715e-08 -4.84293171e-08 3.24526910e-07 3.07268164e-07 1.08866656e+00 1.95760317e-02 -1.39593856e-02 1.63644192e-01 6.46437944e-02 -1.18540873e-01 1.25792740e+00 1.20403032e+00
2.2200 2.01803500e-07 4.01565150e-08 -1.35997129e-08 1.01496146e-07 2.25345168e-08 -4.76888519e-08 3.29856448e-07 3.04702113e-07 1.08253843e+00 3.37516906e-02 -3.50146568e-02 1.60150532e-01 4.67298584e-02 -1.16745052e-01 1.24142600e+00 1.17141081e+00
2.2300 2.00678684e-07 5.90814682e-08 -2.20577872e-08 1.04430000e-07 1.04332584e-08 -5.03626330e-08 3.42132365e-07 3.02202990e-07 1.07652241e+00 4.96517679e-02 -5.67940343e-02 1.64787341e-01 2.16265691e-02 -1.23311684e-01 1.23416749e+00 1.13248237e+00
2.2400 1.99509965e-07 7.64219108e-08 -3.01064537e-08 1.09984783e-07 -2.50660234e-09 -5.48817800e-08 3.55810205e-07 2.98421823e-07 1.07026897e+00 6.42201522e-02 -7.75188528e-02 1.73555761e-01 -5.21748516e-03 -1.34396553e-01 1.23052603e+00 1.09091199e+00
2.2500 1.98217428e-07 8.92927182e-08 -3.72064558e-08 1.15556966e-07 -1.38148593e-08 -5.93851376e-08 3.65860656e-07 2.92660659e-07 1.06334712e+00 7.50319225e-02 -9.57998984e-02 1.82348199e-01 -2.86769439e-02 -1.45440050e-01 1.22492734e+00 1.05081035e+00
2.2600 1.96728503e-07 9.60833253e-08 -4.29938683e-08 1.19155985e-07 -2.18324783e-08 -6.22287557e-08 3.68973945e-07 2.84912711e-07 1.05536627e+00 8.07335693e-02 -1.10700186e-01 1.88025094e-01 -4.53082841e-02 -1.52415102e-01 1.21342475e+00 1.01570137e+00
2.2700 1.95006503e-07 9.65732635e-08 -4.72805630e-08 1.19836612e-07 -2.60443234e-08 -6.23951805e-08 3.64135816e-07 2.75696312e-07 1.04612943e+00 8.11403051e-02 -1.21736198e-01 1.89096687e-01 -5.40407976e-02 -1.52829586e-01 1.19463023e+00 9.87759842e-01
2.2800 1.93075294e-07 9.16843094e-08 -5.00418312e-08 1.17781095e-07 -2.70215474e-08 -5.96981497e-08 3.52498868e-07 2.65779171e-07 1.03576548e+00 7.70277717e-02 -1.28845730e-01 1.85852099e-01 -5.60580059e-02 -1.46227545e-01 1.16979962e+00 9.67514073e-01
2.2900 1.91030076e-07 8.30139647e-08 -5.13970959e-08 1.14044019e-07 -2.60374529e-08 -5.47436301e-08 3.36690965e-07 2.55909882e-07 1.02478677e+00 6.97397470e-02 -1.32337699e-01 1.79956298e-01 -5.40015218e-02 -1.34093592e-01 1.14214511e+00 9.54049998e-01
2.3000 1.89027655e-07 7.23360903e-08 -5.15855768e-08 1.10072013e-07 -2.45200828e-08 -4.86802431e-08 3.19850181e-07 2.46649855e-07 1.01403648e+00 6.07680896e-02 -1.32828894e-01 1.73692023e-01 -5.08357294e-02 -1.19241472e-01 1.11566770e+00 9.45590494e-01
2.3100 1.87255829e-07 6.12291878e-08 -5.09372564e-08 1.07166353e-07 -2.35410660e-08 -4.28292280e-08 3.04714114e-07 2.38343820e-07 1.00452409e+00 5.14399377e-02 -1.31168772e-01 1.69111842e-01 -4.87870549e-02 -1.04907648e-01 1.09390709e+00 9.40212392e-01
2.3200 1.85888564e-07 5.09166747e-08 -4.98400987e-08 1.06055913e-07 -2.35065495e-08 -3.83103134e-08 2.93021053e-07 2.31204190e-07 9.97184485e-01 4.27831996e-02 -1.28354917e-01 1.67364581e-01 -4.87019260e-02 -9.38349362e-02 1.07897735e+00 9.36440486e-01
2.3300 1.85039007e-07 4.23084295e-08 -4.87055973e-08 1.06696485e-07 -2.41299410e-08 -3.57697626e-08 2.85338324e-07 2.25438621e-07 9.92625760e-01 3.55614321e-02 -1.25444564e-01 1.68379056e-01 -4.99890837e-02 -8.76064502e-02 1.07112168e+00 9.33526151e-01
2.3400 1.84724330e-07 3.61550198e-08 -4.79349015e-08 1.08331262e-07 -2.46616360e-08 -3.52763983e-08 2.81275711e-07 2.21337677e-07 9.90940486e-01 3.04036841e-02 -1.23467950e-01 1.70959927e-01 -5.10951314e-02 -8.63910144e-02 1.06883615e+00 9.31350000e-01
2.3500 1.84853748e-07 3.31926068e-08 -4.78866220e-08 1.09764696e-07 -2.42652848e-08 -3.63953086e-08 2.79924428e-07 2.19263835e-07 9.91641528e-01 2.79266978e-02 -1.23346138e-01 1.73220094e-01 -5.02845480e-02 -8.91237593e-02 1.06944218e+00 9.30033874e-01
2.3600 1.85244768e-07 3.41765056e-08 -4.88458671e-08 1.09743503e-07 -2.23910306e-08 -3.83955101e-08 2.80318909e-07 2.19532369e-07 9.93749342e-01 2.87635935e-02 -1.25811954e-01 1.73182018e-01 -4.64140757e-02 -9.40147759e-02 1.06988300e+00 9.29454148e-01
2.3700 1.85664445e-07 3.97631243e-08 -5.09936738e-08 1.07319665e-07 -1.90125477e-08 -4.05129921e-08 2.81753561e-07 2.22228021e-07 9.96013424e-01 3.34650317e-02 -1.31331683e-01 1.69350404e-01 -3.94251855e-02 -9.91933601e-02 1.06749718e+00 9.28878631e-01
2.3800 1.85884857e-07 5.02765271e-08 -5.43778319e-08 1.02091536e-07 -1.46555565e-08 -4.21831014e-08 2.83875088e-07 2.27036430e-07 9.97210074e-01 4.23031960e-02 -1.40029976e-01 1.61092422e-01 -3.04043376e-02 -1.03277110e-01 1.06057572e+00 9.26894269e-01
2.3900 1.85737603e-07 6.54557666e-08 -5.88898559e-08 9.42688381e-08 -1.02252763e-08 -4.31756733e-08 2.86572352e-07 2.33171402e-07 9.96434847e-01 5.50593580e-02 -1.51630190e-01 1.48739991e-01 -2.12261519e-02 -1.05702790e-01 1.04860401e+00 9.21675064e-01
2.4000 1.85152218e-07 8.42986742e-08 -6.42566799e-08 8.45661533e-08 -6.70929680e-09 -4.36039335e-08 2.89760366e-07 2.39447135e-07 9.93308686e-01 7.08923030e-02 -1.65432366e-01 1.33421478e-01 -1.39377862e-02 -1.06748032e-01 1.03219010e+00 9.11504283e-01
2.4100 1.84168060e-07 1.05089775e-07 -7.00568850e-08 7.39780389e-08 -4.86758261e-09 -4.38204569e-08 2.93178989e-07 2.44490950e-07 9.88041751e-01 8.83614081e-02 -1.80354280e-01 1.16706725e-01 -1.01160508e-02 -1.07276428e-01 1.01275560e+00 8.95363124e-01
2.4200 1.82916988e-07 1.25635921e-07 -7.57678457e-08 6.35140452e-08 -5.01397098e-09 -4.42468058e-08 2.96299109e-07 2.47038332e-07 9.81340551e-01 1.05624340e-01 -1.95052222e-01 1.00188946e-01 -1.04137350e-02 -1.08320261e-01 9.92101615e-01 8.73367619e-01
2.4300 1.81582570e-07 1.43658312e-07 -8.08418854e-08 5.39699932e-08 -6.95079829e-09 -4.51985278e-08 2.98368990e-07 2.46219664e-07 9.74189193e-01 1.20766352e-01 -2.08116738e-01 8.51239455e-02 -1.44231930e-02 -1.10651921e-01 9.71962753e-01 8.46887639e-01
2.4400 1.80348072e-07 1.57232639e-07 -8.47986529e-08 4.57884326e-08 -1.00592886e-08 -4.67614022e-08 2.98570490e-07 2.41749799e-07 9.67570492e-01 1.32170213e-01 -2.18310485e-01 7.22101058e-02 -2.08629647e-02 -1.14480908e-01 9.53640327e-01 8.18296454e-01
2.4500 1.79348171e-07 1.65151145e-07 -8.73116467e-08 3.90275343e-08 -1.34959877e-08 -4.87524597e-08 2.96215204e-07 2.33966757e-07 9.62207022e-01 1.38820694e-01 -2.24791305e-01 6.15394472e-02 -2.79846144e-02 -1.19358505e-01 9.37775858e-01 7.90432738e-01
2.4600 1.78637485e-07 1.67107256e-07 -8.82636650e-08 3.34259624e-08 -1.64178465e-08 -5.07693663e-08 2.90907038e-07 2.23719826e-07 9.58392335e-01 1.40459999e-01 -2.27255491e-01 5.27000440e-02 -3.40394481e-02 -1.24298878e-01 9.24296887e-01 7.65958560e-01
2.4700 1.78183423e-07 1.63663395e-07 -8.77517681e-08 2.85303033e-08 -1.81625188e-08 -5.23045597e-08 2.82625353e-07 2.12158275e-07 9.55952608e-01 1.37560925e-01 -2.25951057e-01 4.49770364e-02 -3.76528012e-02 -1.28058746e-01 9.12539513e-01 7.46827965e-01
2.4800 1.77883428e-07 1.56032390e-07 -8.60366373e-08 2.38445613e-08 -1.83404225e-08 -5.28841600e-08 2.71723742e-07 2.00499160e-07 9.54338975e-01 1.31143230e-01 -2.21547727e-01 3.75883574e-02 -3.80156112e-02 -1.29477666e-01 9.01522835e-01 7.34029558e-01
2.4900 1.77599704e-07 1.45756519e-07 -8.34498784e-08 1.89658070e-08 -1.68362547e-08 -5.21897080e-08 2.58872151e-07 1.89846189e-07 9.52813599e-01 1.22503787e-01 -2.14898437e-01 2.98985598e-02 -3.48882199e-02 -1.27776183e-01 8.90317509e-01 7.27653105e-01
2.5000 1.77200149e-07 1.34387650e-07 -8.02891734e-08 1.36809636e-08 -1.37523405e-08 -5.01316683e-08 2.44979590e-07 1.81095581e-07 9.50668970e-01 1.12947533e-01 -2.06769319e-01 2.15713416e-02 -2.84832947e-02 -1.22735757e-01 8.78418526e-01 7.27199474e-01
2.5100 1.76593535e-07 1.23253247e-07 -7.67384646e-08 8.01148494e-09 -9.34114959e-09 -4.68619206e-08 2.31119803e-07 1.74916733e-07 9.47416344e-01 1.03590527e-01 -1.97633996e-01 1.26399338e-02 -1.93258769e-02 -1.14729182e-01 8.66012808e-01 7.31957749e-01
2.5200 1.75749870e-07 1.13347295e-07 -7.28444129e-08 2.20213371e-09 -3.96547358e-09 -4.27311809e-08 2.18454886e-07 1.71758231e-07 9.42894791e-01 9.52680707e-02 -1.87612726e-01 3.48941303e-03 -8.17038652e-03 -1.04616092e-01 8.54039548e-01 7.41253070e-01
2.5300 1.74702186e-07 1.05333076e-07 -6.85617479e-08 -3.34299695e-09 1.90176095e-09 -3.82105323e-08 2.08130517e-07 1.71821746e-07 9.37280758e-01 8.85369807e-02 -1.76588973e-01 -5.24409792e-03 4.00043357e-03 -9.35505558e-02 8.43984667e-01 7.54434545e-01
2.5400 1.73531802e-07 9.96073529e-08 -6.38543756e-08 -8.16782538e-09 7.65698727e-09 -3.38009987e-08 2.01116954e-07 1.74972942e-07 9.31009141e-01 8.37296480e-02 -1.64469667e-01 -1.28425489e-02 1.59336774e-02 -8.27594556e-02 8.37426572e-01 7.70600794e-01
2.5500 1.72343585e-07 9.63660026e-08 -5.88152771e-08 -1.18981504e-08 1.25643739e-08 -2.99518447e-08 1.97996160e-07 1.80608690e-07 9.24640898e-01 8.10094715e-02 -1.51493983e-01 -1.87168959e-02 2.61033649e-02 -7.33423244e-02 8.35439490e-01 7.88200531e-01
2.5600 1.71239675e-07 9.56297145e-08 -5.37556516e-08 -1.43765711e-08 1.58129295e-08 -2.70001847e-08 1.98737167e-07 1.87549912e-07 9.18722454e-01 8.03927901e-02 -1.38463008e-01 -2.26197203e-02 3.28289397e-02 -6.61235162e-02 8.38032516e-01 8.04737939e-01
2.5700 1.70299154e-07 9.72231065e-08 -4.92185437e-08 -1.57657674e-08 1.66507404e-08 -2.51357350e-08 2.02537950e-07 1.94052955e-07 9.13677059e-01 8.17316195e-02 -1.26775006e-01 -2.48080210e-02 3.45533221e-02 -6.15660892e-02 8.43825651e-01 8.16812884e-01
2.5800 1.69568056e-07 1.00733561e-07 -4.58945686e-08 -1.65860952e-08 1.45794811e-08 -2.43885285e-08 2.07820954e-07 1.98011906e-07 9.09751451e-01 8.46792134e-02 -1.18208537e-01 -2.61024938e-02 3.02456638e-02 -5.97420371e-02 8.50119634e-01 8.20623260e-01
2.5900 1.69060060e-07 1.05491511e-07 -4.44509689e-08 -1.76620002e-08 9.55735621e-09 -2.46354941e-08 2.12438602e-07 1.97360464e-07 9.07019679e-01 8.86734713e-02 -1.14482331e-01 -2.78030865e-02 1.98215110e-02 -6.03487666e-02 8.53407733e-01 8.12880477e-01
2.6000 1.68764779e-07 1.10605298e-07 -4.53189919e-08 -1.99714334e-08 2.13883837e-09 -2.56230618e-08 2.14079652e-07 1.90595429e-07 9.05427446e-01 9.29660471e-02 -1.16707733e-01 -3.14516171e-02 4.43203057e-03 -6.27647831e-02 8.50234142e-01 7.91901390e-01
2.6100 1.68658739e-07 1.15056531e-07 -4.85062608e-08 -2.44199323e-08 -6.51518305e-09 -2.70049726e-08 2.10789077e-07 1.77268922e-07 9.04850672e-01 9.67021962e-02 -1.24905420e-01 -3.84755955e-02 -1.35152014e-02 -6.61424923e-02 8.38171853e-01 7.58514159e-01
2.6200 1.68714341e-07 1.17830528e-07 -5.35014805e-08 -3.15887010e-08 -1.47919570e-08 -2.83947322e-08 2.01454688e-07 1.58267999e-07 9.05143141e-01 9.90301026e-02 -1.37759837e-01 -4.97910170e-02 -3.06766195e-02 -6.95366670e-02 8.16622390e-01 7.16409104e-01
2.6300 1.68903973e-07 1.18037589e-07 -5.93162897e-08 -4.15240470e-08 -2.09326492e-08 -2.94293226e-08 1.86101225e-07 1.35739253e-07 9.06158104e-01 9.92025656e-02 -1.52726794e-01 -6.54703491e-02 -4.34064062e-02 -7.20602736e-02 7.87163527e-01 6.71696847e-01
2.6400 1.69199037e-07 1.14985004e-07 -6.46691558e-08 -5.36354820e-08 -2.34254391e-08 -2.98355784e-08 1.65879403e-07 1.12618386e-07 9.07742733e-01 9.66374128e-02 -1.66506857e-01 -8.45818599e-02 -4.85711691e-02 -7.30466293e-02 7.53291430e-01 6.31673631e-01
2.6500 1.69565967e-07 1.08186220e-07 -6.82711769e-08 -6.67481654e-08 -2.13868559e-08 -2.94854231e-08 1.42732845e-07 9.18605656e-08 9.09716613e-01 9.09252326e-02 -1.75781222e-01 -1.05272341e-01 -4.43402611e-02 -7.21841736e-02 7.19588282e-01 6.03063847e-01
2.6600 1.69962460e-07 9.73299841e-08 -6.91383336e-08 -7.93158116e-08 -1.48251247e-08 -2.84241041e-08 1.18838299e-07 7.55890700e-08 9.11851594e-01 8.18035967e-02 -1.78015766e-01 -1.25102890e-01 -3.07315846e-02 -6.95851184e-02 6.90536534e-01 5.90219831e-01
2.6700 1.70336843e-07 8.22600167e-08 -6.68414284e-08 -8.97532124e-08 -4.70421042e-09 -2.68589638e-08 9.60022192e-08 6.44390449e-08 9.13868738e-01 6.91401754e-02 -1.72104700e-01 -1.41573333e-01 -9.74431858e-03 -6.57575878e-02 6.69330880e-01 5.93828974e-01
2.6800 1.70632051e-07 6.30181005e-08 -6.16191876e-08 -9.68076368e-08 7.22196050e-09 -2.51054850e-08 7.52233276e-08 5.73398032e-08 9.15460052e-01 5.29691671e-02 -1.58661907e-01 -1.52707956e-01 1.49847471e-02 -6.14733539e-02 6.57059357e-01 6.10570750e-01
2.6900 1.70793659e-07 3.99746625e-08 -5.43182662e-08 -9.98693451e-08 1.87735229e-08 -2.35001171e-08 5.65807106e-08 5.18541165e-08 9.16332051e-01 3.36012087e-02 -1.39866581e-01 -1.57545204e-01 3.89358689e-02 -5.75545018e-02 6.52521475e-01 6.33902842e-01
2.7000 1.70779756e-07 1.40193165e-08 -4.61746295e-08 -9.91314710e-08 2.78202827e-08 -2.23015871e-08 3.94929724e-08 4.50116680e-08 9.16259066e-01 1.17836159e-02 -1.18900418e-01 -1.56389791e-01 5.76923954e-02 -5.46321467e-02 6.52752472e-01 6.55812721e-01
2.7100 1.70569649e-07 -1.32693656e-08 -3.84979774e-08 -9.55478163e-08 3.27505432e-08 -2.16093150e-08 2.32544893e-08 3.43957175e-08 9.15130103e-01 -1.11569033e-02 -9.91351472e-02 -1.50746083e-01 6.79128092e-02 -5.29472011e-02 6.54091969e-01 6.69057577e-01
2.7200 1.70168732e-07 -3.95848542e-08 -3.23494145e-08 -9.05935170e-08 3.28157592e-08 -2.13257841e-08 7.64094601e-09 1.91309211e-08 9.12974915e-01 -3.32814969e-02 -8.33026362e-02 -1.42940572e-01 6.80453661e-02 -5.22588129e-02 6.53450209e-01 6.69236762e-01
2.7300 1.69608119e-07 -6.20804181e-08 -2.83032443e-08 -8.58913079e-08 2.82668915e-08 -2.11786268e-08 -6.66685086e-09 4.21413863e-10 9.09961756e-01 -5.21970295e-02 -7.28815931e-02 -1.35532402e-01 5.86108495e-02 -5.18989147e-02 6.49350732e-01 6.56062667e-01
2.7400 1.68939236e-07 -7.78185586e-08 -2.63564270e-08 -8.28071041e-08 2.02540194e-08 -2.08004598e-08 -1.80428541e-08 -1.85892946e-08 9.06367994e-01 -6.54338912e-02 -6.78644403e-02 -1.30675528e-01 4.19944177e-02 -5.09679609e-02 6.42394134e-01 6.33420591e-01
2.7500 1.68224952e-07 -8.44244576e-08 -2.60028438e-08 -8.21292614e-08 1.05228072e-08 -1.98455517e-08 -2.43316111e-08 -3.36543556e-08 9.02532173e-01 -7.09952835e-02 -6.69484941e-02 -1.29612905e-01 2.18161635e-02 -4.86205658e-02 6.34975490e-01 6.08171087e-01
2.7600 1.67529543e-07 -8.07926308e-08 -2.64391370e-08 -8.39218751e-08 9.92406081e-10 -1.81085946e-08 -2.36240995e-08 -4.07402881e-08 8.98799836e-01 -6.79512303e-02 -6.80658856e-02 -1.32445195e-01 2.05576540e-03 -4.43560241e-02 6.30337526e-01 5.88037267e-01
2.7700 1.66909624e-07 -6.76382174e-08 -2.68307290e-08 -8.75905055e-08 -6.67431581e-09 -1.56073655e-08 -1.51498281e-08 -3.74315094e-08 8.95474757e-01 -5.69020188e-02 -6.90683921e-02 -1.38234530e-01 -1.38387869e-02 -3.82202213e-02 6.31269816e-01 5.79210808e-01
2.7800 1.66407485e-07 -4.76894540e-08 -2.65525571e-08 -9.21345589e-08 -1.14017610e-08 -1.25999214e-08 3.09148494e-11 -2.39707676e-08 8.92783275e-01 -4.01400680e-02 -6.83471471e-02 -1.45402670e-01 -2.36375981e-02 -3.08471881e-02 6.38893390e-01 5.84408604e-01
2.7900 1.66047357e-07 -2.53935455e-08 -2.53328369e-08 -9.65041741e-08 -1.28597892e-08 -9.52613874e-09 1.88168003e-08 -3.56912771e-09 8.90854464e-01 -2.14028104e-02 -6.52026876e-02 -1.52293944e-01 -2.66568609e-02 -2.33154873e-02 6.51955022e-01 6.01982674e-01
2.8000 1.65834377e-07 -6.13745840e-09 -2.32643105e-08 -9.99485523e-08 -1.14251232e-08 -6.88718032e-09 3.64840563e-08 1.81717528e-08 8.89714911e-01 -5.21784912e-03 -5.98738503e-02 -1.57724647e-01 -2.36786890e-02 -1.68528069e-02 6.66898565e-01 6.26367069e-01
2.8100 1.65755790e-07 4.86932091e-09 -2.06932343e-08 -1.02246984e-07 -7.97504589e-09 -5.09726399e-09 4.76848924e-08 3.46125825e-08 8.89295440e-01 4.03604382e-03 -5.32519560e-02 -1.61347361e-01 -1.65230993e-02 -1.24729810e-02 6.78732167e-01 6.49736087e-01
2.8200 1.65784016e-07 3.78754912e-09 -1.80363353e-08 -1.03751949e-07 -3.58401172e-09 -4.35289328e-09 4.77832814e-08 3.98463764e-08 8.89447816e-01 3.13146051e-03 -4.64096105e-02 -1.63718835e-01 -7.41864887e-03 -1.06560008e-02 6.82450832e-01 6.64376182e-01
2.8300 1.65881548e-07 -1.08919444e-08 -1.55970390e-08 -1.05233514e-07 7.86577668e-10 -4.56145589e-09 3.41590511e-08 3.03841729e-08 8.89971015e-01 -9.20082877e-03 -4.01276942e-02 -1.66054426e-01 1.64104087e-03 -1.11735459e-02 6.74588066e-01 6.65055561e-01
2.8400 1.66007673e-07 -3.78872600e-08 -1.34481358e-08 -1.07576980e-07 4.52123701e-09 -5.35422899e-09 7.09529673e-09 6.26230474e-09 8.90647184e-01 -3.18842807e-02 -3.45934339e-02 -1.69751079e-01 9.38020914e-03 -1.31212327e-02 6.54418391e-01 6.50677367e-01
2.8500 1.66126731e-07 -7.33068446e-08 -1.14210280e-08 -1.11431735e-07 7.45000129e-09 -6.18328444e-09 -3.00328764e-08 -2.87661596e-08 8.91285716e-01 -6.16489097e-02 -2.93728532e-02 -1.75833363e-01 1.54473861e-02 -1.51562255e-02 6.24430590e-01 6.24721750e-01
2.8600 1.66216869e-07 -1.11449060e-07 -9.20174218e-09 -1.16924508e-07 9.80022716e-09 -6.47551027e-09 -7.13584414e-08 -6.80337245e-08 8.91769904e-01 -9.37031818e-02 -2.36580311e-02 -1.84501127e-01 2.03151970e-02 -1.58745511e-02 5.89907564e-01 5.94348209e-01
2.8700 1.66277382e-07 -1.46031229e-07 -6.49501557e-09 -1.23530404e-07 1.20284193e-08 -5.79838912e-09 -1.09779266e-07 -1.03549236e-07 8.92096114e-01 -1.22766920e-01 -1.66895147e-02 -1.94926046e-01 2.49313198e-02 -1.42170277e-02 5.57713634e-01 5.68427926e-01
2.8800 1.66332244e-07 -1.71546550e-07 -3.19321578e-09 -1.30146827e-07 1.45918084e-08 -3.98744849e-09 -1.38554348e-07 -1.27949988e-07 8.92392628e-01 -1.44211742e-01 -8.19106649e-03 -2.05368247e-01 3.02445445e-02 -9.78120511e-03 5.34621572e-01 5.55084912e-01
2.8900 1.66427687e-07 -1.84417789e-07 5.15289524e-10 -1.35353999e-07 1.77329036e-08 -1.19622569e-09 -1.52828812e-07 -1.36292134e-07 8.92906698e-01 -1.55030737e-01 1.35156055e-03 -2.13587298e-01 3.67578583e-02 -2.94350757e-03 5.25640223e-01 5.59454573e-01
2.9000 1.66622898e-07 -1.83676913e-07 4.14308838e-09 -1.37789879e-07 2.13427825e-08 2.14704319e-09 -1.50700806e-07 -1.27210980e-07 8.93954889e-01 -1.54409759e-01 1.06830371e-02 -2.17433701e-01 4.42449695e-02 5.24700083e-03 5.32794467e-01 5.82286437e-01
2.9100 1.66974926e-07 -1.71029558e-07 7.01470143e-09 -1.36533536e-07 2.49435980e-08 5.46325215e-09 -1.33573465e-07 -1.03166615e-07 8.95842373e-01 -1.43781696e-01 1.80643799e-02 -2.15453770e-01 5.17141970e-02 1.33719272e-02 5.54671287e-01 6.19757412e-01
2.9200 1.67521015e-07 -1.50322996e-07 8.46100199e-09 -1.31388565e-07 2.77953052e-08 8.18927454e-09 -1.05729545e-07 -6.97449649e-08 8.98768456e-01 -1.26379406e-01 2.17735949e-02 -2.07336896e-01 5.76300370e-02 2.00520983e-02 5.86825749e-01 6.64507884e-01
2.9300 1.68263197e-07 -1.26580633e-07 8.03711194e-09 -1.22986737e-07 2.90958582e-08 9.93723508e-09 -7.32670612e-08 -3.42339679e-08 9.02744131e-01 -1.06424312e-01 2.06666147e-02 -1.94079246e-01 6.03285562e-02 2.43374771e-02 6.22907188e-01 7.07573221e-01
2.9400 1.69160246e-07 -1.04857578e-07 5.69387602e-09 -1.12682208e-07 2.82176409e-08 1.05982839e-08 -4.26856641e-08 -3.86973930e-09 9.07548915e-01 -8.81646091e-02 1.46185784e-02 -1.77817083e-01 5.85078473e-02 2.59611634e-02 6.56185802e-01 7.40654812e-01
2.9500 1.70130691e-07 -8.91912510e-08 1.84560102e-09 -1.02263422e-07 2.49124619e-08 1.03605159e-08 -1.94783810e-08 1.57945968e-08 9.12746889e-01 -7.49933339e-02 4.69793541e-03 -1.61372410e-01 5.16531773e-02 2.53832128e-02 6.81079081e-01 7.58115471e-01
2.9600 1.71067773e-07 -8.18710049e-08 -2.69239392e-09 -9.35570830e-08 1.94254886e-08 9.63751186e-09 -7.05270909e-09 2.20102913e-08 9.17766637e-01 -6.88345536e-02 -6.99466942e-03 -1.47628217e-01 4.02731947e-02 2.36156885e-02 6.94309197e-01 7.58198080e-01
2.9700 1.71863635e-07 -8.31525313e-08 -6.88367033e-09 -8.80241568e-08 1.24826434e-08 8.93155352e-09 -6.19672314e-09 1.52174738e-08 9.22030664e-01 -6.99033686e-02 -1.77898378e-02 -1.38890989e-01 2.58736710e-02 2.18878494e-02 6.95446468e-01 7.43207988e-01
2.9800 1.72436844e-07 -9.14274402e-08 -9.71999746e-09 -8.64462600e-08 5.14976882e-09 8.67521305e-09 -1.51568537e-08 -1.33187185e-09 9.25102735e-01 -7.68484603e-02 -2.50915216e-02 -1.36395641e-01 1.06653247e-02 2.12584448e-02 6.86767113e-01 7.18690882e-01
2.9900 1.72755607e-07 -1.03756698e-07 -1.04714580e-08 -8.87743779e-08 -1.40359097e-09 9.10068491e-09 -3.02469273e-08 -2.25498333e-08 9.26812264e-01 -8.72004154e-02 -2.70209882e-02 -1.40066418e-01 -2.92610719e-03 2.22959334e-02 6.72524442e-01 6.91894268e-01
3.0000 1.72849532e-07 -1.16610628e-07 -8.86848989e-09 -9.41691959e-08 -6.17667081e-09 1.01763827e-08 -4.67987815e-08 -4.27990696e-08 9.27317397e-01 -9.79936123e-02 -2.28854026e-02 -1.48580088e-01 -1.28249364e-02 2.49233329e-02 6.57858294e-01 6.69956690e-01
3.0100 1.72805501e-07 -1.26637047e-07 -5.16673954e-09 -1.01215411e-07 -8.57606223e-09 1.16283737e-08 -6.02136971e-08 -5.71613857e-08 9.27083091e-01 -1.06411706e-01 -1.33445710e-02 -1.59703717e-01 -1.78002493e-02 2.84706824e-02 6.47623097e-01 6.58293530e-01
3.0200 1.72747594e-07 -1.31299399e-07 -7.87673118e-11 -1.08252924e-07 -8.55749649e-09 1.30373289e-08 -6.68834970e-08 -6.24036646e-08 9.26773742e-01 -1.10323796e-01 -2.34810959e-04 -1.70817065e-01 -1.77599164e-02 3.19122865e-02 6.45398070e-01 6.59550440e-01
3.0300 1.72805696e-07 -1.29276153e-07 5.40681769e-09 -1.13744407e-07 -6.63195713e-09 1.39783999e-08 -6.48080459e-08 -5.74616032e-08 9.27085148e-01 -1.08619928e-01 1.38970213e-02 -1.79492659e-01 -1.37633086e-02 3.42089803e-02 6.52869583e-01 6.73315255e-01
3.0400 1.73081065e-07 -1.20575700e-07 1.02688178e-08 -1.16595316e-07 -3.73204321e-09 1.41589954e-08 -5.38211336e-08 -4.33941814e-08 9.28560081e-01 -1.01307497e-01 2.64206163e-02 -1.84001097e-01 -7.74427658e-03 3.46452392e-02 6.69672103e-01 6.96573066e-01
3.0500 1.73618472e-07 -1.06382737e-07 1.36950804e-08 -1.16357805e-07 -9.71166701e-10 1.35114355e-08 -3.54269904e-08 -2.28867217e-08 9.31438981e-01 -8.93820250e-02 3.52445055e-02 -1.83633366e-01 -2.01193453e-03 3.30558655e-02 6.93668096e-01 7.24712027e-01
3.0600 1.74393085e-07 -8.87017214e-08 1.52614761e-08 -1.13279286e-07 6.42969872e-10 1.22128391e-08 -1.23264466e-08 5.29362361e-10 9.35589549e-01 -7.45274819e-02 3.92769195e-02 -1.78778061e-01 1.34339068e-03 2.98746228e-02 7.21560926e-01 7.52778939e-01
3.0700 1.75316309e-07 -6.98938392e-08 1.50068514e-08 -1.08192298e-07 4.66005574e-10 1.06281230e-08 1.22370234e-08 2.33311519e-08 9.40537809e-01 -5.87272150e-02 3.86186965e-02 -1.70748098e-01 9.84397063e-04 2.59947384e-02 7.49681193e-01 7.76660328e-01
3.0800 1.76259423e-07 -5.22130999e-08 1.33915744e-08 -1.02277128e-07 -1.62243334e-09 9.19601518e-09 3.51607692e-08 4.27343510e-08 9.45594570e-01 -4.38742538e-02 3.44563664e-02 -1.61406356e-01 -3.33993089e-03 2.24899767e-02 7.74770327e-01 7.93920372e-01
3.0900 1.77088708e-07 -3.74350738e-08 1.11574028e-08 -9.67554446e-08 -5.19816072e-09 8.29498961e-09 5.40555922e-08 5.71524211e-08 9.50043521e-01 -3.14595491e-02 2.87010967e-02 -1.52682142e-01 -1.07513847e-02 2.02865808e-02 7.94602927e-01 8.04138123e-01
3.1000 1.77702331e-07 -2.66415536e-08 9.12971588e-09 -9.25870652e-08 -9.41776151e-09 8.13095502e-09 6.76034285e-08 6.63166220e-08 9.53338810e-01 -2.23912789e-02 2.34792092e-02 -1.46092290e-01 -1.95020687e-02 1.98884321e-02 8.08334450e-01 8.08720813e-01
3.1100 1.78058613e-07 -2.01823949e-08 8.01426357e-09 -9.02403272e-08 -1.32560038e-08 8.68031185e-09 7.56501546e-08 7.10744627e-08 9.55256571e-01 -1.69630145e-02 2.06086067e-02 -1.42378214e-01 -2.74663774e-02 2.12376726e-02 8.16523949e-01 8.10295244e-01
3.1200 1.78187719e-07 -1.77911930e-08 8.23781064e-09 -8.95895966e-08 -1.57903471e-08 9.70372240e-09 7.90447396e-08 7.29581149e-08 9.55957752e-01 -1.49510670e-02 2.11882891e-02 -1.41343564e-01 -3.27307718e-02 2.37483445e-02 8.20851410e-01 8.11868982e-01
3.1300 1.78183558e-07 -1.87952656e-08 9.86739428e-09 -8.99642972e-08 -1.64538345e-08 1.08237244e-08 7.92913897e-08 7.36612796e-08 9.55944903e-01 -1.57909392e-02 2.53903974e-02 -1.41931143e-01 -3.41182140e-02 2.64962606e-02 8.23613218e-01 8.15991265e-01
3.1400 1.78178335e-07 -2.23427127e-08 1.26211502e-08 -9.03381871e-08 -1.51857309e-08 1.16402265e-08 7.81185857e-08 7.45730814e-08 9.55925973e-01 -1.87679678e-02 3.24881612e-02 -1.42521403e-01 -3.15008037e-02 2.85016097e-02 8.27124763e-01 8.24125569e-01
3.1500 1.78307103e-07 -2.75759363e-08 1.59607678e-08 -8.96130980e-08 -1.24374992e-08 1.18477113e-08 7.70788363e-08 7.64890485e-08 9.56624495e-01 -2.31628419e-02 4.10941482e-02 -1.41380338e-01 -2.58126130e-02 2.90158118e-02 8.33175463e-01 8.36378662e-01
3.1600 1.78672404e-07 -3.37105662e-08 1.92371933e-08 -8.69262204e-08 -9.03257928e-09 1.13193410e-08 7.72728103e-08 7.95595721e-08 9.58590129e-01 -2.83175639e-02 4.95357082e-02 -1.37144789e-01 -1.87594170e-02 2.77274678e-02 8.42663484e-01 8.51631535e-01
3.1700 1.79318820e-07 -4.00218810e-08 2.18511066e-08 -8.19012270e-08 -5.92053659e-09 1.01350622e-08 7.92468184e-08 8.34613440e-08 9.62062173e-01 -3.36237035e-02 5.62684842e-02 -1.29219250e-01 -1.23092898e-02 2.48313444e-02 8.55487704e-01 8.68009758e-01
3.1800 1.80224150e-07 -4.57822761e-08 2.33894749e-08 -7.47747390e-08 -3.89725057e-09 8.54896682e-09 8.30566098e-08 8.77083260e-08 9.66922126e-01 -3.84696403e-02 6.02282840e-02 -1.17975927e-01 -8.11256486e-03 2.09487416e-02 8.70704843e-01 8.83541020e-01
3.1900 1.81308983e-07 -5.02169178e-08 2.37082376e-08 -6.63596683e-08 -3.37352275e-09 6.90961088e-09 8.84406348e-08 9.19767229e-08 9.72744800e-01 -4.22032875e-02 6.10441465e-02 -1.04697193e-01 -7.02192666e-03 1.69327027e-02 8.86888466e-01 8.96799242e-01
3.2000 1.82461120e-07 -5.25394554e-08 2.29460913e-08 -5.78493167e-08 -4.26106941e-09 5.56001621e-09 9.50184396e-08 9.63173864e-08 9.78929022e-01 -4.41623113e-02 5.90738579e-02 -9.12664887e-02 -8.85567832e-03 1.36233933e-02 9.02574080e-01 9.07341795e-01
3.2100 1.83567200e-07 -5.20948813e-08 2.14715063e-08 -5.05100767e-08 -6.01067969e-09 4.74803314e-09 1.02433748e-07 1.01171102e-07 9.84867036e-01 -4.37945750e-02 5.52674022e-02 -7.96831698e-02 -1.24764167e-02 1.16286732e-02 9.16656693e-01 9.15808950e-01
3.2200 1.84542195e-07 -4.85836017e-08 1.97804568e-08 -4.53438643e-08 -7.79204184e-09 4.57204636e-09 1.10395186e-07 1.07175190e-07 9.90102575e-01 -4.08469092e-02 5.09033906e-02 -7.15294223e-02 -1.61635003e-02 1.11909854e-02 9.28629634e-01 9.23657119e-01
3.2300 1.85348534e-07 -4.22897101e-08 1.83725415e-08 -4.28136219e-08 -8.76171193e-09 4.97414935e-09 1.18617743e-07 1.14830181e-07 9.94433432e-01 -3.55573677e-02 4.72697943e-02 -6.75366710e-02 -1.81684562e-02 1.21702824e-02 9.38609188e-01 9.32611014e-01
3.2400 1.86000065e-07 -3.42094993e-08 1.76362177e-08 -4.27112783e-08 -8.33800295e-09 5.77745539e-09 1.26715506e-07 1.24154958e-07 9.97932888e-01 -2.87634689e-02 4.53681547e-02 -6.73768999e-02 -1.72849793e-02 1.41349228e-02 9.47160674e-01 9.44010617e-01
3.2500 1.86550791e-07 -2.59887312e-08 1.77694909e-08 -4.42098045e-08 -6.39802136e-09 6.75120377e-09 1.34121746e-07 1.34474928e-07 1.00088948e+00 -2.18494599e-02 4.57091642e-02 -6.97446868e-02 -1.32577280e-02 1.65206603e-02 9.55004498e-01 9.58267430e-01
3.2600 1.87072747e-07 -1.96306109e-08 1.87520166e-08 -4.60892061e-08 -3.33435885e-09 7.68065367e-09 1.40104946e-07 1.44451241e-07 1.00368867e+00 -1.65006111e-02 4.82407347e-02 -7.27139480e-02 -6.90023655e-03 1.88015213e-02 9.62714845e-01 9.74616130e-01
3.2700 1.87630400e-07 -1.70160604e-08 2.03709450e-08 -4.70752286e-08 4.91432929e-11 8.42000646e-09 1.43910056e-07 1.52379206e-07 1.00667570e+00 -1.42995631e-02 5.24145628e-02 -7.42727278e-02 1.20876756e-04 2.06193807e-02 9.70517968e-01 9.91258225e-01
3.2800 1.88259493e-07 -1.93566264e-08 2.22894528e-08 -4.61946902e-08 2.77402644e-09 8.91466630e-09 1.44997629e-07 1.56686322e-07 1.01004225e+00 -1.62659901e-02 5.73626981e-02 -7.28842988e-02 5.77638231e-03 2.18387280e-02 9.78254654e-01 1.00586976e+00
3.2900 1.88956488e-07 -2.67477842e-08 2.41371020e-08 -4.30440907e-08 3.98636832e-09 9.19081503e-09 1.43301715e-07 1.56478898e-07 1.01376986e+00 -2.24807298e-02 6.21303610e-02 -6.79113578e-02 8.29478322e-03 2.25216020e-02 9.85508137e-01 1.01632452e+00
3.3000 1.89681223e-07 -3.79842146e-08 2.55973260e-08 -3.78918531e-08 3.22793552e-09 9.32138490e-09 1.39402481e-07 1.51951802e-07 1.01764410e+00 -3.19303143e-02 6.59013670e-02 -5.97775359e-02 6.72482032e-03 2.28448073e-02 9.91837612e-01 1.02140724e+00
3.3100 1.90371228e-07 -5.07340222e-08 2.64702563e-08 -3.15830895e-08 5.95646696e-10 9.38439745e-09 1.34524372e-07 1.44504416e-07 1.02133111e+00 -4.26534758e-02 6.81600277e-02 -4.98170871e-02 1.26651585e-03 2.29983621e-02 9.97020578e-01 1.02128546e+00
3.3200 1.90962697e-07 -6.20621371e-08 2.66977179e-08 -2.52749415e-08 -3.26165656e-09 9.43030579e-09 1.30323337e-07 1.36491986e-07 1.02449002e+00 -5.21814123e-02 6.87556070e-02 -3.98570439e-02 -6.73514413e-03 2.31057855e-02 1.00120717e+00 1.01757781e+00
3.3300 1.91411346e-07 -6.91776407e-08 2.63489167e-08 -2.00822519e-08 -7.31132027e-09 9.46967362e-09 1.28500371e-07 1.30658724e-07 1.02688451e+00 -5.81664402e-02 6.78655309e-02 -3.16577719e-02 -1.51385708e-02 2.31939111e-02 1.00492583e+00 1.01298117e+00
3.3400 1.91706715e-07 -7.01950906e-08 2.55766248e-08 -1.67412542e-08 -1.04220247e-08 9.48351564e-09 1.30346995e-07 1.29408486e-07 1.02845944e+00 -5.90224382e-02 6.58826240e-02 -2.63819611e-02 -2.15968585e-02 2.32179316e-02 1.00893767e+00 1.01055874e+00
3.3500 1.91875802e-07 -6.46780502e-08 2.45612333e-08 -1.53938948e-08 -1.16823475e-08 9.44933947e-09 1.36365090e-07 1.34132082e-07 1.02936020e+00 -5.43820988e-02 6.32711041e-02 -2.42540736e-02 -2.42186111e-02 2.31247210e-02 1.01399514e+00 1.01290124e+00
3.3600 1.91975313e-07 -5.37861992e-08 2.34617223e-08 -1.55583485e-08 -1.06587773e-08 9.36974085e-09 1.46092488e-07 1.44803451e-07 1.02989108e+00 -4.52207251e-02 6.04403866e-02 -2.45137596e-02 -2.21033819e-02 2.29223722e-02 1.02059698e+00 1.02141597e+00
3.3700 1.92075315e-07 -3.99625117e-08 2.23881019e-08 -1.62935083e-08 -7.51756524e-09 9.28947850e-09 1.58207397e-07 1.59979310e-07 1.03042753e+00 -3.35931431e-02 5.76741557e-02 -2.56755169e-02 -1.55947968e-02 2.27216233e-02 1.02883302e+00 1.03595985e+00
3.3800 1.92239555e-07 -2.62388241e-08 2.14008851e-08 -1.65047544e-08 -2.97613383e-09 9.29154724e-09 1.70896861e-07 1.77212275e-07 1.03131072e+00 -2.20496056e-02 5.51289880e-02 -2.60113946e-02 -6.18012170e-03 2.27260534e-02 1.03837870e+00 1.05492464e+00
3.3900 1.92508505e-07 -1.53606342e-08 2.05327865e-08 -1.52942965e-08 1.89887898e-09 9.47117437e-09 1.82386361e-07 1.93756414e-07 1.03275662e+00 -1.28996207e-02 5.28901332e-02 -2.41040560e-02 3.92842275e-03 2.31684449e-02 1.04864307e+00 1.07573994e+00
3.4000 1.92890093e-07 -8.99391187e-09 1.98196926e-08 -1.22458643e-08 5.98451299e-09 9.89583193e-09 1.91470009e-07 2.07350354e-07 1.03480645e+00 -7.54474132e-03 5.10510880e-02 -1.92961931e-02 1.24011834e-02 2.42130910e-02 1.05901660e+00 1.09563088e+00
3.4100 1.93360534e-07 -7.25601313e-09 1.93248329e-08 -7.55485980e-09 8.39757786e-09 1.05659377e-08 1.97874494e-07 2.16838010e-07 1.03733138e+00 -6.08395316e-03 4.97756042e-02 -1.18959783e-02 1.74054396e-02 2.58598862e-02 1.06912706e+00 1.11239238e+00
3.4200 1.93874535e-07 -8.71465258e-09 1.91430994e-08 -1.96442545e-09 8.70843247e-09 1.13924072e-08 2.02338556e-07 2.22439396e-07 1.04008746e+00 -7.31275625e-03 4.93085730e-02 -3.07614419e-03 1.80491634e-02 2.78896655e-02 1.07900713e+00 1.12494596e+00
3.4300 1.94381270e-07 -1.08544316e-08 1.93805679e-08 3.47061856e-09 7.01534489e-09 1.22028236e-08 2.06378024e-07 2.25596193e-07 1.04280155e+00 -9.11552531e-03 4.99231180e-02 5.49863309e-03 1.45356026e-02 2.98795175e-02 1.08910777e+00 1.13352289e+00
3.4400 1.94840954e-07 -1.08662951e-08 2.01145885e-08 7.71607836e-09 3.86722750e-09 1.27789232e-08 2.11805326e-07 2.28451477e-07 1.04526035e+00 -9.12950908e-03 5.18177778e-02 1.21962363e-02 8.00324777e-03 3.12946309e-02 1.10014486e+00 1.13944274e+00
3.4500 1.95236807e-07 -6.51795252e-09 2.13485873e-08 1.00818216e-08 6.92015910e-11 1.29172177e-08 2.20149264e-07 2.33135683e-07 1.04737465e+00 -5.47695074e-03 5.50002296e-02 1.59275743e-02 1.22566807e-04 3.16366602e-02 1.11282551e+00 1.14458473e+00
3.4600 1.95578817e-07 3.15670302e-09 2.29796347e-08 1.04357527e-08 -3.56103684e-09 1.24955052e-08 2.32150907e-07 2.41085376e-07 1.04919936e+00 2.65501722e-03 5.92040398e-02 1.64842471e-02 -7.40951525e-03 3.06064317e-02 1.12754266e+00 1.15073958e+00
3.4700 1.95898365e-07 1.75491827e-08 2.47941966e-08 9.24400973e-09 -6.40788733e-09 1.15239603e-08 2.47485754e-07 2.52601827e-07 1.05090445e+00 1.47549364e-02 6.38780774e-02 1.46019144e-02 -1.33152079e-02 2.82288886e-02 1.14413938e+00 1.15905306e+00
3.4800 1.96235632e-07 3.46273451e-08 2.64988689e-08 7.42888508e-09 -8.18075848e-09 1.01621674e-08 2.64790731e-07 2.66772140e-07 1.05270700e+00 2.91139512e-02 6.82660165e-02 1.17359908e-02 -1.69911627e-02 2.48947115e-02 1.16182296e+00 1.16972651e+00
3.4900 1.96623917e-07 5.14836109e-08 2.77810699e-08 6.09303574e-09 -8.91712110e-09 8.69249687e-09 2.81981634e-07 2.81757009e-07 1.05478672e+00 4.32868878e-02 7.15628816e-02 9.62635385e-03 -1.85150809e-02 2.12951374e-02 1.17926284e+00 1.18204290e+00
3.5000 1.97075927e-07 6.51043618e-08 2.83836532e-08 6.19856574e-09 -8.87921095e-09 7.45316911e-09 2.96762508e-07 2.95336466e-07 1.05721205e+00 5.47393759e-02 7.31072618e-02 9.79089955e-03 -1.84315507e-02 1.82581593e-02 1.19484959e+00 1.19467620e+00
3.5100 1.97576432e-07 7.31311176e-08 2.81711529e-08 8.30022211e-09 -8.39223023e-09 6.74735798e-09 3.07178925e-07 3.05534053e-07 1.05990065e+00 6.14880530e-02 7.25517639e-02 1.31045707e-02 -1.74163251e-02 1.65260963e-02 1.20704504e+00 1.20615481e+00
3.5200 1.98083707e-07 7.44039451e-08 2.71663443e-08 1.24108183e-08 -7.68780190e-09 6.75364305e-09 3.12064815e-07 3.11130656e-07 1.06262717e+00 6.25575967e-02 6.99568404e-02 1.95871181e-02 -1.59513131e-02 1.65364430e-02 1.21472873e+00 1.21531386e+00
3.5300 1.98539493e-07 6.91585615e-08 2.55440564e-08 1.80320633e-08 -6.80947069e-09 7.46493231e-09 3.11274175e-07 3.11929636e-07 1.06507702e+00 5.81464685e-02 6.57744303e-02 2.84519115e-02 -1.41281750e-02 1.82723525e-02 1.21744983e+00 1.22159401e+00
3.5400 1.98884613e-07 5.88599666e-08 2.35822571e-08 2.43306778e-08 -5.61079459e-09 8.67657907e-09 3.05657515e-07 3.08723299e-07 1.06693058e+00 4.94869343e-02 6.07215777e-02 3.83839970e-02 -1.16439922e-02 2.12334730e-02 1.21552309e+00 1.22511257e+00
3.5500 1.99075656e-07 4.57594209e-08 2.15841292e-08 3.03956018e-08 -3.84109594e-09 1.00312088e-08 2.96814808e-07 3.03004921e-07 1.06795326e+00 3.84723967e-02 5.55794672e-02 4.79460501e-02 -7.97889068e-03 2.45455555e-02 1.20995117e+00 1.22651784e+00
3.5600 1.99097819e-07 3.23267266e-08 1.97945956e-08 3.54910753e-08 -1.28207607e-09 1.11113335e-08 2.86710216e-07 2.96539474e-07 1.06806485e+00 2.71798635e-02 5.09783618e-02 5.59777152e-02 -2.67936378e-03 2.71870340e-02 1.20220079e+00 1.22670846e+00
3.5700 1.98970102e-07 2.07208459e-08 1.83371331e-08 3.92280421e-08 2.11872654e-09 1.15559396e-08 2.77256123e-07 2.90930789e-07 1.06736764e+00 1.74246981e-02 4.72350081e-02 6.18659619e-02 4.36474963e-03 2.82743330e-02 1.19389331e+00 1.22653239e+00
3.5800 1.98741295e-07 1.24232644e-08 1.71907311e-08 4.16086031e-08 6.16880987e-09 1.11684911e-08 2.69963893e-07 2.87301194e-07 1.06612488e+00 1.04522956e-02 4.42936010e-02 6.56150452e-02 1.27558267e-02 2.73262342e-02 1.18648582e+00 1.22656788e+00
3.5900 1.98477858e-07 8.09026546e-09 1.62142602e-08 4.29430797e-08 1.04360542e-08 9.98419472e-09 2.65725463e-07 2.86145712e-07 1.06469547e+00 6.81392341e-03 4.17889356e-02 6.77154354e-02 2.15991703e-02 2.44286042e-02 1.18101377e+00 1.22704154e+00
3.6000 1.98247122e-07 7.60926297e-09 1.52103361e-08 4.36810533e-08 1.43377069e-08 8.27436479e-09 2.64747775e-07 2.87359847e-07 1.06344331e+00 6.41421369e-03 3.92112501e-02 6.88770457e-02 2.96872399e-02 2.02452020e-02 1.17794582e+00 1.22787826e+00
3.6100 1.98100529e-07 1.02937733e-08 1.40079221e-08 4.42227495e-08 1.72827058e-08 6.48286612e-09 2.66624974e-07 2.90390546e-07 1.06264677e+00 8.67525731e-03 3.61192165e-02 6.97315295e-02 3.57946371e-02 1.58622315e-02 1.17717278e+00 1.22882965e+00
3.6200 1.98061519e-07 1.51334438e-08 1.25366571e-08 4.47779973e-08 1.88195109e-08 5.10921417e-09 2.70509617e-07 2.94438342e-07 1.06243321e+00 1.27469717e-02 3.23314498e-02 7.06097495e-02 3.89846823e-02 1.25022737e-02 1.17812138e+00 1.22960834e+00
3.6300 1.98121287e-07 2.10279486e-08 1.08683074e-08 4.53179252e-08 1.87417257e-08 4.56927990e-09 2.75335468e-07 2.98646474e-07 1.06275581e+00 1.77038479e-02 2.80331779e-02 7.14656663e-02 3.88286013e-02 1.11833212e-02 1.17995850e+00 1.22997042e+00
3.6400 1.98243297e-07 2.69639810e-08 9.21109051e-09 4.56285177e-08 1.71206500e-08 5.07267084e-09 2.80046886e-07 3.02240207e-07 1.06341773e+00 2.26937832e-02 2.37614124e-02 7.19610000e-02 3.54732697e-02 1.24185552e-02 1.18183393e+00 1.22972575e+00
3.6500 1.98374966e-07 3.21265793e-08 7.85755343e-09 4.54383648e-08 1.42606033e-08 6.55292618e-09 2.83797463e-07 3.04610993e-07 1.06413503e+00 2.70316456e-02 2.02704530e-02 7.16669573e-02 2.95488177e-02 1.60453526e-02 1.18310408e+00 1.22869825e+00
3.6600 1.98462990e-07 3.59566377e-08 7.10137453e-09 4.45681422e-08 1.05992389e-08 8.67301297e-09 2.86089144e-07 3.05361396e-07 1.06461929e+00 3.02475662e-02 1.83173917e-02 7.03001975e-02 2.19621066e-02 2.12386213e-02 1.18348444e+00 1.22668517e+00
3.6700 1.98467929e-07 3.81709666e-08 7.14819345e-09 4.30444503e-08 6.59157934e-09 1.09077840e-08 2.86831540e-07 3.04330903e-07 1.06465643e+00 3.21037525e-02 1.84323294e-02 6.79024828e-02 1.36563570e-02 2.67125819e-02 1.18309500e+00 1.22346394e+00
3.6800 1.98374091e-07 3.87538208e-08 8.04731516e-09 4.11361814e-08 2.61771417e-09 1.26828821e-08 2.86311409e-07 3.01612005e-07 1.06416026e+00 3.25873424e-02 2.07424703e-02 6.48980116e-02 5.41974058e-03 3.10608110e-02 1.18238808e+00 1.21886864e+00
3.6900 1.98192320e-07 3.79188902e-08 9.66450566e-09 3.93010179e-08 -1.05945899e-09 1.35325179e-08 2.85076733e-07 2.97549792e-07 1.06318777e+00 3.18784542e-02 2.49021466e-02 6.20089004e-02 -2.20233629e-03 3.31425778e-02 1.18197727e+00 1.21291751e+00
3.7000 1.97955425e-07 3.60375835e-08 1.17034323e-08 3.80619409e-08 -4.28232596e-09 1.32318201e-08 2.83758382e-07 2.92707876e-07 1.06191480e+00 3.02899050e-02 3.01481779e-02 6.00602225e-02 -8.88267329e-03 3.24069905e-02 1.18241311e+00 1.20593742e+00
3.7100 1.97708083e-07 3.35370293e-08 1.37688157e-08 3.78573234e-08 -6.95024368e-09 1.18653800e-08 2.82871252e-07 2.87786388e-07 1.06058172e+00 2.81814465e-02 3.54626485e-02 5.97434031e-02 -1.44122367e-02 2.90609550e-02 1.18396922e+00 1.19861794e+00
3.7200 1.97494428e-07 3.07862904e-08 1.54526885e-08 3.89155018e-08 -8.96558008e-09 9.81086512e-09 2.82648909e-07 2.83494194e-07 1.05942663e+00 2.58640444e-02 3.97951373e-02 6.14183000e-02 -1.85883810e-02 2.40291651e-02 1.18650411e+00 1.19194489e+00
3.7300 1.97346947e-07 2.80030227e-08 1.64198092e-08 4.11940246e-08 -1.02042742e-08 7.64040410e-09 2.82963804e-07 2.80399933e-07 1.05862540e+00 2.35212963e-02 4.22826832e-02 6.50174093e-02 -2.11538662e-02 1.87126978e-02 1.18944679e+00 1.18700562e+00
3.7400 1.97279565e-07 2.52155067e-08 1.64705070e-08 4.43998585e-08 -1.05277536e-08 5.96604175e-09 2.83365437e-07 2.78803726e-07 1.05825424e+00 2.11773742e-02 4.24115445e-02 7.00778630e-02 -2.18215720e-02 1.46105780e-02 1.19192102e+00 1.18471003e+00
3.7500 1.97286308e-07 2.23013407e-08 1.55677477e-08 4.80788198e-08 -9.83286067e-09 5.27199428e-09 2.83234216e-07 2.78673349e-07 1.05828226e+00 1.87294344e-02 4.00867592e-02 7.58826761e-02 -2.03779695e-02 1.29089470e-02 1.19298113e+00 1.18551211e+00
3.7600 1.97345186e-07 1.90966520e-08 1.38267147e-08 5.17404476e-08 -8.11790781e-09 5.78075874e-09 2.82009000e-07 2.79671851e-07 1.05859222e+00 1.60393733e-02 3.56051650e-02 8.16578937e-02 -1.68199908e-02 1.41530790e-02 1.19189466e+00 1.18922774e+00
3.7700 1.97425487e-07 1.55385685e-08 1.14756907e-08 5.49757610e-08 -5.53379679e-09 7.39089429e-09 2.79415507e-07 2.81272605e-07 1.05901965e+00 1.30536410e-02 2.95545503e-02 8.67584529e-02 -1.14609053e-02 1.80948959e-02 1.18838629e+00 1.19502028e+00
3.7800 1.97495893e-07 1.17827171e-08 8.80317147e-09 5.75320178e-08 -2.39314202e-09 9.70405367e-09 2.75613799e-07 2.82924710e-07 1.05939651e+00 9.90215632e-03 2.26774268e-02 9.07861237e-02 -4.94911876e-03 2.37590702e-02 1.18276222e+00 1.20157217e+00
3.7900 1.97531010e-07 8.23804534e-09 6.10646333e-09 5.93272309e-08 8.74007754e-10 1.21334544e-08 2.71202750e-07 2.84210212e-07 1.05958642e+00 6.92778150e-03 1.57387110e-02 9.36123213e-02 1.82372320e-03 2.97086218e-02 1.17586523e+00 1.20739758e+00
3.8000 1.97514757e-07 5.48671363e-09 3.65224498e-09 6.04102648e-08 3.80821294e-09 1.40628747e-08 2.67063980e-07 2.84935068e-07 1.05950287e+00 4.61918276e-03 9.42428961e-03 9.53149977e-02 7.90531916e-03 3.44343127e-02 1.16886134e+00 1.21120097e+00
3.8100 1.97440307e-07 4.10006653e-09 1.65226924e-09 6.08911544e-08 6.02487962e-09 1.50112191e-08 2.64083797e-07 2.85119896e-07 1.05910900e+00 3.45627161e-03 4.27861349e-03 9.60685278e-02 1.24987955e-02 3.67577365e-02 1.16291242e+00 1.21216895e+00
3.8200 1.97307477e-07 4.40705081e-09 2.50819007e-10 6.08742880e-08 7.29960556e-09 1.47568089e-08 2.62839635e-07 2.84896049e-07 1.05840360e+00 3.71556572e-03 6.72555391e-04 9.60381363e-02 1.51395461e-02 3.61358006e-02 1.15882986e+00 1.21010521e+00
3.8300 1.97119139e-07 6.30033248e-09 -4.82600879e-10 6.04220609e-08 7.60566735e-09 1.33879473e-08 2.63358931e-07 2.84352546e-07 1.05740175e+00 5.30712792e-03 -1.21529275e-03 9.53224527e-02 1.57727870e-02 3.27846448e-02 1.15681603e+00 1.20537347e+00
3.8400 1.96878299e-07 9.16391279e-09 -5.60517522e-10 5.95612513e-08 7.09219177e-09 1.12681486e-08 2.65042946e-07 2.83403286e-07 1.05611908e+00 7.71355856e-03 -1.41725180e-03 9.39635508e-02 1.47081140e-02 2.75945343e-02 1.15637894e+00 1.19868159e+00
3.8500 1.96586914e-07 1.19712378e-08 -8.50578749e-11 5.83251256e-08 6.01363133e-09 8.92907826e-09 2.66798219e-07 2.81740929e-07 1.05456545e+00 1.00722865e-02 -1.96069256e-04 9.20134396e-02 1.24731382e-02 2.18676607e-02 1.15645511e+00 1.19079591e+00
3.8600 1.96246627e-07 1.35447012e-08 7.49497752e-10 5.68086925e-08 4.63906007e-09 6.92434247e-09 2.67349518e-07 2.78912921e-07 1.05274888e+00 1.13935745e-02 1.94842198e-03 8.96213647e-02 9.62537352e-03 1.69600129e-02 1.15571225e+00 1.18229763e+00
3.8700 1.95860755e-07 1.29062368e-08 1.66797170e-09 5.52084690e-08 3.17633725e-09 5.68693876e-09 2.65643432e-07 2.74506708e-07 1.05068636e+00 1.08551902e-02 4.30817665e-03 8.70967072e-02 6.59507276e-03 1.39321856e-02 1.15294643e+00 1.17347369e+00
3.8800 1.95436310e-07 9.60750054e-09 2.34707694e-09 5.38236549e-08 1.73864427e-09 5.42987598e-09 2.61214542e-07 2.68383062e-07 1.04841481e+00 8.08002401e-03 6.05125987e-03 8.49109922e-02 3.61603353e-03 1.33059108e-02 1.14745709e+00 1.16437903e+00
3.8900 1.94984894e-07 3.92417225e-09 2.47139265e-09 5.30103931e-08 3.62218441e-10 6.11464748e-09 2.54390852e-07 2.60867718e-07 1.04599607e+00 3.29956488e-03 6.36590833e-03 8.36258430e-02 7.62624174e-04 1.49867913e-02 1.13928738e+00 1.15503680e+00
3.9000 1.94521784e-07 -3.16349270e-09 1.80487564e-09 5.30990986e-08 -9.38199909e-10 7.49084409e-09 2.46262266e-07 2.52814910e-07 1.04351209e+00 -2.66228513e-03 4.64463832e-03 8.37626024e-02 -1.93500044e-03 1.83613019e-02 1.12925704e+00 1.14568334e+00
3.9100 1.94063310e-07 -1.02135337e-08 2.61155769e-10 5.42997807e-08 -2.10645308e-09 9.18902066e-09 2.38410713e-07 2.45493281e-07 1.04105089e+00 -8.59325083e-03 6.65260852e-04 8.56529416e-02 -4.36028510e-03 2.25242551e-02 1.11877585e+00 1.13693982e+00
3.9200 1.93623342e-07 -1.57223374e-08 -2.04911728e-09 5.66263922e-08 -3.00888613e-09 1.08344624e-08 2.32478280e-07 2.40303856e-07 1.03868772e+00 -1.32289465e-02 -5.28717316e-03 8.93194237e-02 -6.23544497e-03 2.65574873e-02 1.10949103e+00 1.12981307e+00
3.9300 1.93210120e-07 -1.85588469e-08 -4.81360857e-09 5.98663816e-08 -3.44856170e-09 1.21458671e-08 2.29704047e-07 2.38401352e-07 1.03646787e+00 -1.56179587e-02 -1.24083298e-02 9.44273423e-02 -7.15108404e-03 2.97716185e-02 1.10286892e+00 1.12548946e+00
3.9400 1.92824553e-07 -1.82932344e-08 -7.56649627e-09 6.36076682e-08 -3.23134222e-09 1.29907265e-08 2.30572490e-07 2.40331875e-07 1.03439736e+00 -1.53982961e-02 -1.94986877e-02 1.00327149e-01 -6.70349134e-03 3.18417612e-02 1.09982752e+00 1.12496579e+00
3.9500 1.92460604e-07 -1.53110881e-08 -9.78481545e-09 6.73172535e-08 -2.26106044e-09 1.33852760e-08 2.34681954e-07 2.45806170e-07 1.03244485e+00 -1.28935648e-02 -2.52116307e-02 1.06178367e-01 -4.69230979e-03 3.28074607e-02 1.10051802e+00 1.12863317e+00
3.9600 1.92107647e-07 -1.06729041e-08 -1.10124330e-08 7.04499027e-08 -6.24251380e-10 1.34457191e-08 2.40872212e-07 2.53693680e-07 1.03055405e+00 -8.99500311e-03 -2.83727075e-02 1.11120993e-01 -1.29652232e-03 3.29532756e-02 1.10430733e+00 1.13596408e+00
3.9700 1.91753953e-07 -5.76237003e-09 -1.09797706e-08 7.25570075e-08 1.37664814e-09 1.33127966e-08 2.47568820e-07 2.62258265e-07 1.02866234e+00 -4.86588074e-03 -2.82879472e-02 1.14447239e-01 2.85654284e-03 3.26240566e-02 1.10995575e+00 1.14543635e+00
3.9800 1.91390147e-07 -1.83698414e-09 -9.68482700e-09 7.33672710e-08 3.26718542e-09 1.30788913e-08 2.53235607e-07 2.69581684e-07 1.02671922e+00 -1.56368735e-03 -2.49525032e-02 1.15728864e-01 6.78222786e-03 3.20464104e-02 1.11593189e+00 1.15476053e+00
3.9900 1.91011500e-07 3.73076439e-10 -7.40908728e-09 7.28210976e-08 4.51957180e-09 1.27438460e-08 2.56796587e-07 2.74060005e-07 1.02469864e+00 2.97208341e-04 -1.90916034e-02 1.14871496e-01 9.38483338e-03 3.12204651e-02 1.12077574e+00 1.16138104e+00
4.0000 1.90618448e-07 8.88207564e-10 -4.65895242e-09 7.10554813e-08 4.71374594e-09 1.22140655e-08 2.57903185e-07 2.74830996e-07 1.02260189e+00 7.33408657e-04 -1.20096755e-02 1.12090868e-01 9.79192331e-03 2.99176206e-02 1.12341649e+00 1.16312604e+00
4.0100 1.90215393e-07 4.54237256e-10 -2.04463649e-09 6.83504543e-08 3.68765675e-09 1.13435661e-08 2.56975448e-07 2.72006671e-07 1.02045132e+00 3.71507267e-04 -5.27842306e-03 1.07828383e-01 7.66631771e-03 2.77810118e-02 1.12337279e+00 1.15882012e+00
4.0200 1.89808458e-07 2.79918192e-10 -1.27606423e-10 6.50571464e-08 1.62105101e-09 1.00009490e-08 2.55017916e-07 2.66639916e-07 1.01827847e+00 2.27496487e-04 -3.43887220e-04 1.02637650e-01 3.38014211e-03 2.44894444e-02 1.12079973e+00 1.14866932e+00
4.0300 1.89403203e-07 1.62442347e-09 7.21603347e-10 6.15288684e-08 -9.84817091e-10 8.13766321e-09 2.53278099e-07 2.60430945e-07 1.01611202e+00 1.35998474e-03 1.83976278e-03 9.70757571e-02 -2.02708303e-03 1.99244829e-02 1.11638753e+00 1.13428493e+00
4.0400 1.89003200e-07 5.36823421e-09 4.14791413e-10 5.80709444e-08 -3.43549972e-09 5.83300327e-09 2.52857170e-07 2.55254674e-07 1.01397031e+00 4.50936922e-03 1.04562866e-03 9.16241190e-02 -7.11453628e-03 1.42805669e-02 1.11114943e+00 1.11831546e+00
4.0500 1.88609906e-07 1.17023983e-08 -8.40001012e-10 5.49152857e-08 -5.04579607e-09 3.29962994e-09 2.54387589e-07 2.52641423e-07 1.01186081e+00 9.83647633e-03 -2.19011215e-03 8.66483650e-02 -1.04600754e-02 8.07847682e-03 1.10615554e+00 1.10377394e+00
4.0600 1.88223688e-07 2.00295963e-08 -2.60659802e-09 5.22160473e-08 -5.35390816e-09 8.46853250e-10 2.57862734e-07 2.53355679e-07 1.00978565e+00 1.68392724e-02 -6.74365496e-03 8.23915107e-02 -1.11046270e-02 2.07540433e-03 1.10227278e+00 1.09324356e+00
4.0700 1.87845323e-07 2.91013003e-08 -4.35130376e-09 5.00567175e-08 -4.27656944e-09 -1.18725313e-09 2.62652037e-07 2.57188215e-07 1.00774964e+00 2.44681083e-02 -1.12400163e-02 7.89851936e-02 -8.87420657e-03 -2.90125273e-03 1.09996293e+00 1.08818747e+00
4.0800 1.87477094e-07 3.73423002e-08 -5.59799908e-09 4.84583979e-08 -2.15035111e-09 -2.51423451e-09 2.67679793e-07 2.63015207e-07 1.00576607e+00 3.13985562e-02 -1.44525433e-02 7.64627996e-02 -4.46585422e-03 -6.14574917e-03 1.09917488e+00 1.08856328e+00
4.0900 1.87122819e-07 4.32604612e-08 -6.06249879e-09 4.73832232e-08 3.59875436e-10 -2.96103636e-09 2.71704004e-07 2.69102844e-07 1.00385665e+00 3.63759656e-02 -1.56490084e-02 7.47649073e-02 7.42024486e-04 -7.23495679e-03 1.09934851e+00 1.09285558e+00
4.1000 1.86786648e-07 4.58211345e-08 -5.72739235e-09 4.67333362e-08 2.46044225e-09 -2.50520361e-09 2.73613726e-07 2.73568965e-07 1.00204485e+00 3.85303341e-02 -1.47844092e-02 7.37376757e-02 5.10335028e-03 -6.11443309e-03 1.09952845e+00 1.09851737e+00
4.1100 1.86471060e-07 4.46849661e-08 -4.83674117e-09 4.63513244e-08 3.47445258e-09 -1.27199100e-09 2.72670609e-07 2.74873071e-07 1.00034501e+00 3.75763172e-02 -1.24873423e-02 7.31334686e-02 7.21371481e-03 -3.09124626e-03 1.09856745e+00 1.10268992e+00
4.1200 1.86174953e-07 4.02553563e-08 -3.81424688e-09 4.60299264e-08 3.05440755e-09 5.02146651e-10 2.68645988e-07 2.72202543e-07 9.98751847e-01 3.38531563e-02 -9.84925262e-03 7.26260334e-02 6.35149720e-03 1.25547065e-03 1.09538178e+00 1.10298875e+00
4.1300 1.85892776e-07 3.35399942e-08 -3.13131788e-09 4.55362180e-08 1.29211962e-09 2.52582666e-09 2.61837670e-07 2.65655616e-07 9.97235800e-01 2.82082239e-02 -8.08462175e-03 7.18484756e-02 2.70600323e-03 6.21228889e-03 1.08920788e+00 1.09812617e+00
4.1400 1.85615318e-07 2.58808622e-08 -3.16581532e-09 4.46494783e-08 -1.31091069e-09 4.51100775e-09 2.52979843e-07 2.56179940e-07 9.95747244e-01 2.17699351e-02 -8.16712545e-03 7.04528123e-02 -2.68379091e-03 1.10740819e-02 1.07980287e+00 1.08819316e+00
4.1500 1.85332114e-07 1.86350972e-08 -4.09384613e-09 4.32051111e-08 -4.00370410e-09 6.21783004e-09 2.43078477e-07 2.45292603e-07 9.94229517e-01 1.56793272e-02 -1.05508851e-02 6.81791358e-02 -8.26136330e-03 1.52537075e-02 1.06753710e+00 1.07452944e+00
4.1600 1.85034733e-07 1.28901785e-08 -5.84555328e-09 4.11323748e-08 -6.02450569e-09 7.47769983e-09 2.33211733e-07 2.34664927e-07 9.92636706e-01 1.08505336e-02 -1.50565323e-02 6.49151154e-02 -1.24476192e-02 1.83384289e-02 1.05334582e+00 1.05923663e+00
4.1700 1.84719740e-07 9.27532168e-09 -8.13529079e-09 3.84734163e-08 -6.84005752e-09 8.19510180e-09 2.24333187e-07 2.25688231e-07 9.90949744e-01 7.81221425e-03 -2.09488503e-02 6.07261355e-02 -1.41370971e-02 2.00942965e-02 1.03853924e+00 1.04449644e+00
4.1800 1.84390139e-07 7.89713007e-09 -1.05535198e-08 3.53756893e-08 -6.30778128e-09 8.33573636e-09 2.17109438e-07 2.19137393e-07 9.89184267e-01 6.65354031e-03 -2.71733881e-02 5.58435655e-02 -1.30343275e-02 2.04371206e-02 1.02450798e+00 1.03191078e+00
4.1900 1.84054543e-07 8.39354952e-09 -1.26895007e-08 3.20578048e-08 -4.70941536e-09 7.91152574e-09 2.11816396e-07 2.15018507e-07 9.87386268e-01 7.06970556e-03 -3.26724122e-02 5.06111839e-02 -9.72360532e-03 1.93958479e-02 1.01239475e+00 1.02206699e+00
4.2000 1.83724175e-07 1.00753071e-08 -1.42459415e-08 2.87574153e-08 -2.64776010e-09 6.97112863e-09 2.08310956e-07 2.12634324e-07 9.85615996e-01 8.48100461e-03 -3.66801721e-02 4.54032492e-02 -5.45485187e-03 1.70894714e-02 1.00282008e+00 1.01445470e+00
4.2100 1.83408633e-07 1.21123811e-08 -1.51112935e-08 2.56757767e-08 -8.43462638e-10 5.59911835e-09 2.06085498e-07 2.10841153e-07 9.83925185e-01 1.01897265e-02 -3.89091230e-02 4.05372389e-02 -1.72215599e-03 1.37251469e-02 9.95743028e-01 1.00774602e+00
4.2200 1.83111953e-07 1.37234872e-08 -1.53704356e-08 2.29349607e-08 9.90970965e-11 3.92054224e-09 2.04399966e-07 2.08419605e-07 9.82335796e-01 1.15394906e-02 -3.95775002e-02 3.62063881e-02 2.21761248e-04 9.60943050e-03 9.90504175e-01 1.00033537e+00
4.2300 1.82830504e-07 1.43346448e-08 -1.52548349e-08 2.05597769e-08 -1.20619208e-10 2.10309103e-09 2.02470091e-07 2.04452562e-07 9.80828623e-01 1.20484722e-02 -3.92810416e-02 3.24510373e-02 -2.45464169e-04 5.15357053e-03 9.86047091e-01 9.90955197e-01
4.2400 1.82553730e-07 1.36836927e-08 -1.50522201e-08 1.84886631e-08 -1.41800562e-09 3.48578386e-10 1.99673865e-07 1.98604438e-07 9.79347146e-01 1.14970904e-02 -3.87604394e-02 2.91755327e-02 -2.94729676e-03 8.52525973e-04 9.81259330e-01 9.79164559e-01
4.2500 1.82267743e-07 1.18580217e-08 -1.50073550e-08 1.66087755e-08 -3.37082752e-09 -1.13080151e-09 1.95727185e-07 1.91225556e-07 9.77816759e-01 9.95950535e-03 -3.86458600e-02 2.62032327e-02 -7.00697237e-03 -2.77335863e-03 9.75333637e-01 9.65553306e-01
4.2600 1.81960729e-07 9.26212384e-09 -1.52463325e-08 1.48032870e-08 -5.37451071e-09 -2.14937290e-09 1.90779808e-07 1.83255924e-07 9.76173760e-01 7.77613523e-03 -3.92620051e-02 2.33508010e-02 -1.11697243e-02 -5.26890994e-03 9.68038691e-01 9.51600057e-01
4.2700 1.81628365e-07 6.52086978e-09 -1.57471736e-08 1.29957659e-08 -6.84907201e-09 -2.58923036e-09 1.85397827e-07 1.75959525e-07 9.74394454e-01 5.47222906e-03 -4.05523839e-02 2.04980094e-02 -1.42321173e-02 -6.34529291e-03 9.59812308e-01 9.39234898e-01
4.2800 1.81277289e-07 4.33469385e-09 -1.63630734e-08 1.11782498e-08 -7.42655527e-09 -2.43301435e-09 1.80427160e-07 1.70567590e-07 9.72513876e-01 3.63613268e-03 -4.21391298e-02 1.76319939e-02 -1.54309127e-02 -5.96032211e-03 9.51642873e-01 9.30251638e-01
4.2900 1.80925231e-07 3.31343193e-09 -1.68870650e-08 9.41539283e-09 -7.05729982e-09 -1.77596399e-09 1.76766991e-07 1.67933727e-07 9.70626574e-01 2.77973229e-03 -4.34894455e-02 1.48539408e-02 -1.46635135e-02 -4.34790732e-03 9.44770802e-01 9.25759381e-01
4.3000 1.80597460e-07 3.82367490e-09 -1.71339367e-08 7.82469630e-09 -6.00321118e-09 -8.10358810e-10 1.75111894e-07 1.68298324e-07 9.68867667e-01 3.21034317e-03 -4.41264754e-02 1.23481721e-02 -1.24739482e-02 -1.97978215e-03 9.40299707e-01 9.25845977e-01
4.3100 1.80320494e-07 5.88625564e-09 -1.70109169e-08 6.53981214e-09 -4.72556030e-09 2.16078198e-10 1.75735645e-07 1.71226163e-07 9.67379178e-01 4.94476281e-03 -4.38112631e-02 1.03245668e-02 -9.81999941e-03 5.36583974e-04 9.38837245e-01 9.29553829e-01
4.3200 1.80114978e-07 9.15279447e-09 -1.65538631e-08 5.66814299e-09 -3.71002559e-09 1.05760919e-09 1.78382053e-07 1.75729636e-07 9.66271872e-01 7.68973626e-03 -4.26359170e-02 8.95192834e-03 -7.71009731e-03 2.59882938e-03 9.40277620e-01 9.35166352e-01
4.3300 1.79989997e-07 1.29728288e-08 -1.59182435e-08 5.25452354e-09 -3.29100071e-09 1.52784472e-09 1.82299106e-07 1.80535950e-07 9.65594806e-01 1.08984725e-02 -4.10004110e-02 8.30081527e-03 -6.83866667e-03 3.75030806e-03 9.43793683e-01 9.40705325e-01
4.3400 1.79940684e-07 1.65395318e-08 -1.53295627e-08 5.25999612e-09 -3.53479675e-09 1.54054959e-09 1.86410649e-07 1.84416402e-07 9.65322482e-01 1.38931102e-02 -3.94850058e-02 8.31002275e-03 -7.34366618e-03 3.78003817e-03 9.48040609e-01 9.44476981e-01
4.3500 1.79949890e-07 1.90791507e-08 -1.50108949e-08 5.55993105e-09 -4.21905891e-09 1.12227358e-09 1.89578077e-07 1.86481291e-07 9.65363765e-01 1.60238389e-02 -3.86637571e-02 8.78344624e-03 -8.76378370e-03 2.75354023e-03 9.51507293e-01 9.45497049e-01
4.3600 1.79993332e-07 2.00348009e-08 -1.51117344e-08 5.96069646e-09 -4.91193426e-09 3.93964997e-10 1.90877095e-07 1.86359126e-07 9.65589416e-01 1.68232226e-02 -3.89214275e-02 9.41614062e-03 -1.02026610e-02 9.67638823e-04 9.52907351e-01 9.43672329e-01
4.3700 1.80046451e-07 1.91948697e-08 -1.56607281e-08 6.23017936e-09 -5.12116143e-09 -4.71566666e-10 1.89810772e-07 1.84218044e-07 9.65868760e-01 1.61139653e-02 -4.03318679e-02 9.84225101e-03 -1.06382836e-02 -1.15390045e-03 9.51493108e-01 9.39700924e-01
4.3800 1.80090651e-07 1.67312612e-08 -1.65560614e-08 6.13541751e-09 -4.46143414e-09 -1.30214112e-09 1.86401268e-07 1.80637693e-07 9.66102999e-01 1.40409390e-02 -4.26332970e-02 9.69425742e-03 -9.27037793e-03 -3.18906994e-03 9.47204899e-01 9.34745451e-01
4.3900 1.80116832e-07 1.31389312e-08 -1.75946541e-08 5.48034931e-09 -2.78475658e-09 -1.97197217e-09 1.81141458e-07 1.76384729e-07 9.66244006e-01 1.10203125e-02 -4.53034344e-02 8.66253971e-03 -5.79109092e-03 -4.82976788e-03 9.40623424e-01 9.30002565e-01
4.4000 1.80125127e-07 9.09727772e-09 -1.85292226e-08 4.13763433e-09 -2.33222641e-10 -2.42715664e-09 1.74830816e-07 1.72170437e-07 9.66292757e-01 7.62306951e-03 -4.77063127e-02 6.54571045e-03 -4.94727424e-04 -5.94419773e-03 9.32755225e-01 9.26316300e-01
4.4100 1.80121131e-07 5.29634673e-09 -1.91345380e-08 2.06994023e-09 2.79925813e-09 -2.68486248e-09 1.68352880e-07 1.68467276e-07 9.66279032e-01 4.42900226e-03 -4.92627134e-02 3.28439528e-03 5.80147891e-03 -6.57478361e-03 9.24729716e-01 9.23956412e-01
4.4200 1.80110220e-07 2.27903100e-09 -1.92629731e-08 -6.62400370e-10 5.77999182e-09 -2.80938888e-09 1.62463877e-07 1.65434480e-07 9.66230914e-01 1.89416745e-03 -4.95930176e-02 -1.02650316e-03 1.19918090e-02 -6.87941262e-03 9.17505561e-01 9.22617957e-01
4.4300 1.80092257e-07 3.42040570e-10 -1.88745270e-08 -3.90891417e-09 8.18645072e-09 -2.87589261e-09 1.57650857e-07 1.62961415e-07 9.66146543e-01 2.67727497e-04 -4.85943818e-02 -6.14957650e-03 1.69911647e-02 -7.04248568e-03 9.11670312e-01 9.21618991e-01
4.4400 1.80058928e-07 -4.83187512e-10 -1.80357064e-08 -7.45141344e-09 9.64378463e-09 -2.93601661e-09 1.54088621e-07 1.60796389e-07 9.65979944e-01 -4.24050833e-04 -4.64378067e-02 -1.17403145e-02 2.00205724e-02 -7.19067590e-03 9.07377772e-01 9.20207669e-01
4.4500 1.79994946e-07 -3.75306548e-10 -1.68915590e-08 -1.10387236e-08 1.00106839e-08 -2.99787583e-09 1.51689357e-07 1.58702165e-07 9.65647787e-01 -3.31408613e-04 -4.34961832e-02 -1.74020275e-02 2.07856117e-02 -7.34390810e-03 9.04418168e-01 9.17859871e-01
4.4600 1.79883008e-07 3.78162845e-10 -1.56225318e-08 -1.44284478e-08 9.39257906e-09 -3.02670283e-09 1.50210191e-07 1.56576067e-07 9.65056187e-01 3.03961648e-04 -4.02333523e-02 -2.27519272e-02 1.95040970e-02 -7.41698027e-03 9.02374869e-01 9.14461986e-01
4.4700 1.79710900e-07 1.48902348e-09 -1.44005510e-08 -1.74281281e-08 8.08516788e-09 -2.96432653e-09 1.49371244e-07 1.54492085e-07 9.64139009e-01 1.23981664e-03 -3.70912147e-02 -2.74862334e-02 1.67891386e-02 -7.26732268e-03 9.00801378e-01 9.10323193e-01
4.4800 1.79478250e-07 2.74811482e-09 -1.33564962e-08 -1.99270330e-08 6.47197654e-09 -2.75858503e-09 1.48942835e-07 1.52656227e-07 9.62894165e-01 2.30033189e-03 -3.44061691e-02 -3.14303972e-02 1.34367095e-02 -6.76706695e-03 8.99357931e-01 9.06027573e-01
4.4900 1.79200349e-07 4.05646116e-09 -1.25654452e-08 -2.19107832e-08 4.91086442e-09 -2.39031423e-09 1.48780581e-07 1.51301132e-07 9.61404081e-01 3.40226682e-03 -3.23712454e-02 -3.45621181e-02 1.01901230e-02 -5.86913886e-03 8.97872985e-01 9.02193969e-01
4.5000 1.78907324e-07 5.40801828e-09 -1.20491597e-08 -2.34544536e-08 3.64361151e-09 -1.88687186e-09 1.48811729e-07 1.50568469e-07 9.59831104e-01 4.54046374e-03 -3.10425319e-02 -3.70002845e-02 7.55226697e-03 -4.64033902e-03 8.96328751e-01 8.99240679e-01
4.5100 1.78638423e-07 6.84129892e-09 -1.17897960e-08 -2.46950883e-08 2.75164481e-09 -1.31663209e-09 1.48994838e-07 1.50429851e-07 9.58386633e-01 5.74719838e-03 -3.03743976e-02 -3.89613818e-02 5.69348260e-03 -3.24780727e-03 8.94798052e-01 8.97243727e-01
4.5200 1.78432828e-07 8.38512150e-09 -1.17464820e-08 -2.57903389e-08 2.16433475e-09 -7.66384343e-10 1.49281129e-07 1.50679079e-07 9.57281623e-01 7.04659104e-03 -3.02620257e-02 -4.06940387e-02 4.46849934e-03 -1.90364370e-03 8.93372149e-01 8.95937005e-01
4.5300 1.78319644e-07 1.00207400e-08 -1.18676017e-08 -2.68742947e-08 1.71002873e-09 -3.10256744e-10 1.49598487e-07 1.50998259e-07 9.56672724e-01 8.42277981e-03 -3.05728716e-02 -4.24092617e-02 3.52209105e-03 -7.88830703e-04 8.92113370e-01 8.94846630e-01
4.5400 1.78310118e-07 1.16714431e-08 -1.20953969e-08 -2.80228718e-08 1.18903725e-09 1.78240567e-11 1.49863292e-07 1.51070154e-07 9.56620481e-01 9.81117548e-03 -3.11583824e-02 -4.42259132e-02 2.44037551e-03 1.41134167e-05 8.91047360e-01 8.93501849e-01
4.5500 1.78394558e-07 1.32171549e-08 -1.23640443e-08 -2.92385835e-08 4.44664532e-10 2.37258762e-10 1.50009085e-07 1.50691008e-07 9.57072822e-01 1.11107309e-02 -3.18490031e-02 -4.61469209e-02 8.98167744e-04 5.53124755e-04 8.90187629e-01 8.91638922e-01
4.5600 1.78545009e-07 1.45217435e-08 -1.25957792e-08 -3.04586688e-08 -5.87286487e-10 4.13819471e-10 1.50012304e-07 1.49838837e-07 9.57879538e-01 1.22069015e-02 -3.24442502e-02 -4.80724211e-02 -1.23823216e-03 9.89391839e-04 8.89569768e-01 8.89320928e-01
4.5700 1.78722993e-07 1.54584288e-08 -1.27006284e-08 -3.15831762e-08 -1.86094853e-09 6.34298239e-10 1.49897617e-07 1.48670967e-07 9.58833957e-01 1.29930262e-02 -3.27121593e-02 -4.98443669e-02 -3.87445876e-03 1.53514917e-03 8.89270457e-01 8.86931148e-01
4.5800 1.78890065e-07 1.59238465e-08 -1.25836600e-08 -3.25131639e-08 -3.23484439e-09 9.71255142e-10 1.49717088e-07 1.47453498e-07 9.59729694e-01 1.33821917e-02 -3.24081097e-02 -5.13069720e-02 -6.71791683e-03 2.36732322e-03 8.89396805e-01 8.85046211e-01
4.5900 1.79018070e-07 1.58404244e-08 -1.21601639e-08 -3.31859657e-08 -4.51017579e-09 1.45016709e-09 1.49512365e-07 1.46452356e-07 9.60415739e-01 1.33092822e-02 -3.13140362e-02 -5.23623284e-02 -9.35708294e-03 3.54718370e-03 8.90048656e-01 8.84238757e-01
4.6000 1.79096120e-07 1.51545699e-08 -1.13753403e-08 -3.35957258e-08 -5.48042226e-09 2.03073633e-09 1.49279624e-07 1.45829938e-07 9.60833883e-01 1.27294992e-02 -2.92891614e-02 -5.30025822e-02 -1.13643043e-02 4.97478587e-03 8.91271639e-01 8.84882120e-01
4.6100 1.79132351e-07 1.38404971e-08 -1.02224286e-08 -3.37928006e-08 -5.97949445e-09 2.60945001e-09 1.48957619e-07 1.45587575e-07 9.61028080e-01 1.16215919e-02 -2.63166085e-02 -5.33086237e-02 -1.23956317e-02 6.39552038e-03 8.93024440e-01 8.87024328e-01
4.6200 1.79150137e-07 1.19150462e-08 -8.75278261e-09 -3.38632892e-08 -5.91844352e-09 3.04336544e-09 1.48449112e-07 1.45574034e-07 9.61124015e-01 1.00002832e-02 -2.25291936e-02 -5.34173948e-02 -1.22669338e-02 7.45863236e-03 8.95177710e-01 8.90369408e-01
4.6300 1.79180102e-07 9.45993338e-09 -7.07334499e-09 -3.38971320e-08 -5.30481695e-09 3.18802622e-09 1.47669558e-07 1.45552768e-07 9.61286170e-01 7.93489100e-03 -1.82027390e-02 -5.34712513e-02 -1.09940228e-02 7.81025624e-03 8.97547071e-01 8.94363304e-01
4.6400 1.79250479e-07 6.63936055e-09 -5.33058305e-09 -3.39572515e-08 -4.24275257e-09 2.93780621e-09 1.46602005e-07 1.45297059e-07 9.61666049e-01 5.56401370e-03 -1.37145576e-02 -5.35691605e-02 -8.79283149e-03 7.19225017e-03 8.99946345e-01 8.98345763e-01
4.6500 1.79378731e-07 3.69786628e-09 -3.68396051e-09 -3.40615516e-08 -2.91508540e-09 2.25632074e-09 1.45331085e-07 1.44672321e-07 9.62357225e-01 3.09359490e-03 -9.47508285e-03 -5.37384132e-02 -6.04229277e-03 5.51654524e-03 9.02237324e-01 9.01711576e-01
4.6600 1.79566822e-07 9.28376886e-10 -2.27511405e-09 -3.41844372e-08 -1.55107008e-09 1.18792128e-09 1.44035647e-07 1.43672498e-07 9.63370008e-01 7.69961178e-04 -5.84855206e-03 -5.39373250e-02 -3.21740934e-03 2.89304226e-03 9.04354092e-01 9.04029725e-01
4.6700 1.79801292e-07 -1.38757600e-09 -1.20014636e-09 -3.42767658e-08 -3.85110873e-10 -1.52586903e-10 1.42936804e-07 1.42399106e-07 9.64631935e-01 -1.17048481e-03 -3.08181353e-03 -5.40871153e-02 -8.03708964e-04 -3.95877896e-04 9.06292522e-01 9.05092935e-01
4.6800 1.80057812e-07 -3.05144608e-09 -4.91585356e-10 -3.42957462e-08 3.86644847e-10 -1.60814077e-09 1.42219034e-07 1.40997538e-07 9.66012230e-01 -2.56142710e-03 -1.25807248e-03 -5.41194439e-02 7.92692342e-04 -3.96468141e-03 9.08073286e-01 9.04901297e-01
4.6900 1.80308566e-07 -4.00549140e-09 -1.14010191e-10 -3.42321332e-08 6.44036760e-10 -3.01655962e-09 1.41956931e-07 1.39584409e-07 9.67361437e-01 -3.35515341e-03 -2.85808937e-04 -5.40195329e-02 1.32322719e-03 -7.41580453e-03 9.09700942e-01 9.03608364e-01
4.7000 1.80530130e-07 -4.35152096e-09 2.60205618e-11 -3.41228472e-08 3.67233499e-10 -4.24569982e-09 1.42081782e-07 1.38203316e-07 9.68553650e-01 -3.63817718e-03 7.55588397e-05 -5.38460779e-02 7.47243682e-04 -1.04257656e-02 9.11144953e-01 9.01466431e-01
4.7100 1.80709531e-07 -4.31686553e-09 5.83143730e-11 -3.40427140e-08 -3.58272119e-10 -5.21724886e-09 1.42408266e-07 1.36832745e-07 9.69519007e-01 -3.60247716e-03 1.59931586e-04 -5.37180071e-02 -7.57724782e-04 -1.28033129e-02 9.12358454e-01 8.98797416e-01
4.7200 1.80846940e-07 -4.17333502e-09 1.20542948e-10 -3.40773455e-08 -1.35837423e-09 -5.91402941e-09 1.42716803e-07 1.35444399e-07 9.70258090e-01 -3.47723312e-03 3.21263836e-04 -5.37713547e-02 -2.83065501e-03 -1.45070963e-02 9.13330766e-01 8.95993015e-01
4.7300 1.80954537e-07 -4.13488337e-09 3.28811993e-10 -3.42870993e-08 -2.40621783e-09 -6.37099676e-09 1.42861366e-07 1.34084151e-07 9.70835871e-01 -3.44270700e-03 8.57972401e-04 -5.41020456e-02 -5.00138632e-03 -1.56233869e-02 9.14149090e-01 8.93524317e-01
4.7400 1.81052251e-07 -4.27168715e-09 7.53034782e-10 -3.46764295e-08 -3.26968272e-09 -6.65469833e-09 1.42857169e-07 1.32932788e-07 9.71358955e-01 -3.55797959e-03 1.94971209e-03 -5.47172926e-02 -6.78901304e-03 -1.63155974e-02 9.15033395e-01 8.91928784e-01
4.7500 1.81161892e-07 -4.47634198e-09 1.40171490e-09 -3.51818862e-08 -3.75950420e-09 -6.83848962e-09 1.42905379e-07 1.32307385e-07 9.71944205e-01 -3.73255396e-03 3.61831256e-03 -5.55166093e-02 -7.80156164e-03 -1.67635172e-02 9.16313354e-01 8.91748276e-01
4.7600 1.81301431e-07 -4.50112947e-09 2.21902182e-09 -3.56856837e-08 -3.76645874e-09 -6.98079584e-09 1.43333640e-07 1.32586385e-07 9.72688211e-01 -3.75774241e-03 5.72026202e-03 -5.63133658e-02 -7.81298570e-03 -1.71101228e-02 9.18337365e-01 8.93414257e-01
4.7700 1.81480940e-07 -4.05908422e-09 3.09499684e-09 -3.60522920e-08 -3.27879838e-09 -7.11160516e-09 1.44464561e-07 1.34074157e-07 9.73645573e-01 -3.39170450e-03 7.97289317e-03 -5.68928224e-02 -6.79922666e-03 -1.74286326e-02 9.21333939e-01 8.97106080e-01
4.7800 1.81700999e-07 -2.95554676e-09 3.88752971e-09 -3.61763998e-08 -2.37655098e-09 -7.22922671e-09 1.46456582e-07 1.36850804e-07 9.74820329e-01 -2.47011350e-03 1.00108082e-02 -5.70881446e-02 -4.92634753e-03 -1.77147259e-02 9.25272880e-01 9.02631806e-01
4.7900 1.81953591e-07 -1.20144470e-09 4.45255686e-09 -3.60253050e-08 -1.20574804e-09 -7.30633423e-09 1.49179398e-07 1.40667316e-07 9.76170617e-01 -1.00145428e-03 1.14634653e-02 -5.68475492e-02 -2.49709526e-03 -1.79014653e-02 9.29785078e-01 9.09386518e-01
4.8000 1.82224834e-07 9.38275859e-10 4.67700645e-09 -3.56595187e-08 5.90064100e-11 -7.30231547e-09 1.52180597e-07 1.44937288e-07 9.77623054e-01 7.92202250e-04 1.20398911e-02 -5.62669033e-02 1.26667787e-04 -1.78895776e-02 9.34188244e-01 9.16425334e-01
4.8100 1.82498539e-07 2.98726870e-09 4.50776536e-09 -3.52221345e-08 1.25271190e-09 -7.17825397e-09 1.54771439e-07 1.48845897e-07 9.79091552e-01 2.51096701e-03 1.16032436e-02 -5.55728366e-02 2.60304928e-03 -1.75840851e-02 9.37632926e-01 9.22651890e-01
4.8200 1.82759613e-07 4.38560469e-09 3.96986743e-09 -3.48981129e-08 2.24907269e-09 -6.91121697e-09 1.56216973e-07 1.51554828e-07 9.80495281e-01 3.68451907e-03 1.02177180e-02 -5.50582210e-02 4.67038881e-03 -1.69291663e-02 9.39339297e-01 9.27080520e-01
4.8300 1.82996586e-07 4.66468740e-09 3.16859694e-09 -3.48553711e-08 2.97482364e-09 -6.50533729e-09 1.55974499e-07 1.52443986e-07 9.81772130e-01 3.91908382e-03 8.15409875e-03 -5.49888701e-02 6.17689533e-03 -1.59351456e-02 9.38856443e-01 9.29098193e-01
4.8400 1.83202994e-07 3.61093268e-09 2.27331726e-09 -3.51865782e-08 3.40906105e-09 -5.99792678e-09 1.53900665e-07 1.51311800e-07 9.82886179e-01 3.03497710e-03 5.84826375e-03 -5.55114031e-02 7.07921901e-03 -1.46933546e-02 9.36258017e-01 9.28643882e-01
4.8500 1.83377700e-07 1.35991705e-09 1.48510003e-09 -3.58712283e-08 3.57210107e-09 -5.45933054e-09 1.50351489e-07 1.48464259e-07 9.83829682e-01 1.14573046e-03 3.81792684e-03 -5.65932571e-02 7.41934184e-03 -1.33757459e-02 9.32200082e-01 9.26243678e-01
4.8600 1.83524464e-07 -1.61603372e-09 9.94647513e-10 -3.67714873e-08 3.51068670e-09 -4.98560348e-09 1.46131591e-07 1.44656674e-07 9.84621140e-01 -1.35230839e-03 2.55430054e-03 -5.80161937e-02 7.29393086e-03 -1.22170274e-02 9.27806938e-01 9.22883842e-01
4.8700 1.83651088e-07 -4.62833116e-09 9.40269984e-10 -3.76644701e-08 3.28558124e-09 -4.68377799e-09 1.42298557e-07 1.40900360e-07 9.85301157e-01 -3.88116141e-03 2.41381493e-03 -5.94274761e-02 6.82866869e-03 -1.14787243e-02 9.24406334e-01 9.19756278e-01
4.8800 1.83768367e-07 -6.96496052e-09 1.37660486e-09 -3.83017044e-08 2.96438592e-09 -4.65083739e-09 1.39878307e-07 1.38191855e-07 9.85927154e-01 -5.84316511e-03 3.53744341e-03 -6.04340468e-02 6.16343662e-03 -1.13978547e-02 9.23187385e-01 9.17952967e-01
4.8900 1.83888921e-07 -8.09443991e-09 2.26270513e-09 -3.84776489e-08 2.61846163e-09 -4.94949081e-09 1.39579537e-07 1.37248508e-07 9.86567241e-01 -6.79223182e-03 5.81990611e-03 -6.07109811e-02 5.44601430e-03 -1.21277403e-02 9.24883934e-01 9.18202208e-01
4.9000 1.84025879e-07 -7.81528582e-09 3.47333232e-09 -3.80862923e-08 2.32004993e-09 -5.58593644e-09 1.41597633e-07 1.38331746e-07 9.87293067e-01 -6.55931231e-03 8.93867947e-03 -6.00910074e-02 4.82618314e-03 -1.36836106e-02 9.29581427e-01 9.20724000e-01
4.9100 1.84191399e-07 -6.30380799e-09 4.83095364e-09 -3.71489589e-08 2.13543646e-09 -6.49609999e-09 1.45569586e-07 1.41208923e-07 9.88171557e-01 -5.29245372e-03 1.24364042e-02 -5.86083969e-02 4.44159493e-03 -1.59088695e-02 9.36707110e-01 9.25239836e-01
4.9200 1.84395102e-07 -4.04769052e-09 6.14990946e-09 -3.58059748e-08 2.11245880e-09 -7.54641641e-09 1.50691346e-07 1.45257388e-07 9.89256027e-01 -3.40095206e-03 1.58347117e-02 -5.64856250e-02 4.39186665e-03 -1.84769004e-02 9.45204161e-01 9.31119128e-01
4.9300 1.84642605e-07 -1.69111949e-09 7.28042383e-09 -3.42764377e-08 2.26471556e-09 -8.55258771e-09 1.55955472e-07 1.49667600e-07 9.90577896e-01 -1.42527452e-03 1.87476865e-02 -5.40695594e-02 4.70577689e-03 -2.09368582e-02 9.53830748e-01 9.37599667e-01
4.9400 1.84934468e-07 1.54527866e-10 8.13994608e-09 -3.28000124e-08 2.55852721e-09 -9.31517478e-09 1.60428929e-07 1.53672282e-07 9.92140640e-01 1.21855749e-04 2.09626874e-02 -5.17392512e-02 5.31411129e-03 -2.28007042e-02 9.61485932e-01 9.43999339e-01
4.9500 1.85265788e-07 1.07201013e-09 8.72301508e-09 -3.15792601e-08 2.91006743e-09 -9.66550039e-09 1.63481553e-07 1.56726120e-07 9.93917551e-01 8.90786557e-04 2.24657923e-02 -4.98146505e-02 6.04355821e-03 -2.36555519e-02 9.67459480e-01 9.49847486e-01
4.9600 1.85626622e-07 9.22861853e-10 9.08743140e-09 -3.07392246e-08 3.19803749e-09 -9.51087106e-09 1.64897690e-07 1.58584857e-07 9.95854120e-01 7.65806419e-04 2.34061367e-02 -4.84927281e-02 6.64283052e-03 -2.32744229e-02 9.71533335e-01 9.54901742e-01
4.9700 1.86003171e-07 -1.63432173e-10 9.32198498e-09 -3.03138381e-08 3.29214364e-09 -8.86630673e-09 1.64847886e-07 1.59273723e-07 9.97874773e-01 -1.44151727e-04 2.40126724e-02 -4.78261235e-02 6.84159837e-03 -2.16940255e-02 9.73917170e-01 9.59064743e-01
4.9800 1.86379524e-07 -1.88007384e-09 9.50690150e-09 -3.02589886e-08 3.09121833e-09 -7.86190673e-09 1.63747363e-07 1.58976675e-07 9.99892669e-01 -1.58175337e-03 2.44921428e-02 -4.77440402e-02 6.42950477e-03 -1.92328977e-02 9.75059018e-01 9.62255625e-01
4.9900 1.86739602e-07 -3.87167313e-09 9.68053485e-09 -3.04833675e-08 2.55965271e-09 -6.72063783e-09 1.62065096e-07 1.57904111e-07 1.00182058e+00 -3.24935244e-03 2.49431790e-02 -4.81012843e-02 5.33179135e-03 -1.64370956e-02 9.75413123e-01 9.64307819e-01
5.0000 1.87068983e-07 -5.85074269e-09 9.82375922e-09 -3.08834689e-08 1.74922327e-09 -5.70937622e-09 1.60158531e-07 1.56198378e-07 1.00358094e+00 -4.90665889e-03 2.53160714e-02 -4.87338278e-02 3.65474598e-03 -1.39603267e-02 9.75256525e-01 9.64950944e-01
5.0100 1.87356345e-07 -7.66257996e-09 9.86758390e-09 -3.13696958e-08 7.96545211e-10 -5.07416105e-09 1.58191653e-07 1.53914037e-07 1.00511361e+00 -6.42494086e-03 2.54324693e-02 -4.95002073e-02 1.68068085e-03 -1.24053475e-02 9.74620933e-01 9.63896267e-01
5.0200 1.87594428e-07 -9.28400362e-09 9.72162879e-09 -3.18757919e-08 -1.06356686e-10 -4.97623337e-09 1.56156261e-07 1.51073671e-07 1.00638087e+00 -7.78563570e-03 2.50589068e-02 -5.02964209e-02 -1.92829093e-04 -1.21672284e-02 9.73357718e-01 9.60997661e-01
5.0300 1.87780531e-07 -1.07694841e-08 9.31387104e-09 -3.23514372e-08 -7.61803980e-10 -5.44653274e-09 1.53973481e-07 1.47765144e-07 1.00736968e+00 -9.03484205e-03 2.40094001e-02 -5.10440670e-02 -1.55592961e-03 -1.33218039e-02 9.71300174e-01 9.56422441e-01
5.0400 1.87916618e-07 -1.21780897e-08 8.62795131e-09 -3.27447990e-08 -1.02232615e-09 -6.37220743e-09 1.51621681e-07 1.44227147e-07 1.00809187e+00 -1.02218516e-02 2.22417185e-02 -5.16625033e-02 -2.10226797e-03 -1.55925530e-02 9.68449237e-01 9.50754416e-01
5.0500 1.88009061e-07 -1.35188218e-08 7.72475060e-09 -3.29855503e-08 -8.35086297e-10 -7.52030044e-09 1.49229440e-07 1.40874053e-07 1.00858243e+00 -1.13533226e-02 1.99130318e-02 -5.20417061e-02 -1.72122505e-03 -1.84085900e-02 9.65100432e-01 9.44970617e-01
5.0600 1.88068024e-07 -1.47395582e-08 6.73984178e-09 -3.29781543e-08 -2.59893970e-10 -8.59346133e-09 1.47090153e-07 1.38236798e-07 1.00889601e+00 -1.23842583e-02 1.73732683e-02 -5.20314018e-02 -5.35522106e-04 -2.10411669e-02 9.61853621e-01 9.40276932e-01
5.0700 1.88106389e-07 -1.57620507e-08 5.85619502e-09 -3.26106391e-08 5.46248660e-10 -9.30337665e-09 1.45589894e-07 1.36832766e-07 1.00910128e+00 -1.32477690e-02 1.50945993e-02 -5.14547860e-02 1.13049166e-03 -2.27836339e-02 9.59493324e-01 9.37840182e-01
5.0800 1.88138200e-07 -1.65424896e-08 5.25960586e-09 -3.17776061e-08 1.37434866e-09 -9.44242019e-09 1.45077710e-07 1.37009638e-07 1.00927274e+00 -1.39062943e-02 1.35563503e-02 -5.01448803e-02 2.84425508e-03 -2.31270633e-02 9.58777912e-01 9.38495103e-01
5.0900 1.88176695e-07 -1.71241224e-08 5.09003366e-09 -3.04104062e-08 2.02469074e-09 -8.93443296e-09 1.45732200e-07 1.38822458e-07 1.00948051e+00 -1.43960261e-02 1.31194001e-02 -4.79923515e-02 4.19183935e-03 -2.18847328e-02 9.60211535e-01 9.42518641e-01
5.1000 1.88232216e-07 -1.76510063e-08 5.40350278e-09 -2.85044139e-08 2.36485395e-09 -7.85145969e-09 1.47480298e-07 1.41993693e-07 1.00977942e+00 -1.48384843e-02 1.39279021e-02 -4.49888332e-02 4.89822481e-03 -1.92331632e-02 9.63880008e-01 9.49545070e-01
5.1100 1.88310441e-07 -1.83291103e-08 6.15597708e-09 -2.61340746e-08 2.36593793e-09 -6.39289634e-09 1.50003233e-07 1.45976275e-07 1.01019970e+00 -1.54076598e-02 1.58677748e-02 -4.12509516e-02 4.90257695e-03 -1.56610081e-02 9.69408865e-01 9.58650434e-01
5.1200 1.88411494e-07 -1.93453490e-08 7.21379142e-09 -2.34503741e-08 2.10552695e-09 -4.83391143e-09 1.52829562e-07 1.50101178e-07 1.01074219e+00 -1.62616675e-02 1.85937719e-02 -3.70165303e-02 4.36468365e-03 -1.18426142e-02 9.76057761e-01 9.68579830e-01
5.1300 1.88530321e-07 -2.07761409e-08 8.38710327e-09 -2.06608915e-08 1.73692189e-09 -3.45808083e-09 1.55480392e-07 1.53759233e-07 1.01138024e+00 -1.74655580e-02 2.16159609e-02 -3.26131831e-02 3.60148542e-03 -8.47288070e-03 9.82917460e-01 9.78046065e-01
5.1400 1.88658474e-07 -2.25253918e-08 9.47607581e-09 -1.79975673e-08 1.43534014e-09 -2.49261360e-09 1.57611591e-07 1.56554317e-07 1.01206904e+00 -1.89389251e-02 2.44190073e-02 -2.84073896e-02 2.97578003e-03 -6.10848034e-03 9.89141731e-01 9.86009030e-01
5.1500 1.88786961e-07 -2.43231869e-08 1.03162480e-08 -1.56800828e-08 1.33926774e-09 -2.06255728e-09 1.59099939e-07 1.58376650e-07 1.01276064e+00 -2.04546836e-02 2.65792680e-02 -2.47465457e-02 2.77472526e-03 -5.05562775e-03 9.94138681e-01 9.91857778e-01
5.1600 1.88909455e-07 -2.57937598e-08 1.08106739e-08 -1.38826804e-08 1.50638043e-09 -2.17387297e-09 1.60043688e-07 1.59376196e-07 1.01342103e+00 -2.16962539e-02 2.78476238e-02 -2.19064066e-02 3.11837128e-03 -5.32864622e-03 9.97665997e-01 9.95455722e-01
5.1700 1.89024876e-07 -2.65733354e-08 1.09413193e-08 -1.27099112e-08 1.89806382e-09 -2.72651748e-09 1.60682949e-07 1.59854495e-07 1.01404396e+00 -2.23568222e-02 2.81786774e-02 -2.00526362e-02 3.92734810e-03 -6.68211326e-03 9.99813178e-01 9.97058413e-01
5.1800 1.89138437e-07 -2.64365734e-08 1.07590568e-08 -1.21835178e-08 2.39651549e-09 -3.55045667e-09 1.61277402e-07 1.60123461e-07 1.01465664e+00 -2.22459180e-02 2.77046668e-02 -1.92199970e-02 4.95804993e-03 -8.69922143e-03 1.00089540e+00 9.97154224e-01
5.1900 1.89260588e-07 -2.53838566e-08 1.03580408e-08 -1.22399552e-08 2.84726911e-09 -4.45226735e-09 1.61994817e-07 1.60389819e-07 1.01531438e+00 -2.13630749e-02 2.66690805e-02 -1.93084054e-02 5.89057501e-03 -1.09060709e-02 1.00131198e+00 9.96296486e-01
5.2000 1.89403940e-07 -2.36539133e-08 9.84419238e-09 -1.27368530e-08 3.11163567e-09 -5.25893287e-09 1.62857366e-07 1.60710069e-07 1.01608426e+00 -1.99086381e-02 2.53451662e-02 -2.00931665e-02 6.43735745e-03 -1.28790338e-02 1.00142762e+00 9.94985944e-01
5.2100 1.89578883e-07 -2.16531295e-08 9.30792163e-09 -1.34670636e-08 3.11083750e-09 -5.84841578e-09 1.63766612e-07 1.61029034e-07 1.01702184e+00 -1.82244005e-02 2.39655204e-02 -2.12472155e-02 6.43473946e-03 -1.43196405e-02 1.00151575e+00 9.93630844e-01
5.2200 1.89789158e-07 -1.98242981e-08 8.80827606e-09 -1.41799749e-08 2.84729736e-09 -6.16214726e-09 1.64593161e-07 1.61278312e-07 1.01814749e+00 -1.66831782e-02 2.26813318e-02 -2.23748224e-02 5.88731161e-03 -1.50850770e-02 1.00177082e+00 9.92573053e-01
5.2300 1.90028793e-07 -1.85012611e-08 8.37079969e-09 -1.46102692e-08 2.39713384e-09 -6.20059731e-09 1.65288063e-07 1.61484599e-07 1.01942983e+00 -1.55664178e-02 2.15571426e-02 -2.30570220e-02 4.95260482e-03 -1.51771696e-02 1.00236354e+00 9.92138970e-01
5.2400 1.90281540e-07 -1.78024407e-08 7.99643368e-09 -1.45133547e-08 1.87821279e-09 -6.00758524e-09 1.65962179e-07 1.61832806e-07 1.02078258e+00 -1.49744547e-02 2.05941681e-02 -2.29075409e-02 3.87504684e-03 -1.47037670e-02 1.00349476e+00 9.92666035e-01
5.2500 1.90523293e-07 -1.76026566e-08 7.67554213e-09 -1.37041805e-08 1.40641383e-09 -5.65074940e-09 1.66891998e-07 1.62647663e-07 1.02207724e+00 -1.48026185e-02 1.97668092e-02 -2.16340402e-02 2.89534241e-03 -1.38307485e-02 1.00540739e+00 9.94471985e-01
5.2600 1.90727089e-07 -1.75937440e-08 7.40056088e-09 -1.20929759e-08 1.05622688e-09 -5.20452313e-09 1.68440930e-07 1.64292634e-07 1.02316971e+00 -1.47920834e-02 1.90554864e-02 -1.90945074e-02 2.16865473e-03 -1.27402502e-02 1.00833861e+00 9.97767013e-01
5.2700 1.90869487e-07 -1.74112011e-08 7.17271005e-09 -9.70922245e-09 8.39368963e-10 -4.73898594e-09 1.70921774e-07 1.67022157e-07 1.02393443e+00 -1.46363487e-02 1.84639700e-02 -1.53351006e-02 1.72000616e-03 -1.16033848e-02 1.01242695e+00 1.00254357e+00
5.2800 1.90936631e-07 -1.67791803e-08 7.00160187e-09 -6.70543560e-09 7.07921329e-10 -4.31455475e-09 1.74453617e-07 1.70846984e-07 1.02429682e+00 -1.41032418e-02 1.80181829e-02 -1.05961615e-02 1.45046894e-03 -1.05673608e-02 1.01761560e+00 1.00849871e+00
5.2900 1.90928274e-07 -1.56192306e-08 6.89987391e-09 -3.33589014e-09 5.79318504e-10 -3.98007060e-09 1.78873027e-07 1.75472275e-07 1.02425504e+00 -1.31265014e-02 1.77520208e-02 -5.27871396e-03 1.18873280e-03 -9.75097692e-03 1.02360185e+00 1.01503960e+00
5.3000 1.90858564e-07 -1.40820864e-08 6.87682444e-09 8.82492853e-11 3.72760202e-10 -3.77123666e-09 1.83741551e-07 1.80343075e-07 1.02388433e+00 -1.18326589e-02 1.76905480e-02 1.26271028e-04 7.66529525e-04 -9.24098815e-03 1.02986849e+00 1.02139403e+00
5.3100 1.90753252e-07 -1.24912300e-08 6.93478295e-09 3.25866849e-09 4.30062051e-11 -3.70753358e-09 1.88455474e-07 1.84790946e-07 1.02332222e+00 -1.04936829e-02 1.78403098e-02 5.13210450e-03 8.88502515e-05 -9.08469929e-03 1.03580095e+00 1.02680510e+00
5.3200 1.90643987e-07 -1.12206404e-08 7.06991152e-09 5.93015134e-09 -4.00825111e-10 -3.78787537e-09 1.92423410e-07 1.88234709e-07 1.02273806e+00 -9.42420080e-03 1.81912358e-02 9.35145920e-03 -8.26743307e-04 -9.27939756e-03 1.04085655e+00 1.03075041e+00
5.3300 1.90561153e-07 -1.05541305e-08 7.27637457e-09 7.96530795e-09 -8.97743164e-10 -3.98721178e-09 1.95248705e-07 1.90363750e-07 1.02229462e+00 -8.86315295e-03 1.87274420e-02 1.25670159e-02 -1.85485510e-03 -9.76401399e-03 1.04472592e+00 1.03310705e+00
5.3400 1.90527127e-07 -1.05803423e-08 7.55069698e-09 9.35122658e-09 -1.35684589e-09 -4.25702403e-09 1.96848708e-07 1.91234838e-07 1.02211191e+00 -8.88537238e-03 1.94387179e-02 1.47578475e-02 -2.80742481e-03 -1.04202455e-02 1.04742311e+00 1.03419544e+00
5.3500 1.90551669e-07 -1.11632782e-08 7.89271158e-09 1.01834581e-08 -1.68988921e-09 -4.53177782e-09 1.97464561e-07 1.91242894e-07 1.02224240e+00 -9.37667179e-03 2.03233416e-02 1.60742657e-02 -3.50107993e-03 -1.10882248e-02 1.04926333e+00 1.03467403e+00
5.3600 1.90630551e-07 -1.19987317e-08 8.30106392e-09 1.06228220e-08 -1.84212746e-09 -4.74121593e-09 1.97555705e-07 1.90972362e-07 1.02266351e+00 -1.00812016e-02 2.13768727e-02 1.67697553e-02 -3.82116124e-03 -1.15964888e-02 1.05072893e+00 1.03531128e+00
5.3700 1.90747610e-07 -1.27336009e-08 8.76417010e-09 1.08393290e-08 -1.81030881e-09 -4.82581929e-09 1.97617508e-07 1.90981380e-07 1.02328862e+00 -1.07017615e-02 2.25691167e-02 1.71125251e-02 -3.75936138e-03 -1.17997399e-02 1.05226850e+00 1.03670940e+00
5.3800 1.90879513e-07 -1.31007720e-08 9.25050974e-09 1.09618429e-08 -1.64195895e-09 -4.75096678e-09 1.97991094e-07 1.91598168e-07 1.02399265e+00 -1.10132886e-02 2.38191915e-02 1.73060493e-02 -3.41271565e-03 -1.16134710e-02 1.05410460e+00 1.03907841e+00
5.3900 1.91001827e-07 -1.30164512e-08 9.70374102e-09 1.10501452e-08 -1.41723541e-09 -4.51513079e-09 1.98739262e-07 1.92806896e-07 1.02464459e+00 -1.09448325e-02 2.49828166e-02 1.74449062e-02 -2.94645306e-03 -1.10340381e-02 1.05612748e+00 1.04214699e+00
5.4000 1.91094769e-07 -1.26017285e-08 1.00473784e-08 1.10981800e-08 -1.22094284e-09 -4.14906960e-09 1.99638599e-07 1.94268586e-07 1.02513849e+00 -1.05978349e-02 2.58640874e-02 1.75197958e-02 -2.53629153e-03 -1.01367247e-02 1.05792453e+00 1.04525152e+00
5.4100 1.91147232e-07 -1.21199534e-08 1.02006404e-08 1.10659893e-08 -1.11545782e-09 -3.70589095e-09 2.00293908e-07 1.95472559e-07 1.02541507e+00 -1.01935843e-02 2.62559651e-02 1.74678453e-02 -2.31235704e-03 -9.05146644e-03 1.05894529e+00 1.04758147e+00
5.4200 1.91158270e-07 -1.18546203e-08 1.01025392e-08 1.09271065e-08 -1.12428230e-09 -3.24499384e-09 2.00333296e-07 1.95964019e-07 1.02546968e+00 -9.97056950e-03 2.60020409e-02 1.72473536e-02 -2.32485686e-03 -7.92358113e-03 1.05874851e+00 1.04850007e+00
5.4300 1.91135969e-07 -1.19760225e-08 9.73704643e-09 1.07118904e-08 -1.23130661e-09 -2.81505757e-09 1.99608883e-07 1.95562519e-07 1.02534623e+00 -1.00723021e-02 2.50611979e-02 1.69061912e-02 -2.54211230e-03 -6.87214423e-03 1.05724132e+00 1.04782706e+00
5.4400 1.91094317e-07 -1.24498074e-08 9.15001814e-09 1.05279517e-08 -1.39453046e-09 -2.44159409e-09 1.98322480e-07 1.94486355e-07 1.02512025e+00 -1.04702978e-02 2.35512071e-02 1.66141043e-02 -2.87849443e-03 -5.95951538e-03 1.05481526e+00 1.04597725e+00
5.4500 1.91049117e-07 -1.30248231e-08 8.44967532e-09 1.05465554e-08 -1.56744967e-09 -2.12295389e-09 1.97020525e-07 1.93330121e-07 1.02487684e+00 -1.09537028e-02 2.17501086e-02 1.66413508e-02 -3.23834077e-03 -5.18154584e-03 1.05231460e+00 1.04389471e+00
5.4600 1.91014049e-07 -1.33073586e-08 7.78685236e-09 1.09562050e-08 -1.71867003e-09 -1.83566779e-09 1.96449748e-07 1.92895410e-07 1.02468951e+00 -1.11915888e-02 2.00455669e-02 1.72855285e-02 -3.55641206e-03 -4.48063886e-03 1.05082901e+00 1.04279196e+00
5.4700 1.90997804e-07 -1.28956948e-08 7.31774520e-09 1.18972991e-08 -1.84149157e-09 -1.54673550e-09 1.97317154e-07 1.93928926e-07 1.02460468e+00 -1.08460324e-02 1.88391585e-02 1.87684845e-02 -3.81782686e-03 -3.77582444e-03 1.05136629e+00 1.04377264e+00
5.4800 1.91002751e-07 -1.15255713e-08 7.15838658e-09 1.34002280e-08 -1.94966420e-09 -1.22814686e-09 2.00035795e-07 1.96857984e-07 1.02463467e+00 -9.69446595e-03 1.84292900e-02 2.11385811e-02 -4.04956486e-03 -2.99831416e-03 1.05450808e+00 1.04746020e+00
5.4900 1.91025168e-07 -9.17265103e-09 7.34422722e-09 1.53502680e-08 -2.06145003e-09 -8.68383897e-10 2.04547012e-07 2.01617178e-07 1.02475894e+00 -7.71595307e-03 1.89071674e-02 2.42151860e-02 -4.28786073e-03 -2.11968003e-03 1.06016534e+00 1.05375780e+00
5.5000 1.91056682e-07 -6.07402506e-09 7.80829945e-09 1.74953628e-08 -2.17920323e-09 -4.77049979e-10 2.10286319e-07 2.07630066e-07 1.02493202e+00 -5.10943372e-03 2.01005224e-02 2.76008128e-02 -4.53629744e-03 -1.16322033e-03 1.06752392e+00 1.06182440e+00
5.5100 1.91086393e-07 -2.66106728e-09 8.38705192e-09 1.94994644e-08 -2.27390967e-09 -8.15174140e-11 2.16311842e-07 2.13956415e-07 1.02509498e+00 -2.23741767e-03 2.15885369e-02 3.07651732e-02 -4.73404775e-03 -1.95792218e-04 1.07521127e+00 1.07028143e+00
5.5200 1.91103140e-07 5.71102796e-10 8.85514736e-09 2.10288563e-08 -2.28262412e-09 2.82512487e-10 2.21558246e-07 2.19558135e-07 1.02518767e+00 4.83686469e-04 2.27913384e-02 3.31813391e-02 -4.75064634e-03 6.95258192e-04 1.08164403e+00 1.07758864e+00
5.5300 1.91097493e-07 3.20922537e-09 8.98162210e-09 2.18469270e-08 -2.12202465e-09 5.82538598e-10 2.25135268e-07 2.23595782e-07 1.02515941e+00 2.70600571e-03 2.31145351e-02 3.44753325e-02 -4.41396796e-03 1.43028742e-03 1.08545528e+00 1.08247160e+00
5.5400 1.91063224e-07 5.02976777e-09 8.59263936e-09 2.18883704e-08 -1.71510296e-09 7.98447140e-10 2.26574002e-07 2.25657346e-07 1.02497681e+00 4.24099914e-03 2.21107804e-02 3.45433406e-02 -3.56529630e-03 1.95982708e-03 1.08587193e+00 1.08426646e+00
5.5500 1.90998145e-07 6.03185233e-09 7.62303907e-09 2.12885415e-08 -1.02261384e-09 9.26254998e-10 2.25941578e-07 2.25845220e-07 1.02462821e+00 5.08730501e-03 1.96125312e-02 3.35982244e-02 -2.12422103e-03 2.27375150e-03 1.08292627e+00 1.08307580e+00
5.5600 1.90904297e-07 6.38753386e-09 6.14117512e-09 2.03564280e-08 -6.83276143e-11 9.75786655e-10 2.23789434e-07 2.24696893e-07 1.02412457e+00 5.38910304e-03 1.57960364e-02 3.21270628e-02 -1.40750359e-04 2.39562349e-03 1.07743677e+00 1.07969164e+00
5.5700 1.90787485e-07 6.33361922e-09 4.33864990e-09 1.94965198e-08 1.05163112e-09 9.64230815e-10 2.20956274e-07 2.22972136e-07 1.02349699e+00 5.34527916e-03 1.11549169e-02 3.07680062e-02 2.18544009e-03 2.36698624e-03 1.07076519e+00 1.07531762e+00
5.5800 1.90656220e-07 6.05123889e-09 2.48646713e-09 1.91004771e-08 2.18036884e-09 9.09106528e-10 2.18294403e-07 2.21383878e-07 1.02279105e+00 5.10820741e-03 6.38723177e-03 3.01393826e-02 4.52899994e-03 2.23023925e-03 1.06442587e+00 1.07118511e+00
5.5900 1.90520152e-07 5.58310890e-09 8.68855838e-10 1.94390039e-08 3.13114037e-09 8.24118095e-10 2.16411120e-07 2.20366379e-07 1.02205848e+00 4.71412692e-03 2.22500469e-03 3.06690153e-02 6.50287824e-03 2.01860349e-03 1.05966663e+00 1.06818811e+00
5.6000 1.90388210e-07 4.82255641e-09 -2.87394234e-10 2.05847434e-08 3.72972828e-09 7.19735956e-10 2.15508115e-07 2.19957580e-07 1.02134731e+00 4.07378375e-03 -7.47826812e-04 3.24723994e-02 7.74603394e-03 1.75765110e-03 1.05714566e+00 1.06664935e+00
5.6100 1.90266783e-07 3.57916454e-09 -8.68824015e-10 2.23882411e-08 3.85655749e-09 6.07829179e-10 2.15365365e-07 2.19829751e-07 1.02069212e+00 3.02746469e-03 -2.23940308e-03 3.53145674e-02 8.01063830e-03 1.47672002e-03 1.05679475e+00 1.06628211e+00
5.6200 1.90158351e-07 1.69467698e-09 -9.01340970e-10 2.45138248e-08 3.47663604e-09 5.07405124e-10 2.15465512e-07 2.19449553e-07 1.02010676e+00 1.44231339e-03 -2.31699925e-03 3.86665047e-02 7.22411864e-03 1.22297785e-03 1.05789858e+00 1.06634568e+00
5.6300 1.90060970e-07 -8.38318129e-10 -5.39819262e-10 2.65252871e-08 2.64892137e-09 4.47526959e-10 2.15208120e-07 2.18304568e-07 1.01958146e+00 -6.87948546e-04 -1.38018079e-03 4.18402130e-02 5.50862435e-03 1.06849776e-03 1.05935354e+00 1.06593067e+00
5.6400 1.89968850e-07 -3.80522515e-09 -2.49310511e-11 2.79975815e-08 1.51271950e-09 4.64315756e-10 2.14136275e-07 2.16113310e-07 1.01908578e+00 -3.18316651e-03 -4.95041871e-05 4.41649150e-02 3.15291610e-03 1.10277441e-03 1.06001802e+00 1.06427371e+00
5.6500 1.89873982e-07 -6.77940435e-09 3.80188461e-10 2.86242161e-08 2.55279559e-10 5.91380853e-10 2.12098983e-07 2.12945643e-07 1.01857713e+00 -5.68502794e-03 9.96753310e-04 4.51565706e-02 5.45253907e-04 1.40909576e-03 1.05904543e+00 1.06099978e+00
5.6600 1.89768457e-07 -9.21686985e-09 4.55796749e-10 2.82922064e-08 -9.30193561e-10 8.46136561e-10 2.09299590e-07 2.09215533e-07 1.01801309e+00 -7.73653568e-03 1.19234582e-03 4.46362811e-02 -1.91363908e-03 2.03083062e-03 1.05610518e+00 1.05622237e+00
5.6700 1.89646821e-07 -1.06072775e-08 7.64526920e-11 2.71062557e-08 -1.88478304e-09 1.21696833e-09 2.06222252e-07 2.05554438e-07 1.01736396e+00 -8.90881215e-03 2.14258906e-04 4.27686133e-02 -3.89406948e-03 2.93983480e-03 1.05143802e+00 1.05048379e+00
5.6800 1.89507768e-07 -1.06306649e-08 -7.65379859e-10 2.53580669e-08 -2.51233487e-09 1.65696272e-09 2.03469790e-07 2.02614418e-07 1.01662189e+00 -8.93278935e-03 -1.95650363e-03 4.00133321e-02 -5.19651422e-03 4.02101409e-03 1.04574593e+00 1.04457043e+00
5.6900 1.89354534e-07 -9.26554094e-09 -1.96710029e-09 2.34511246e-08 -2.79019907e-09 2.08838633e-09 2.01573018e-07 2.00871205e-07 1.01580321e+00 -7.79007308e-03 -5.05502702e-03 3.70068143e-02 -5.77399213e-03 5.08331989e-03 1.03996493e+00 1.03927426e+00
5.7000 1.89193798e-07 -6.80974723e-09 -3.35031240e-09 2.18020096e-08 -2.76165018e-09 2.41863734e-09 2.00835748e-07 2.00492735e-07 1.01494278e+00 -5.73055050e-03 -8.62110480e-03 3.44063587e-02 -5.71639476e-03 5.89895012e-03 1.03499748e+00 1.03518004e+00
5.7100 1.89033299e-07 -3.80521998e-09 -4.71012451e-09 2.07437857e-08 -2.51437344e-09 2.56415061e-09 2.01261740e-07 2.01311517e-07 1.01408148e+00 -3.20925943e-03 -1.21264113e-02 3.27376914e-02 -5.20583703e-03 6.26210864e-03 1.03148350e+00 1.03253977e+00
5.7200 1.88878904e-07 -8.90525158e-10 -5.86486797e-09 2.04546566e-08 -2.15254814e-09 2.47527543e-09 2.02578168e-07 2.02900895e-07 1.01325070e+00 -7.62552303e-04 -1.51027196e-02 3.22822948e-02 -4.45864668e-03 6.05017649e-03 1.02966773e+00 1.03125925e+00
5.7300 1.88732070e-07 1.37095649e-09 -6.69319382e-09 2.09272136e-08 -1.77066325e-09 2.15386570e-09 2.04337046e-07 2.04720249e-07 1.01245876e+00 1.13623634e-03 -1.72375303e-02 3.30287664e-02 -3.67090292e-03 5.26700503e-03 1.02938623e+00 1.03098234e+00
5.7400 1.88588641e-07 2.63243584e-09 -7.15059825e-09 2.19827313e-08 -1.43541534e-09 1.65691841e-09 2.06053210e-07 2.06274713e-07 1.01168438e+00 2.19561383e-03 -1.84166072e-02 3.46952767e-02 -2.98075765e-03 4.05195737e-03 1.03015866e+00 1.03122986e+00
5.7500 1.88439561e-07 2.83217330e-09 -7.26425199e-09 2.33240793e-08 -1.17872759e-09 1.08374306e-09 2.07331562e-07 2.07236577e-07 1.01088023e+00 2.36349398e-03 -1.87105289e-02 3.68129985e-02 -2.45390572e-03 2.64850189e-03 1.03134619e+00 1.03154079e+00
5.7600 1.88273474e-07 2.17279823e-09 -7.11134379e-09 2.46124317e-08 -1.00130878e-09 5.49552717e-10 2.07947360e-07 2.07495604e-07 1.00998657e+00 1.80988293e-03 -1.83187100e-02 3.88471435e-02 -2.09103617e-03 1.33943620e-03 1.03232489e+00 1.03157329e+00
5.7700 1.88080569e-07 1.02589022e-09 -6.79012239e-09 2.55486847e-08 -8.83374357e-10 1.53194570e-10 2.07865021e-07 2.07134842e-07 1.00895156e+00 8.46767520e-04 -1.74946035e-02 4.03254749e-02 -1.85025183e-03 3.67673474e-04 1.03262920e+00 1.03114662e+00
5.7800 1.87856520e-07 -1.99975067e-10 -6.39347218e-09 2.59407626e-08 -7.97879787e-10 -5.07677650e-11 2.07203835e-07 2.06355187e-07 1.00775213e+00 -1.82710031e-04 -1.64774776e-02 4.09445906e-02 -1.67476087e-03 -1.32347170e-04 1.03203654e+00 1.03022943e+00
5.7900 1.87605239e-07 -1.18059033e-09 -5.99235652e-09 2.57422820e-08 -7.21972149e-10 -6.62758853e-11 2.06174574e-07 2.05386326e-07 1.00640876e+00 -1.00620382e-03 -1.54497066e-02 4.06310256e-02 -1.51685349e-03 -1.69683243e-04 1.03058387e+00 1.02889734e+00
5.8000 1.87339403e-07 -1.74803365e-09 -5.63196286e-09 2.50551025e-08 -6.43917998e-10 4.89164979e-11 2.05014509e-07 2.04419507e-07 1.00498836e+00 -1.48259394e-03 -1.45268962e-02 3.95453606e-02 -1.35239558e-03 1.14484419e-04 1.02852423e+00 1.02728632e+00
5.8100 1.87078331e-07 -1.89567600e-09 -5.33856821e-09 2.40965462e-08 -5.64772970e-10 2.05939029e-10 2.03940633e-07 2.03581799e-07 1.00359324e+00 -1.60621734e-03 -1.37757311e-02 3.80305554e-02 -1.18426517e-03 5.02410890e-04 1.02624184e+00 1.02555999e+00
5.8200 1.86843600e-07 -1.72469963e-09 -5.13163443e-09 2.31398956e-08 -4.95775498e-10 3.18466646e-10 2.03127161e-07 2.02949852e-07 1.00233787e+00 -1.46196683e-03 -1.32453616e-02 3.65180750e-02 -1.03676856e-03 7.82296448e-04 1.02414862e+00 1.02389415e+00
5.8300 1.86653496e-07 -1.36112000e-09 -5.03448460e-09 2.24426718e-08 -4.53377311e-10 3.36295101e-10 2.02700563e-07 2.02583481e-07 1.00131955e+00 -1.15560989e-03 -1.29951456e-02 3.54146902e-02 -9.45054881e-04 8.30646667e-04 1.02258348e+00 1.02246907e+00
5.8400 1.86517870e-07 -8.80312167e-10 -5.07827236e-09 2.21799942e-08 -4.53852740e-10 2.67326524e-10 2.02739279e-07 2.02552753e-07 1.00059093e+00 -7.50408376e-04 -1.31050619e-02 3.49972513e-02 -9.43644839e-04 6.66265662e-04 1.02173271e+00 1.02145533e+00
5.8500 1.86434923e-07 -2.69358061e-10 -5.29714720e-09 2.23993117e-08 -5.08797789e-10 1.79870959e-10 2.03267729e-07 2.02938802e-07 1.00014290e+00 -2.35505253e-04 -1.36633456e-02 3.53411534e-02 -1.05688634e-03 4.56015258e-04 1.02158520e+00 1.02098433e+00
5.8600 1.86390994e-07 5.60317383e-10 -5.71628553e-09 2.30079738e-08 -6.21981570e-10 1.83430826e-10 2.04243000e-07 2.03804449e-07 9.99903299e-01 4.63450219e-04 -1.47356217e-02 3.63006065e-02 -1.29236380e-03 4.67820349e-04 1.02193173e+00 1.02110719e+00
5.8700 1.86363567e-07 1.71900685e-09 -6.33743852e-09 2.37972638e-08 -7.87384832e-10 3.93244203e-10 2.05542399e-07 2.05148259e-07 9.99752715e-01 1.43899142e-03 -1.63275252e-02 3.75464508e-02 -1.63693617e-03 9.83833118e-04 1.02241063e+00 1.02175753e+00
5.8800 1.86326799e-07 3.26901360e-09 -7.12783590e-09 2.44973059e-08 -9.88106522e-10 8.89476645e-10 2.06965282e-07 2.06866652e-07 9.99553825e-01 2.74329230e-03 -1.83558829e-02 3.86527256e-02 -2.05470410e-03 2.20043985e-03 1.02259396e+00 1.02273970e+00
5.8900 1.86258108e-07 5.17019650e-09 -8.01734071e-09 2.48488983e-08 -1.19612240e-09 1.68417012e-09 2.08259862e-07 2.08747910e-07 9.99186387e-01 4.34245325e-03 -2.06411241e-02 3.92100057e-02 -2.48679343e-03 4.14724334e-03 1.02209772e+00 1.02375817e+00
5.9000 1.86144020e-07 7.26463892e-09 -8.90607175e-09 2.46731698e-08 -1.37338293e-09 2.70706967e-09 2.09175757e-07 2.10509444e-07 9.98578352e-01 6.10366391e-03 -2.29266878e-02 3.89353745e-02 -2.85387165e-03 6.65228848e-03 1.02069070e+00 1.02448912e+00
5.9100 1.85983621e-07 9.30794398e-09 -9.68126409e-09 2.39197474e-08 -1.47507264e-09 3.81581562e-09 2.09530048e-07 2.11870791e-07 9.97724349e-01 7.82153470e-03 -2.49223143e-02 3.77485570e-02 -3.06302621e-03 9.36699489e-03 1.01837213e+00 1.02467610e+00
5.9200 1.85788646e-07 1.10359045e-08 -1.02391016e-08 2.26794025e-08 -1.45570937e-09 4.82847667e-09 2.09264851e-07 2.12637618e-07 9.96686278e-01 9.27413142e-03 -2.63602610e-02 3.57920468e-02 -3.02037883e-03 1.18458444e-02 1.01539219e+00 1.02421766e+00
5.9300 1.85580166e-07 1.22416112e-08 -1.05056214e-08 2.11568482e-08 -1.27803395e-09 5.56939981e-09 2.08473004e-07 2.12764370e-07 9.95575796e-01 1.02877523e-02 -2.70492476e-02 3.33883618e-02 -2.64935228e-03 1.36587115e-02 1.01220266e+00 1.02321202e+00
5.9400 1.85382800e-07 1.28345930e-08 -1.04510486e-08 1.96109420e-08 -9.23492682e-10 5.91510663e-09 2.07377286e-07 2.12368900e-07 9.94523596e-01 1.07865802e-02 -2.69115726e-02 3.09458298e-02 -1.91216858e-03 1.45033120e-02 1.00934443e+00 1.02193558e+00
5.9500 1.85218066e-07 1.28612597e-08 -1.00939205e-08 1.82795934e-08 -4.01941915e-10 5.82682554e-09 2.06264999e-07 2.11689882e-07 9.93644112e-01 1.08097997e-02 -2.59939761e-02 2.88401597e-02 -8.29745179e-04 1.42849000e-02 1.00730010e+00 1.02075525e+00
5.9600 1.85098754e-07 1.24812661e-08 -9.49440016e-09 1.73119219e-08 2.42499602e-10 5.36024771e-09 2.05397542e-07 2.11000289e-07 9.93005508e-01 1.04916765e-02 -2.44506435e-02 2.73073508e-02 5.06312007e-04 1.31401433e-02 1.00635389e+00 1.02000035e+00
5.9700 1.85025830e-07 1.19111087e-08 -8.73924702e-09 1.67286627e-08 9.32346220e-10 4.64994253e-09 2.04926355e-07 2.10508644e-07 9.92613197e-01 1.00141228e-02 -2.25046568e-02 2.63810747e-02 1.93558225e-03 1.13988967e-02 1.00650374e+00 1.01983822e+00
5.9800 1.84988700e-07 1.13577131e-08 -7.92305150e-09 1.64235194e-08 1.56606130e-09 3.87338755e-09 2.04846881e-07 2.10286330e-07 9.92411154e-01 9.55088701e-03 -2.03997224e-02 2.58946006e-02 3.24804218e-03 9.49602460e-03 1.00745692e+00 1.02020099e+00
5.9900 1.84968645e-07 1.09667309e-08 -7.13093176e-09 1.62054046e-08 2.03538152e-09 3.20540671e-09 2.05009849e-07 2.10250637e-07 9.92300141e-01 9.22414522e-03 -1.83555547e-02 2.55472196e-02 4.21980559e-03 7.85973618e-03 1.00871595e+00 1.02079549e+00
6.0000 1.84944373e-07 1.08024362e-08 -6.42685711e-09 1.58682092e-08 2.24780728e-09 2.77620095e-09 2.05188161e-07 2.10212169e-07 9.92167197e-01 9.08767837e-03 -1.65376600e-02 2.50141528e-02 4.65956309e-03 6.80875520e-03 1.00973137e+00 1.02119969e+00
6.0100 1.84898041e-07 1.08620897e-08 -5.84955282e-09 1.52652865e-08 2.14935987e-09 2.64446449e-09 2.05175864e-07 2.09969688e-07 9.91917649e-01 9.13902322e-03 -1.50465933e-02 2.40639898e-02 4.45562721e-03 6.48649401e-03 1.01007407e+00 1.02101619e+00
6.0200 1.84820025e-07 1.11133593e-08 -5.41535634e-09 1.43635743e-08 1.74173543e-09 2.79198505e-09 2.04881603e-07 2.09415323e-07 9.91500468e-01 9.35098066e-03 -1.39251172e-02 2.26441169e-02 3.61145256e-03 6.84790569e-03 1.00957045e+00 1.02002981e+00
6.0300 1.84711125e-07 1.15346560e-08 -5.12531101e-09 1.32583377e-08 1.08857373e-09 3.13935184e-09 2.04378807e-07 2.08606733e-07 9.90919974e-01 9.70553181e-03 -1.31763222e-02 2.09041140e-02 2.25868582e-03 7.69807592e-03 1.00835330e+00 1.01831006e+00
6.0400 1.84581663e-07 1.21384310e-08 -4.97285305e-09 1.21422588e-08 3.07758856e-10 3.57613275e-09 2.03889500e-07 2.07773391e-07 9.90231064e-01 1.02133803e-02 -1.27833550e-02 1.91471832e-02 6.41326197e-04 8.76626215e-03 1.00680827e+00 1.01621586e+00
6.0500 1.84447884e-07 1.29662007e-08 -4.94889498e-09 1.12380175e-08 -4.49959380e-10 3.99506851e-09 2.03703207e-07 2.07248316e-07 9.89519997e-01 1.09096859e-02 -1.27225357e-02 1.77239771e-02 -9.28453139e-04 9.78974061e-03 1.00543112e+00 1.01429241e+00
6.0600 1.84326784e-07 1.40574557e-08 -5.04267739e-09 1.07164825e-08 -1.03203910e-09 4.31953770e-09 2.04058045e-07 2.07345543e-07 9.88876908e-01 1.18278261e-02 -1.29656557e-02 1.69036655e-02 -2.13461247e-03 1.05811097e-02 1.00464274e+00 1.01308924e+00
6.0700 1.84230961e-07 1.54069545e-08 -5.23881664e-09 1.06286015e-08 -1.31795438e-09 4.51667304e-09 2.05027700e-07 2.08226419e-07 9.88368408e-01 1.29634073e-02 -1.34725249e-02 1.67665274e-02 -2.72728609e-03 1.10603717e-02 1.00462582e+00 1.01295890e+00
6.0800 1.84164988e-07 1.69309992e-08 -5.51274229e-09 1.08757003e-08 -1.24745638e-09 4.59385995e-09 2.06458945e-07 2.09805349e-07 9.88018345e-01 1.42458725e-02 -1.41793749e-02 1.71570397e-02 -2.58139703e-03 1.12462449e-02 1.00524188e+00 1.01390673e+00
6.0900 1.84124336e-07 1.84605541e-08 -5.82754554e-09 1.12308690e-08 -8.35873376e-10 4.58206902e-09 2.07988213e-07 2.11734409e-07 9.87802123e-01 1.55327396e-02 -1.49908579e-02 1.77174984e-02 -1.72845909e-03 1.12151884e-02 1.00606150e+00 1.01554823e+00
6.1000 1.84097067e-07 1.97685709e-08 -6.13485198e-09 1.14071777e-08 -1.72017410e-10 4.51367234e-09 2.09137963e-07 2.13479618e-07 9.87655835e-01 1.66326644e-02 -1.57823438e-02 1.79954985e-02 -3.52343982e-04 1.10469189e-02 1.00650165e+00 1.01719623e+00
6.1100 1.84067729e-07 2.06248860e-08 -6.38083832e-09 1.11521543e-08 6.01347192e-10 4.40375747e-09 2.09463931e-07 2.14469036e-07 9.87497057e-01 1.73517277e-02 -1.64153908e-02 1.75928783e-02 1.25111709e-03 1.07785393e-02 1.00602627e+00 1.01805593e+00
6.1200 1.84022224e-07 2.08602628e-08 -6.51647813e-09 1.03378690e-08 1.31990377e-09 4.24215261e-09 2.08703878e-07 2.14265934e-07 9.87250814e-01 1.75474206e-02 -1.67640494e-02 1.63078004e-02 2.74125284e-03 1.03849752e-02 1.00434199e+00 1.01746821e+00
6.1300 1.83952177e-07 2.04164279e-08 -6.50926793e-09 9.01577121e-09 1.83496116e-09 3.99913217e-09 2.06875108e-07 2.12709202e-07 9.86872872e-01 1.71708169e-02 -1.67449480e-02 1.42213027e-02 3.80963178e-03 9.79300109e-03 1.00152004e+00 1.01512268e+00
6.1400 1.83857545e-07 1.93633159e-08 -6.35273573e-09 7.41560435e-09 2.04595799e-09 3.64258671e-09 2.04283730e-07 2.09972275e-07 9.86363551e-01 1.62811052e-02 -1.63416744e-02 1.16956807e-02 4.24750253e-03 8.92341001e-03 9.97998662e-01 1.01116957e+00
6.1500 1.83746718e-07 1.78766059e-08 -6.07035315e-09 5.88525790e-09 1.92010709e-09 3.16008670e-09 2.01438229e-07 2.06518423e-07 9.85768181e-01 1.50266435e-02 -1.56147819e-02 9.27970618e-03 3.98660358e-03 7.74520114e-03 9.94459748e-01 1.00619155e+00
6.1600 1.83634160e-07 1.61833754e-08 -5.71200438e-09 4.78774270e-09 1.49457671e-09 2.57720360e-09 1.98893273e-07 2.02965054e-07 9.85164420e-01 1.35991252e-02 -1.46926807e-02 7.54617033e-03 3.10377305e-03 6.32058719e-03 9.91617035e-01 1.00104140e+00
6.1700 1.83536331e-07 1.44955520e-08 -5.34343120e-09 4.38623437e-09 8.61481884e-10 1.96435979e-09 1.97074686e-07 1.99900528e-07 9.84640441e-01 1.21774363e-02 -1.37444930e-02 6.91053585e-03 1.78990192e-03 4.82185562e-03 9.89983920e-01 9.96595678e-01
6.1800 1.83467137e-07 1.29551260e-08 -5.03132216e-09 4.75332419e-09 1.40689364e-10 1.42806902e-09 1.96144265e-07 1.97713023e-07 9.84270582e-01 1.08814045e-02 -1.29417271e-02 7.48770639e-03 2.93587255e-04 3.50992598e-03 9.89697966e-01 9.93501479e-01
6.1900 1.83434218e-07 1.16101326e-08 -4.82818210e-09 5.73427750e-09 -5.51397317e-10 1.08754544e-09 1.95950446e-07 1.96486594e-07 9.84095596e-01 9.75147723e-03 -1.24193940e-02 9.03394737e-03 -1.14358985e-03 2.67699936e-03 9.90461627e-01 9.91995036e-01
6.2000 1.83437141e-07 1.04281553e-08 -4.76128358e-09 6.97800935e-09 -1.12824935e-09 1.04266213e-09 1.96082022e-07 1.95996434e-07 9.84113017e-01 8.76004684e-03 -1.22476197e-02 1.09956307e-02 -2.34186644e-03 2.56797156e-03 9.91621075e-01 9.91847180e-01
6.2100 1.83467917e-07 9.33938344e-09 -4.82877518e-09 8.02864502e-09 -1.54800106e-09 1.34252757e-09 1.96007170e-07 1.95801697e-07 9.84280016e-01 7.84773952e-03 -1.24216519e-02 1.26535998e-02 -3.21403187e-03 3.30334661e-03 9.92359703e-01 9.92449018e-01
6.2200 1.83513605e-07 8.28987226e-09 -5.00377835e-09 8.45154789e-09 -1.81376444e-09 1.96444947e-09 1.95251247e-07 1.95401932e-07 9.84527326e-01 6.96837600e-03 -1.28723994e-02 1.33219847e-02 -3.76616907e-03 4.82761752e-03 9.91945287e-01 9.93006735e-01
6.2300 1.83560115e-07 7.28208027e-09 -5.24477476e-09 7.95663828e-09 -1.96123343e-09 2.81055555e-09 1.93554058e-07 1.94403381e-07 9.84779605e-01 6.12328008e-03 -1.34931396e-02 1.25428254e-02 -4.07204277e-03 6.90094888e-03 9.89952571e-01 9.92781477e-01
6.2400 1.83596039e-07 6.38540251e-09 -5.50860843e-09 6.48224587e-09 -2.03909515e-09 3.72453558e-09 1.90955079e-07 1.92640520e-07 9.84975865e-01 5.37033850e-03 -1.41729468e-02 1.02184866e-02 -4.23255462e-03 9.14020864e-03 9.86391743e-01 9.91299397e-01
6.2500 1.83615357e-07 5.71202627e-09 -5.76167228e-09 4.21452126e-09 -2.08946988e-09 4.52524730e-09 1.87780232e-07 1.90216009e-07 9.85083853e-01 4.80382085e-03 -1.48254511e-02 6.64241736e-03 -4.33522103e-03 1.11013620e-02 9.81704640e-01 9.88470781e-01
6.2600 1.83618251e-07 5.36800178e-09 -5.98558628e-09 1.53685086e-09 -2.13479181e-09 5.04895717e-09 1.84537518e-07 1.87451683e-07 9.85104380e-01 4.51323887e-03 -1.54034326e-02 2.41943534e-03 -4.42695488e-03 1.23830455e-02 9.76633622e-01 9.84589712e-01
6.2700 1.83609918e-07 5.40012715e-09 -6.17567576e-09 -1.07533613e-09 -2.17462689e-09 5.18921775e-09 1.81759033e-07 1.84773624e-07 9.85064869e-01 4.53856281e-03 -1.58948994e-02 -1.70022491e-03 -4.50739631e-03 1.27243492e-02 9.72008308e-01 9.80225261e-01
6.2800 1.83597843e-07 5.76175887e-09 -6.33316290e-09 -3.18301646e-09 -2.19203208e-09 4.92364106e-09 1.79843422e-07 1.82575031e-07 9.85004812e-01 4.84126388e-03 -1.63029927e-02 -5.02364489e-03 -4.54198128e-03 1.20704660e-02 9.68519439e-01 9.76047923e-01
6.2900 1.83588530e-07 6.31383567e-09 -6.45431253e-09 -4.49776875e-09 -2.16563104e-09 4.32007775e-09 1.78950285e-07 1.81104732e-07 9.84958330e-01 5.30494243e-03 -1.66180552e-02 -7.09553381e-03 -4.48683982e-03 1.05878423e-02 9.66549683e-01 9.72650686e-01
6.3000 1.83584808e-07 6.86376828e-09 -6.52102051e-09 -4.94950845e-09 -2.08183827e-09 3.52008028e-09 1.78978047e-07 1.80416289e-07 9.84939850e-01 5.76784597e-03 -1.67934040e-02 -7.80525003e-03 -4.31401362e-03 8.62362832e-03 9.66109042e-01 9.70418657e-01
6.3100 1.83584623e-07 7.22964196e-09 -6.49703895e-09 -4.69034827e-09 -1.94217252e-09 2.70355476e-09 1.79626878e-07 1.80388260e-07 9.84937825e-01 6.07678156e-03 -1.67356048e-02 -7.39299654e-03 -4.02653962e-03 6.61900465e-03 9.66886006e-01 9.69478471e-01
6.3200 1.83581769e-07 7.30634451e-09 -6.33224571e-09 -4.03661815e-09 -1.76306124e-09 2.04354916e-09 1.80519249e-07 1.80799737e-07 9.84918744e-01 6.14278323e-03 -1.63154463e-02 -6.35835123e-03 -3.65804155e-03 4.99832791e-03 9.68387730e-01 9.69728016e-01
6.3300 1.83568323e-07 7.10811621e-09 -5.97463729e-09 -3.36907945e-09 -1.56891072e-09 1.66282026e-09 1.81332723e-07 1.81426632e-07 9.84840289e-01 5.97707377e-03 -1.53988010e-02 -5.30272586e-03 -3.25844639e-03 4.06264157e-03 9.70115836e-01 9.70920032e-01
6.3400 1.83538028e-07 6.76967886e-09 -5.38693750e-09 -3.02252668e-09 -1.38212027e-09 1.60343767e-09 1.81898243e-07 1.82119560e-07 9.84669436e-01 5.69226191e-03 -1.38893835e-02 -4.75499473e-03 -2.87343838e-03 3.91515433e-03 9.71717320e-01 9.72759036e-01
6.3500 1.83489483e-07 6.50286188e-09 -4.56279774e-09 -3.19724664e-09 -1.21496856e-09 1.81732356e-09 1.82232300e-07 1.82834655e-07 9.84399487e-01 5.46610656e-03 -1.17704835e-02 -5.03158223e-03 -2.52783114e-03 4.43804784e-03 9.73063528e-01 9.74973745e-01
6.3600 1.83428047e-07 6.52208325e-09 -3.53718962e-09 -3.91634642e-09 -1.06737805e-09 2.18018317e-09 1.82496594e-07 1.83609399e-07 9.84060143e-01 5.47900426e-03 -9.13177296e-03 -6.16896860e-03 -2.22111148e-03 5.32662912e-03 9.74238406e-01 9.77343923e-01
6.3700 1.83365710e-07 6.96402324e-09 -2.38694354e-09 -5.03788543e-09 -9.31833113e-10 2.52519672e-09 1.82904904e-07 1.84498267e-07 9.83716632e-01 5.84645614e-03 -6.17076012e-03 -7.94277446e-03 -1.93774729e-03 6.17192638e-03 9.75449554e-01 9.79683733e-01
6.3800 1.83318783e-07 7.82980937e-09 -1.22010183e-09 -6.31400218e-09 -8.03310282e-10 2.68771806e-09 1.83614488e-07 1.85498896e-07 9.83457187e-01 6.57031851e-03 -3.16544743e-03 -9.96113226e-03 -1.66778319e-03 6.57026491e-03 9.76900926e-01 9.81803408e-01
6.3900 1.83303942e-07 8.97077973e-09 -1.56022989e-10 -7.47595660e-09 -6.89424385e-10 2.54939903e-09 1.84642742e-07 1.86502717e-07 9.83371725e-01 7.52658905e-03 -4.23155265e-04 -1.17990682e-02 -1.42777216e-03 6.23143436e-03 9.78676091e-01 9.83479753e-01
6.4000 1.83333673e-07 1.01239514e-08 6.99007903e-10 -8.31795082e-09 -6.15302164e-10 2.07035610e-09 1.85838681e-07 1.87293735e-07 9.83527419e-01 8.49495180e-03 1.78226070e-03 -1.31310174e-02 -1.27068868e-03 5.05754577e-03 9.80673614e-01 9.84460471e-01
6.4100 1.83412423e-07 1.09860694e-08 1.27441106e-09 -8.75503125e-09 -6.19415011e-10 1.30114540e-09 1.86917872e-07 1.87599602e-07 9.83948083e-01 9.22080989e-03 3.26871007e-03 -1.38224220e-02 -1.27706222e-03 3.17239829e-03 9.82615181e-01 9.84510517e-01
6.4200 1.83534592e-07 1.13017600e-08 1.55023459e-09 -8.83993846e-09 -7.40209609e-10 3.71569628e-10 1.87546648e-07 1.87178008e-07 9.84603507e-01 9.48929458e-03 3.98435549e-03 -1.39564540e-02 -1.52706006e-03 8.94061489e-04 9.84120703e-01 9.83487704e-01
6.4300 1.83685044e-07 1.09366221e-08 1.56043485e-09 -8.73705108e-09 -9.97521005e-10 -5.40682787e-10 1.87445050e-07 1.85906846e-07 9.85412281e-01 9.18676054e-03 4.01614246e-03 -1.37928920e-02 -2.06183655e-03 -1.34197356e-03 9.84822292e-01 9.81418482e-01
6.4400 1.83842111e-07 9.91164290e-09 1.38371827e-09 -8.66432877e-09 -1.37575624e-09 -1.25343122e-09 1.86473144e-07 1.83843956e-07 9.86258009e-01 8.32989945e-03 3.56629707e-03 -1.36763581e-02 -2.84866870e-03 -3.08913976e-03 9.84477848e-01 9.78540039e-01
6.4500 1.83982400e-07 8.38897709e-09 1.12447273e-09 -8.82268334e-09 -1.81633629e-09 -1.62432767e-09 1.84673166e-07 1.81232502e-07 9.87015080e-01 7.05404499e-03 2.90327893e-03 -1.39246251e-02 -3.76539994e-03 -3.99843242e-03 9.83047779e-01 9.75283947e-01
6.4600 1.84086168e-07 6.61588197e-09 8.88857175e-10 -9.33436967e-09 -2.22440395e-09 -1.58495225e-09 1.82256538e-07 1.78447181e-07 9.87577499e-01 5.56630183e-03 2.30022971e-03 -1.47311427e-02 -4.61453872e-03 -3.90199250e-03 9.80712888e-01 9.72196356e-01
6.4700 1.84141907e-07 4.84743873e-09 7.62166568e-10 -1.02077314e-08 -2.49000994e-09 -1.15633558e-09 1.79543781e-07 1.75897436e-07 9.87883371e-01 4.08076767e-03 1.97667050e-03 -1.61092274e-02 -5.16739604e-03 -2.85118641e-03 9.77831582e-01 9.69812999e-01
6.4800 1.84148942e-07 3.27482032e-09 7.92903874e-10 -1.13367812e-08 -2.51851188e-09 -4.42468560e-10 1.76879885e-07 1.73918904e-07 9.87928755e-01 2.75829370e-03 2.05744968e-03 -1.78913559e-02 -5.22728498e-03 -1.10074856e-03 9.74853142e-01 9.68525109e-01
6.4900 1.84117393e-07 1.98240096e-09 9.86858240e-10 -1.25336031e-08 -2.26079771e-09 3.95969817e-10 1.74553049e-07 1.72688221e-07 9.87767416e-01 1.67035401e-03 2.55745869e-03 -1.97804041e-02 -4.69227315e-03 9.55557288e-04 9.72214825e-01 9.68478109e-01
6.5000 1.84065554e-07 9.45564388e-10 1.31161051e-09 -1.35825545e-08 -1.73286911e-09 1.18049812e-09 1.72740174e-07 1.72187803e-07 9.87496732e-01 7.97018872e-04 3.39321924e-03 -2.14353991e-02 -3.59577509e-03 2.88020396e-03 9.70251571e-01 9.69536000e-01
6.5100 1.84015381e-07 6.60840785e-11 1.70914593e-09 -1.43000764e-08 -1.01696582e-09 1.75622610e-09 1.71490535e-07 1.72229795e-07 9.87233596e-01 5.64607723e-05 4.41537648e-03 -2.25661602e-02 -2.10878673e-03 4.29334250e-03 9.69139273e-01 9.71323829e-01
6.5200 1.83987289e-07 -7.71059874e-10 2.11243010e-09 -1.45836228e-08 -2.42114739e-10 2.02542130e-09 1.70745036e-07 1.72528343e-07 9.87086640e-01 -6.47501386e-04 5.45142058e-03 -2.30107162e-02 -4.99411994e-04 4.95509988e-03 9.68879843e-01 9.73335531e-01
6.5300 1.83995568e-07 -1.64202368e-09 2.46134130e-09 -1.44373576e-08 4.51093733e-10 1.96535891e-09 1.70377528e-07 1.72793980e-07 9.87131848e-01 -1.37875509e-03 6.34675435e-03 -2.27759360e-02 9.40315504e-04 4.80939539e-03 9.69323911e-01 9.75073622e-01
6.5400 1.84045544e-07 -2.55012224e-09 2.71424152e-09 -1.39692826e-08 9.50973554e-10 1.62694179e-09 1.70240380e-07 1.72818296e-07 9.87397478e-01 -2.14035848e-03 6.99450737e-03 -2.20329222e-02 1.97844634e-03 3.98065295e-03 9.70218705e-01 9.76177804e-01
6.5500 1.84133090e-07 -3.42463909e-09 2.85328229e-09 -1.33622128e-08 1.20751104e-09 1.11565547e-09 1.70199521e-07 1.72522687e-07 9.87861578e-01 -2.87345233e-03 7.34917335e-03 -2.10710038e-02 2.51110569e-03 2.72722068e-03 9.71266296e-01 9.76504622e-01
6.5600 1.84246492e-07 -4.15060931e-09 2.88360628e-09 -1.28274515e-08 1.24642375e-09 5.60832910e-10 1.70152038e-07 1.71959294e-07 9.88461987e-01 -3.48212435e-03 7.42447846e-03 -2.02243676e-02 2.59163477e-03 1.36611256e-03 9.72179973e-01 9.76137721e-01
6.5700 1.84370042e-07 -4.61625277e-09 2.82823593e-09 -1.25536789e-08 1.15931765e-09 8.18165054e-11 1.70028347e-07 1.71269481e-07 9.89115527e-01 -3.87307696e-03 7.28010708e-03 -1.97911652e-02 2.41013509e-03 1.90094412e-04 9.72731392e-01 9.75331621e-01
6.5800 1.84488352e-07 -4.75881036e-09 2.72117234e-09 -1.26638402e-08 1.07257621e-09 -2.40173634e-10 1.69786874e-07 1.70619276e-07 9.89740937e-01 -3.99397446e-03 7.00381367e-03 -1.99653551e-02 2.22890166e-03 -6.01308649e-04 9.72785422e-01 9.74413015e-01
6.5900 1.84590237e-07 -4.59110734e-09 2.60095359e-09 -1.31899917e-08 1.10479704e-09 -3.77745693e-10 1.69410091e-07 1.70137143e-07 9.90279469e-01 -3.85565696e-03 6.69475269e-03 -2.07970374e-02 2.29411842e-03 -9.40409626e-04 9.72321527e-01 9.73675236e-01
6.6000 1.84671216e-07 -4.19928756e-09 2.50590412e-09 -1.40710812e-08 1.32661682e-09 -3.57602181e-10 1.68906752e-07 1.69875766e-07 9.90708049e-01 -3.53021290e-03 6.45123231e-03 -2.21891247e-02 2.75252268e-03 -8.92150857e-04 9.71439944e-01 9.73300315e-01
6.6100 1.84734087e-07 -3.71350014e-09 2.47105406e-09 -1.51728438e-08 1.73616613e-09 -2.46583850e-10 1.68318797e-07 1.69808379e-07 9.91042174e-01 -3.12640790e-03 6.36285379e-03 -2.39289976e-02 3.60049043e-03 -6.20037458e-04 9.70349622e-01 9.73330075e-01
6.6200 1.84787555e-07 -3.26350071e-09 2.52577584e-09 -1.63237595e-08 2.25829513e-09 -1.28310778e-10 1.67726071e-07 1.69856055e-07 9.91328522e-01 -2.75250403e-03 6.50457217e-03 -2.57455055e-02 4.68241082e-03 -3.28985114e-04 9.69335085e-01 9.73688510e-01
6.6300 1.84843428e-07 -2.93639978e-09 2.69096319e-09 -1.73574988e-08 2.76781260e-09 -7.73043505e-11 1.67240493e-07 1.69931001e-07 9.91629914e-01 -2.48091878e-03 6.92961541e-03 -2.73761136e-02 5.73884142e-03 -2.01922803e-04 9.68702497e-01 9.74239415e-01
6.6400 1.84913174e-07 -2.75237635e-09 2.97514220e-09 -1.81511785e-08 3.12898309e-09 -1.37577170e-10 1.66984761e-07 1.69976167e-07 9.92007057e-01 -2.32798048e-03 7.65963740e-03 -2.86272960e-02 6.48836288e-03 -3.47262800e-04 9.68711418e-01 9.74852518e-01
6.6500 1.85004809e-07 -2.66686086e-09 3.36999350e-09 -1.86502368e-08 3.23818392e-09 -3.10956058e-10 1.67057705e-07 1.69984933e-07 9.92502029e-01 -2.25589266e-03 8.67328512e-03 -2.94136557e-02 6.71598552e-03 -7.70153582e-04 9.69505765e-01 9.75451597e-01
6.6600 1.85120875e-07 -2.59741407e-09 3.84687536e-09 -1.88743939e-08 3.05576494e-09 -5.57468295e-10 1.67495942e-07 1.69994239e-07 9.93127666e-01 -2.19539268e-03 9.89723933e-03 -2.97670921e-02 6.33918863e-03 -1.37325886e-03 9.71062421e-01 9.76028350e-01
6.6700 1.85257978e-07 -2.46421559e-09 4.35651998e-09 -1.89041196e-08 2.61703615e-09 -8.06850319e-10 1.68246162e-07 1.70056348e-07 9.93865246e-01 -2.07977564e-03 1.12053191e-02 -2.98151775e-02 5.43072453e-03 -1.98480166e-03 9.73175612e-01 9.76621535e-01
6.6800 1.85407898e-07 -2.22815202e-09 4.83374889e-09 -1.88520532e-08 2.01953061e-09 -9.77509612e-10 1.69161442e-07 1.70203463e-07 9.94670518e-01 -1.87683031e-03 1.24304340e-02 -2.97358478e-02 4.19228379e-03 -2.40492436e-03 9.75488274e-01 9.77275633e-01
6.6900 1.85559893e-07 -1.91165274e-09 5.20777175e-09 -1.88276608e-08 1.39169517e-09 -9.97725644e-10 1.70028352e-07 1.70422321e-07 9.95485993e-01 -1.60622024e-03 1.33908939e-02 -2.97015502e-02 2.88969811e-03 -2.45761595e-03 9.77569117e-01 9.78001199e-01
6.7000 1.85703504e-07 -1.59407358e-09 5.41673305e-09 -1.89050488e-08 8.54159096e-10 -8.23774078e-10 1.70621114e-07 1.70651499e-07 9.96255913e-01 -1.33544281e-03 1.39277024e-02 -2.98285211e-02 1.77277347e-03 -2.03518598e-03 9.79019651e-01 9.78757239e-01
6.7100 1.85831108e-07 -1.38300526e-09 5.42328438e-09 -1.91027917e-08 4.86691269e-10 -4.50856258e-10 1.70768596e-07 1.70804431e-07 9.96939787e-01 -1.15555453e-03 1.39445887e-02 -3.01451487e-02 1.00689672e-03 -1.12517570e-03 9.79583673e-01 9.79465394e-01
6.7200 1.85939563e-07 -1.37184977e-09 5.22680418e-09 -1.93811118e-08 3.11321278e-10 8.52400200e-11 1.70413406e-07 1.70809967e-07 9.97521042e-01 -1.14538657e-03 1.34395256e-02 -3.05877769e-02 6.38094885e-04 1.85412610e-04 9.79227404e-01 9.80050911e-01
6.7300 1.86030537e-07 -1.59915744e-09 4.86801834e-09 -1.96566886e-08 2.95954583e-10 7.15530630e-10 1.69642709e-07 1.70654194e-07 9.98008732e-01 -1.33729877e-03 1.25167832e-02 -3.10243072e-02 6.00497699e-04 1.72807809e-03 9.78163909e-01 9.80492485e-01
6.7400 1.86109521e-07 -2.02480772e-09 4.42336208e-09 -1.98302147e-08 3.75456782e-10 1.35208355e-09 1.68677861e-07 1.70405401e-07 9.98432241e-01 -1.69716540e-03 1.13726168e-02 -3.12978211e-02 7.59929351e-04 3.28763999e-03 9.76809871e-01 9.80857441e-01
6.7500 1.86183858e-07 -2.53240980e-09 3.98915002e-09 -1.98180714e-08 4.81276068e-10 1.90567015e-09 1.67822526e-07 1.70209473e-07 9.98830744e-01 -2.12647565e-03 1.02546962e-02 -3.12765765e-02 9.75138654e-04 4.64546523e-03 9.75682388e-01 9.81302992e-01
6.7600 1.86260363e-07 -2.95838438e-09 3.65873906e-09 -1.95783464e-08 5.68260885e-10 2.30297384e-09 1.67382372e-07 1.70253606e-07 9.99240584e-01 -2.48692282e-03 9.40340975e-03 -3.08949534e-02 1.15319794e-03 5.62167927e-03 9.75262117e-01 9.82036994e-01
6.7700 1.86343240e-07 -3.13917170e-09 3.49840522e-09 -1.91232668e-08 6.29119516e-10 2.49993326e-09 1.67579206e-07 1.70708259e-07 9.99684168e-01 -2.64026333e-03 8.98974059e-03 -3.01728898e-02 1.27931998e-03 6.10795080e-03 9.75860755e-01 9.83248026e-01
6.7800 1.86432860e-07 -2.96190831e-09 3.52872146e-09 -1.85144637e-08 6.92115287e-10 2.48882087e-09 1.68485210e-07 1.71666146e-07 1.00016353e+00 -2.49108786e-03 9.06719288e-03 -2.92082183e-02 1.41200417e-03 6.08493768e-03 9.77531420e-01 9.85028362e-01
6.7900 1.86525775e-07 -2.40264441e-09 3.71731124e-09 -1.78429796e-08 8.04060074e-10 2.29800522e-09 1.69997462e-07 1.73099528e-07 1.00066036e+00 -2.01907716e-03 9.55293631e-03 -2.81449833e-02 1.64781046e-03 5.62178465e-03 9.80049240e-01 9.87318835e-01
6.8000 1.86615926e-07 -1.53998578e-09 3.98604170e-09 -1.72008282e-08 1.00602496e-09 1.98474963e-09 1.71861154e-07 1.74851928e-07 1.00114245e+00 -1.29052671e-03 1.02461261e-02 -2.71285238e-02 2.07113266e-03 4.85851682e-03 9.82969522e-01 9.89899172e-01
6.8100 1.86696725e-07 -5.39549929e-10 4.23170566e-09 -1.66535976e-08 1.31151156e-09 1.62264598e-09 1.73735283e-07 1.76669441e-07 1.00157470e+00 -4.45248558e-04 1.08810200e-02 -2.62622968e-02 2.70913266e-03 3.97524362e-03 9.85748175e-01 9.92432552e-01
6.8200 1.86763394e-07 3.86647298e-10 4.35515985e-09 -1.62231294e-08 1.69541110e-09 1.28620953e-09 1.75282072e-07 1.78263693e-07 1.00193160e+00 3.37685602e-04 1.12019826e-02 -2.55806648e-02 3.50904406e-03 3.15437887e-03 9.87890606e-01 9.94554029e-01
6.8300 1.86814866e-07 1.03450470e-09 4.29099416e-09 -1.58858134e-08 2.09763952e-09 1.03566003e-09 1.76254551e-07 1.79387851e-07 1.00220731e+00 8.85778865e-04 1.10399819e-02 -2.50463317e-02 4.34585165e-03 2.54331463e-03 9.89086736e-01 9.95975902e-01
6.8400 1.86854659e-07 1.26076888e-09 4.02908447e-09 -1.55866469e-08 2.43969286e-09 9.04906649e-10 1.76557866e-07 1.79902465e-07 1.00242033e+00 1.07780642e-03 1.03682787e-02 -2.45726100e-02 5.05667040e-03 2.22496879e-03 9.89293805e-01 9.96575444e-01
6.8500 1.86890410e-07 1.02021566e-09 3.62121052e-09 -1.52637367e-08 2.64770356e-09 8.95211271e-10 1.76268100e-07 1.79811015e-07 1.00261110e+00 8.75249640e-04 9.31968907e-03 -2.40620863e-02 5.48850808e-03 2.20228209e-03 9.88743949e-01 9.96434739e-01
6.8600 1.86932105e-07 3.77368166e-10 3.16991579e-09 -1.48742650e-08 2.67359883e-09 9.75958399e-10 1.75605124e-07 1.79254681e-07 1.00283262e+00 3.32263062e-04 8.15807412e-03 -2.34475160e-02 5.54202165e-03 2.40016078e-03 9.87875443e-01 9.95817626e-01
6.8700 1.86989457e-07 -5.09883195e-10 2.80187021e-09 -1.44123977e-08 2.50725749e-09 1.09254692e-09 1.74869046e-07 1.78468850e-07 1.00313662e+00 -4.18066991e-04 7.20981894e-03 -2.27199507e-02 5.19658458e-03 2.68488019e-03 9.87208417e-01 9.95089882e-01
6.8800 1.87069125e-07 -1.42996371e-09 2.63268985e-09 -1.39124427e-08 2.17642937e-09 1.17987827e-09 1.74359409e-07 1.77715716e-07 1.00355871e+00 -1.19714717e-03 6.77318113e-03 -2.19335879e-02 4.51000494e-03 2.89718035e-03 9.87201159e-01 9.94608344e-01
6.8900 1.87172562e-07 -2.16999310e-09 2.73302885e-09 -1.34358301e-08 1.73595212e-09 1.17857438e-09 1.74299768e-07 1.77214294e-07 1.00410701e+00 -1.82505365e-03 7.03080171e-03 -2.11851427e-02 3.59611367e-03 2.89200130e-03 9.88127620e-01 9.94615735e-01
6.9000 1.87295141e-07 -2.56743440e-09 3.10583137e-09 -1.30463774e-08 1.25154098e-09 1.05025938e-09 1.74787161e-07 1.77088961e-07 1.00475740e+00 -2.16414219e-03 7.99089611e-03 -2.05748189e-02 2.59117270e-03 2.57586106e-03 9.90009331e-01 9.95176364e-01
6.9100 1.87426888e-07 -2.54826354e-09 3.68176593e-09 -1.27827405e-08 7.84715516e-10 7.88245751e-10 1.75777650e-07 1.77350612e-07 1.00545732e+00 -2.15133297e-03 9.47528491e-03 -2.01629310e-02 1.62269652e-03 1.93291814e-03 9.92618337e-01 9.96173952e-01
6.9200 1.87554710e-07 -2.14269215e-09 4.33480328e-09 -1.26383045e-08 3.83910722e-10 4.20868666e-10 1.77108517e-07 1.77913296e-07 1.00613755e+00 -1.81149043e-03 1.11593849e-02 -1.99383347e-02 7.91115351e-04 1.03299540e-03 9.95547114e-01 9.97371225e-01
6.9300 1.87665573e-07 -1.47527058e-09 4.91408206e-09 -1.25564812e-08 8.33206701e-11 6.37052404e-12 1.78547903e-07 1.78637594e-07 1.00672904e+00 -1.24919927e-03 1.26542732e-02 -1.98111875e-02 1.67446925e-04 1.89184518e-05 9.98322927e-01 9.98509293e-01
6.9400 1.87749814e-07 -7.32529654e-10 5.28335871e-09 -1.24441467e-08 -9.28319740e-11 -3.79717816e-10 1.79856496e-07 1.79383947e-07 1.00718040e+00 -6.21574940e-04 1.36084112e-02 -1.96343014e-02 -1.97839123e-04 -9.24468113e-04 1.00053294e+00 9.99410632e-01
6.9500 1.87803682e-07 -1.16674399e-10 5.35694408e-09 -1.21995621e-08 -1.25384618e-10 -6.61834050e-10 1.80844390e-07 1.80057171e-07 1.00747147e+00 -9.92666652e-05 1.38004051e-02 -1.92472692e-02 -2.64693801e-04 -1.61255841e-03 1.00192534e+00 1.00004808e+00
6.9600 1.87830393e-07 2.03004420e-10 5.12187004e-09 -1.17457975e-08 5.40915344e-13 -7.82145148e-10 1.81409470e-07 1.80627866e-07 1.00761890e+00 1.74523046e-04 1.31963219e-02 -1.85291770e-02 -1.98759145e-06 -1.90438438e-03 1.00246057e+00 1.00055420e+00
6.9700 1.87839375e-07 1.29081900e-10 4.63992158e-09 -1.10583498e-08 2.89896789e-10 -7.14433434e-10 1.81550029e-07 1.81125492e-07 1.00767229e+00 1.16953538e-04 1.19550924e-02 -1.74420656e-02 6.00671331e-04 -1.73645600e-03 1.00230227e+00 1.00116649e+00
6.9800 1.87843876e-07 -3.43934815e-10 4.02899707e-09 -1.01772144e-08 7.27245262e-10 -4.70621597e-10 1.81351724e-07 1.81608348e-07 1.00770150e+00 -2.77413014e-04 1.03805659e-02 -1.60498020e-02 1.51115206e-03 -1.13855033e-03 1.00175485e+00 1.00212745e+00
6.9900 1.87857552e-07 -1.13274186e-09 3.42929522e-09 -9.19868492e-09 1.26655535e-09 -9.82724497e-11 1.80955421e-07 1.82123704e-07 1.00777860e+00 -9.39105552e-04 8.83435761e-03 -1.45049586e-02 2.63362505e-03 -2.27429928e-04 1.00116889e+00 1.00357509e+00
7.0000 1.87890962e-07 -2.08992076e-09 2.96425763e-09 -8.24895704e-09 1.82775373e-09 3.30321406e-10 1.80516342e-07 1.82674417e-07 1.00795935e+00 -1.74440679e-03 7.63508746e-03 -1.30070168e-02 3.80147475e-03 8.19954208e-04 1.00084302e+00 1.00546445e+00
