#Q I_ArAr I_ArO1 I_ArSi2 I_ArO2  I_ArSi1  I_ArH I_rest I_tot S_ArAr S_ArO1 S_ArSi2 S_ArO2 S_ArSi1 S_ArH S_rest S_total
1.0000 1.11353958e-07 -2.02131749e-07 -2.15497035e-07 -3.12459548e-07 -2.20275879e-08 1.17833556e-07 -6.18734374e-07 -5.22928407e-07 5.96881727e-01 -1.69877196e-01 -5.54598713e-01 -4.92657599e-01 -4.57269507e-02 2.88331940e-01 -6.20251782e-01 -3.77646793e-01
1.0100 1.11216734e-07 -1.60766921e-07 -2.46913231e-07 -3.72042709e-07 2.15845444e-08 1.52442167e-07 -6.68506127e-07 -4.94479415e-07 5.96189582e-01 -1.35092834e-01 -6.35435322e-01 -5.86611914e-01 4.46774286e-02 3.73031832e-01 -7.60950488e-01 -3.43241227e-01
1.0200 1.12884280e-07 -8.44938210e-08 -2.77334747e-07 -4.27545804e-07 7.15223912e-08 1.82542186e-07 -6.76490092e-07 -4.22425515e-07 6.05156882e-01 -7.10045374e-02 -7.13714131e-01 -6.74135955e-01 1.48176862e-01 4.46699871e-01 -8.53697742e-01 -2.58821009e-01
1.0300 1.17213688e-07 9.93620995e-09 -3.04605192e-07 -4.74191747e-07 1.19715887e-07 2.05606901e-07 -6.51647041e-07 -3.26324253e-07 6.28365296e-01 8.31812870e-03 -7.83889515e-01 -7.47698189e-01 2.48048508e-01 5.03152671e-01 -8.94904280e-01 -1.43703101e-01
1.0400 1.23980639e-07 1.07133296e-07 -3.27142739e-07 -5.10340127e-07 1.60486126e-07 2.21846483e-07 -6.06368932e-07 -2.24036323e-07 6.64607193e-01 8.99529403e-02 -8.41891002e-01 -8.04710463e-01 3.32526344e-01 5.42903391e-01 -8.92041332e-01 -1.66115963e-02
1.0500 1.31889243e-07 1.95878284e-07 -3.43298625e-07 -5.35771755e-07 1.91033166e-07 2.32833987e-07 -5.51302852e-07 -1.27435699e-07 7.06940331e-01 1.64482329e-01 -8.83472727e-01 -8.44823679e-01 3.95811070e-01 5.69799746e-01 -8.56873746e-01 1.08737070e-01
1.0600 1.38965929e-07 2.69039000e-07 -3.51134010e-07 -5.50077583e-07 2.10712806e-07 2.39974656e-07 -4.93206664e-07 -4.25192021e-08 7.44798135e-01 2.25920744e-01 -9.03640549e-01 -8.67388719e-01 4.36570801e-01 5.87278762e-01 -8.00310389e-01 2.23539175e-01
1.0700 1.43193860e-07 3.21606188e-07 -3.48775209e-07 -5.51955013e-07 2.19687969e-07 2.43499759e-07 -4.35930174e-07 2.72575536e-08 7.67386633e-01 2.70063503e-01 -8.97568068e-01 -8.70348318e-01 4.55146190e-01 5.95905196e-01 -7.30466249e-01 3.20585137e-01
1.0800 1.43169671e-07 3.48659430e-07 -3.35192054e-07 -5.39686150e-07 2.17755094e-07 2.42358985e-07 -3.83049104e-07 7.70649753e-08 7.67199747e-01 2.92778038e-01 -8.62601413e-01 -8.50992340e-01 4.51118515e-01 5.93108593e-01 -6.53615968e-01 3.90611139e-01
1.0900 1.38565858e-07 3.44893541e-07 -3.11010407e-07 -5.12472638e-07 2.03988766e-07 2.34960597e-07 -3.40023646e-07 9.89257170e-08 7.42493116e-01 2.89606980e-01 -8.00351245e-01 -8.08063027e-01 4.22573321e-01 5.74994606e-01 -5.76314175e-01 4.21253752e-01
1.1000 1.30254842e-07 3.06324635e-07 -2.78918417e-07 -4.71885466e-07 1.77402862e-07 2.20343147e-07 -3.14224406e-07 8.35216026e-08 6.97946166e-01 2.57202630e-01 -7.17738338e-01 -7.44040776e-01 3.67470307e-01 5.39212093e-01 -5.06630318e-01 4.00052082e-01
1.1100 1.20066395e-07 2.33469063e-07 -2.43377381e-07 -4.22620392e-07 1.38298101e-07 1.99196439e-07 -3.12462315e-07 2.50322252e-08 6.43361506e-01 1.95998439e-01 -6.26248663e-01 -6.66334379e-01 2.86435240e-01 4.87451096e-01 -4.53223097e-01 3.20663239e-01
1.1200 1.10268205e-07 1.34292233e-07 -2.09635915e-07 -3.72044115e-07 8.95887010e-08 1.74234971e-07 -3.37119592e-07 -7.32959207e-08 5.90882774e-01 1.12686521e-01 -5.39394958e-01 -5.86564253e-01 1.85508406e-01 4.26356246e-01 -4.22389916e-01 1.89474737e-01
1.1300 1.02941211e-07 2.50416882e-08 -1.82347943e-07 -3.28538879e-07 3.73416560e-08 1.49714842e-07 -3.82903923e-07 -1.95847425e-07 5.51650230e-01 2.09171052e-02 -4.69158636e-01 -5.17951103e-01 7.72615277e-02 3.66344268e-01 -4.14542404e-01 2.90633913e-02
1.1400 9.94431555e-08 -7.21769118e-08 -1.64282958e-07 -2.99181148e-07 -9.94892722e-09 1.30249448e-07 -4.36197862e-07 -3.15897341e-07 5.32929548e-01 -6.07385667e-02 -4.22669429e-01 -4.71654980e-01 -2.07061638e-02 3.18705711e-01 -4.22133427e-01 -1.24133880e-01
1.1500 1.00112834e-07 -1.34853282e-07 -1.55610526e-07 -2.87605049e-07 -4.33097663e-08 1.19371261e-07 -4.77956023e-07 -4.01894529e-07 5.36529918e-01 -1.13370269e-01 -4.00363476e-01 -4.53406195e-01 -8.98040786e-02 2.92085522e-01 -4.30610022e-01 -2.28328578e-01
1.1600 1.04282054e-07 -1.46919681e-07 -1.54039276e-07 -2.92875254e-07 -5.58787127e-08 1.18393459e-07 -4.89552156e-07 -4.27037410e-07 5.58869643e-01 -1.23481198e-01 -3.96341158e-01 -4.61728395e-01 -1.15817024e-01 2.89697439e-01 -4.22681109e-01 -2.48800693e-01
1.1700 1.10563286e-07 -1.04526222e-07 -1.55771877e-07 -3.09837238e-07 -4.52268795e-08 1.26010231e-07 -4.59572050e-07 -3.78788699e-07 5.92517256e-01 -8.78394019e-02 -4.00825479e-01 -4.88491439e-01 -9.37159662e-02 3.08345981e-01 -3.84639063e-01 -1.70009048e-01
1.1800 1.17301149e-07 -1.84159047e-08 -1.56927364e-07 -3.30866326e-07 -1.45199198e-08 1.38790013e-07 -3.88908446e-07 -2.64638353e-07 6.28609103e-01 -1.54723302e-02 -4.03823520e-01 -5.21669931e-01 -3.00634037e-02 3.39633407e-01 -3.12356679e-01 -2.78667510e-03
1.1900 1.23038823e-07 8.83307612e-08 -1.54903241e-07 -3.48413947e-07 2.80040257e-08 1.52377025e-07 -2.91947604e-07 -1.11566553e-07 6.59345965e-01 7.42285692e-02 -3.98632989e-01 -5.49358622e-01 5.80689657e-02 3.72899863e-01 -2.14417077e-01 2.16551751e-01
1.2000 1.26863435e-07 1.86753304e-07 -1.49173133e-07 -3.57451385e-07 7.11753244e-08 1.62955199e-07 -1.93007779e-07 4.11227444e-08 6.79841269e-01 1.56933126e-01 -3.83895941e-01 -5.63625975e-01 1.47536665e-01 3.98805591e-01 -1.10747520e-01 4.35594735e-01
1.2100 1.28548023e-07 2.50661288e-07 -1.41233205e-07 -3.56950222e-07 1.04005882e-07 1.68442253e-07 -1.18974115e-07 1.53474020e-07 6.88880035e-01 2.10639083e-01 -3.63461445e-01 -5.62848561e-01 2.15572487e-01 4.12252888e-01 -2.67908877e-02 6.01034487e-01
1.2200 1.28479945e-07 2.64581376e-07 -1.33738348e-07 -3.49896350e-07 1.18769141e-07 1.68997459e-07 -9.05733779e-08 1.97193222e-07 6.88534863e-01 2.22347787e-01 -3.44162663e-01 -5.51733137e-01 2.46167775e-01 4.13628808e-01 1.49868501e-02 6.74783434e-01
1.2300 1.27431349e-07 2.28271957e-07 -1.29180902e-07 -3.41872818e-07 1.13042529e-07 1.66693985e-07 -1.15350414e-07 1.64386100e-07 6.82936993e-01 1.91856209e-01 -3.32416211e-01 -5.39082083e-01 2.34303798e-01 4.08003746e-01 3.29490793e-03 6.45602452e-01
1.2400 1.26266281e-07 1.56246647e-07 -1.28640648e-07 -3.38762291e-07 9.00657593e-08 1.64519707e-07 -1.84890010e-07 6.96954566e-08 6.76708758e-01 1.31356218e-01 -3.31004650e-01 -5.34170753e-01 1.86693749e-01 4.02686908e-01 -5.71104264e-02 5.32270230e-01
1.2500 1.25682247e-07 7.24941275e-08 -1.31107789e-07 -3.44422641e-07 5.73497024e-08 1.65110057e-07 -2.77354056e-07 -5.48942967e-08 6.73581109e-01 6.09988576e-02 -3.37333391e-01 -5.43082545e-01 1.18900257e-01 4.04126069e-01 -1.45835970e-01 3.77190357e-01
1.2600 1.26055813e-07 2.25850631e-09 -1.33661356e-07 -3.59172991e-07 2.40615963e-08 1.69696064e-07 -3.64520027e-07 -1.70762367e-07 6.75568173e-01 1.98975945e-03 -3.43889019e-01 -5.66321868e-01 4.99178463e-02 4.15333811e-01 -2.32652955e-01 2.32598702e-01
1.2700 1.27415986e-07 -3.62610465e-08 -1.32457790e-07 -3.79607547e-07 -1.89822148e-09 1.77647214e-07 -4.20910396e-07 -2.45161404e-07 6.82825650e-01 -3.03829334e-02 -3.40782783e-01 -5.98520601e-01 -3.88356004e-03 4.34768939e-01 -2.86860667e-01 1.44024712e-01
1.2800 1.29523877e-07 -3.74709485e-08 -1.24172800e-07 -3.99757696e-07 -1.61563694e-08 1.86748429e-07 -4.31877568e-07 -2.61285508e-07 6.94077569e-01 -3.14191172e-02 -3.19460784e-01 -6.30270263e-01 -3.34410006e-02 4.57014030e-01 -2.87072595e-01 1.36500434e-01
1.2900 1.32007624e-07 -9.41833852e-09 -1.07361224e-07 -4.13137016e-07 -1.87736778e-08 1.94069422e-07 -3.97908954e-07 -2.22613209e-07 7.07338171e-01 -7.87595282e-03 -2.76203454e-01 -6.51346101e-01 -3.88781481e-02 4.74902172e-01 -2.28087337e-01 2.07936687e-01
1.3000 1.34495323e-07 2.98536288e-08 -8.32210002e-08 -4.14906184e-07 -1.36141999e-08 1.97069664e-07 -3.33778233e-07 -1.50322769e-07 7.20622416e-01 2.50936117e-02 -2.14091825e-01 -6.54120094e-01 -2.81982042e-02 4.82220121e-01 -1.22495891e-01 3.31526026e-01
1.3100 1.36703766e-07 5.91598846e-08 -5.54594603e-08 -4.03386666e-07 -6.52631308e-09 1.94511199e-07 -2.62982475e-07 -7.49975892e-08 7.32419671e-01 4.96977354e-02 -1.42663874e-01 -6.35947134e-01 -1.35158813e-02 4.75941282e-01 3.50639811e-03 4.65931798e-01
1.3200 1.38467987e-07 6.17268260e-08 -2.92832426e-08 -3.80424221e-07 -3.06265324e-09 1.86844800e-07 -2.09512650e-07 -2.57305025e-08 7.41850531e-01 5.18496013e-02 -7.53156810e-02 -5.99737862e-01 -6.33406905e-03 4.57170174e-01 1.18646589e-01 5.69482693e-01
1.3300 1.39723383e-07 3.08230576e-08 -9.84756006e-09 -3.50543903e-07 -6.56066922e-09 1.75950427e-07 -1.89845022e-07 -2.04552647e-08 7.48570290e-01 2.58962390e-02 -2.53112791e-02 -5.52626255e-01 -1.35675957e-02 4.30507196e-01 1.96528995e-01 6.13468596e-01
1.3400 1.40468350e-07 -2.83452257e-08 -6.91765535e-10 -3.19277883e-07 -1.72063791e-08 1.64364165e-07 -2.07846524e-07 -6.06887385e-08 7.52568785e-01 -2.37900500e-02 -1.75715001e-03 -5.03333325e-01 -3.56037468e-02 4.02157178e-01 2.23688260e-01 5.90241691e-01
1.3500 1.40736060e-07 -1.00893214e-07 -2.68880835e-09 -2.91324605e-07 -3.23041578e-08 1.54314468e-07 -2.54170567e-07 -1.32160257e-07 7.54019890e-01 -8.47093037e-02 -6.89899007e-03 -4.59265125e-01 -6.68610456e-02 3.77571490e-01 2.03146471e-01 5.13856916e-01
1.3600 1.40591430e-07 -1.67637681e-07 -1.38498660e-08 -2.69217783e-07 -4.75337341e-08 1.46950486e-07 -3.10113900e-07 -2.10697148e-07 7.53266390e-01 -1.40752601e-01 -3.56189776e-02 -4.24414731e-01 -9.83929097e-02 3.59560297e-01 1.52480080e-01 4.13647468e-01
1.3700 1.40150776e-07 -2.11569242e-07 -3.00234983e-08 -2.52951339e-07 -5.86529426e-08 1.42056622e-07 -3.54393304e-07 -2.70989625e-07 7.50926448e-01 -1.77637492e-01 -7.72347981e-02 -3.98771366e-01 -1.21414510e-01 3.47594463e-01 9.72827923e-02 3.23462745e-01
1.3800 1.39606176e-07 -2.23165530e-07 -4.62222389e-08 -2.40619689e-07 -6.30053633e-08 1.38348537e-07 -3.70401281e-07 -2.95058107e-07 7.48025130e-01 -1.87369575e-01 -1.18913164e-01 -3.79330192e-01 -1.30425334e-01 3.38530052e-01 6.24121992e-02 2.70516917e-01
1.3900 1.39231234e-07 -2.02866600e-07 -5.81078469e-08 -2.29743208e-07 -6.03298481e-08 1.34215618e-07 -3.51486420e-07 -2.77600651e-07 7.46025812e-01 -1.70320596e-01 -1.49491569e-01 -3.62182087e-01 -1.24885609e-01 3.28425059e-01 6.40315602e-02 2.67571010e-01
1.4000 1.39351743e-07 -1.60137428e-07 -6.31371656e-08 -2.18702248e-07 -5.26705307e-08 1.28601558e-07 -3.02625099e-07 -2.26694071e-07 7.46673124e-01 -1.34440369e-01 -1.62426688e-01 -3.44774273e-01 -1.09029568e-01 3.14693970e-01 1.05031793e-01 3.10696195e-01
1.4100 1.40280578e-07 -1.09746460e-07 -6.10167538e-08 -2.07686659e-07 -4.35251466e-08 1.21662681e-07 -2.38169294e-07 -1.60031760e-07 7.51643886e-01 -9.21310434e-02 -1.56964115e-01 -3.27406898e-01 -9.01011876e-02 2.97718429e-01 1.75141829e-01 3.82759071e-01
1.4200 1.42233828e-07 -6.67641882e-08 -5.33760398e-08 -1.98778898e-07 -3.66192146e-08 1.14930115e-07 -1.76685298e-07 -9.83743971e-08 7.62097285e-01 -5.60469645e-02 -1.37297238e-01 -3.13363593e-01 -7.58152556e-02 2.81244014e-01 2.55389489e-01 4.60818247e-01
1.4300 1.45256895e-07 -4.20571729e-08 -4.28467610e-08 -1.95140094e-07 -3.47731306e-08 1.10892145e-07 -1.34787133e-07 -5.86681178e-08 7.78278397e-01 -3.53111362e-02 -1.10198422e-01 -3.07627905e-01 -7.20111784e-02 2.71358407e-01 3.25140934e-01 5.24488163e-01
1.4400 1.49189763e-07 -3.96864944e-08 -3.19307182e-08 -1.99623023e-07 -3.92297142e-08 1.12134236e-07 -1.22050473e-07 -4.91459515e-08 7.99331683e-01 -3.33313462e-02 -8.21055655e-02 -3.14696486e-01 -8.12606991e-02 2.74387428e-01 3.69198285e-01 5.62325014e-01
1.4500 1.53689160e-07 -5.68108379e-08 -2.20833631e-08 -2.13360304e-07 -4.95903666e-08 1.20343905e-07 -1.38565345e-07 -6.78118071e-08 8.23419388e-01 -4.77196626e-02 -5.67640780e-02 -3.36353540e-01 -1.02736216e-01 2.94460438e-01 3.82582107e-01 5.74306330e-01
1.4600 1.58306002e-07 -8.57756259e-08 -1.33295027e-08 -2.34889042e-07 -6.42661469e-08 1.35543880e-07 -1.75688168e-07 -1.04410435e-07 8.48136348e-01 -7.20474236e-02 -3.42381130e-02 -3.70291269e-01 -1.33145449e-01 3.31634238e-01 3.71559543e-01 5.70048331e-01
1.4700 1.62596730e-07 -1.17375965e-07 -4.50865714e-09 -2.60174512e-07 -8.11801197e-08 1.55840656e-07 -2.19462404e-07 -1.44801867e-07 8.71106470e-01 -9.85854495e-02 -1.15419671e-02 -4.10147803e-01 -1.68186261e-01 3.81277862e-01 3.50831250e-01 5.63922851e-01
1.4800 1.66234388e-07 -1.44028794e-07 5.99305149e-09 -2.83563079e-07 -9.84144297e-08 1.77796074e-07 -2.55364432e-07 -1.75982788e-07 8.90577966e-01 -1.20967472e-01 1.54766718e-02 -4.47009987e-01 -2.03886692e-01 4.34981492e-01 3.38077178e-01 5.69171978e-01
1.4900 1.69084579e-07 -1.61810515e-07 1.93412716e-08 -2.99353509e-07 -1.14578521e-07 1.97312619e-07 -2.72738174e-07 -1.90004076e-07 9.05830413e-01 -1.35900485e-01 4.98168020e-02 -4.71890803e-01 -2.37367248e-01 4.82722075e-01 3.47855927e-01 5.93210754e-01
1.5000 1.71223018e-07 -1.70868202e-07 3.55458869e-08 -3.03450922e-07 -1.28832884e-07 2.10746411e-07 -2.67550220e-07 -1.85636693e-07 9.17268999e-01 -1.43509256e-01 9.15036864e-02 -4.78336689e-01 -2.66889724e-01 5.15585911e-01 3.86926741e-01 6.35622927e-01
1.5100 1.72891183e-07 -1.74351901e-07 5.32216549e-08 -2.94537910e-07 -1.40661001e-07 2.15886555e-07 -2.42776973e-07 -1.67551419e-07 9.26187045e-01 -1.46439190e-01 1.36973122e-01 -4.64273311e-01 -2.91384658e-01 5.28164281e-01 4.52447666e-01 6.89227289e-01
1.5200 1.74407169e-07 -1.76500759e-07 6.99048702e-08 -2.74369196e-07 -1.49575050e-07 2.12489302e-07 -2.06557916e-07 -1.43643664e-07 9.34288570e-01 -1.48249107e-01 1.79886375e-01 -4.32469385e-01 -3.09841842e-01 5.19860056e-01 5.33456453e-01 7.43474667e-01
1.5300 1.76063022e-07 -1.80696186e-07 8.28044443e-08 -2.47103247e-07 -1.54937719e-07 2.02209572e-07 -1.68931967e-07 -1.21660114e-07 9.43138328e-01 -1.51776811e-01 2.13062804e-01 -3.89482261e-01 -3.20941521e-01 4.94720177e-01 6.14942060e-01 7.88720717e-01
1.5400 1.78042499e-07 -1.88155431e-07 8.97106680e-08 -2.17914139e-07 -1.55996574e-07 1.87974424e-07 -1.38316403e-07 -1.06338552e-07 9.53721313e-01 -1.58042755e-01 2.30818055e-01 -3.43469084e-01 -3.23125882e-01 4.59903144e-01 6.83027530e-01 8.19804792e-01
1.5500 1.80383969e-07 -1.97585545e-07 8.97373936e-08 -1.91363159e-07 -1.52106481e-07 1.73022436e-07 -1.18827341e-07 -9.79113861e-08 9.66243969e-01 -1.65960171e-01 2.30873502e-01 -3.01619575e-01 -3.15059896e-01 4.23329396e-01 7.29537725e-01 8.37807226e-01
1.5600 1.82995645e-07 -2.05720544e-07 8.36444235e-08 -1.70073012e-07 -1.43017870e-07 1.59929952e-07 -1.09153488e-07 -9.22414062e-08 9.80215734e-01 -1.72786582e-01 2.15185441e-01 -2.68066265e-01 -2.96228229e-01 3.91299700e-01 7.54548328e-01 8.49619799e-01
1.5700 1.85711376e-07 -2.08381483e-07 7.36438016e-08 -1.54122931e-07 -1.29077079e-07 1.49931123e-07 -1.03149236e-07 -8.22951927e-08 9.94747819e-01 -1.75013949e-01 1.89446361e-01 -2.42931550e-01 -2.67349773e-01 3.66832236e-01 7.66248681e-01 8.65731143e-01
1.5800 1.88361735e-07 -2.01615042e-07 6.27747912e-08 -1.41321762e-07 -1.11229650e-07 1.42724320e-07 -9.18002781e-08 -6.03056082e-08 1.00893384e+00 -1.69324315e-01 1.61476551e-01 -2.22758937e-01 -2.30383885e-01 3.49189352e-01 7.78327140e-01 8.97132607e-01
1.5900 1.90831843e-07 -1.82570304e-07 5.40714230e-08 -1.28214456e-07 -9.08130634e-08 1.36786988e-07 -6.58814944e-08 -1.99075698e-08 1.02215940e+00 -1.53325360e-01 1.39082172e-01 -2.02100351e-01 -1.88100586e-01 3.34647849e-01 8.05815865e-01 9.52363127e-01
1.6000 1.93085074e-07 -1.49978594e-07 4.97974194e-08 -1.11440875e-07 -6.92250633e-08 1.30054909e-07 -1.85369751e-08 4.22928702e-08 1.03422887e+00 -1.25952681e-01 1.28086893e-01 -1.75658536e-01 -1.43393419e-01 3.18160411e-01 8.60704550e-01 1.03547154e+00
1.6100 1.95147074e-07 -1.04293339e-07 5.09753403e-08 -8.89715234e-08 -4.76106407e-08 1.20715179e-07 5.28575518e-08 1.25962090e-07 1.04527953e+00 -8.75869061e-02 1.31120719e-01 -1.40235031e-01 -9.86313987e-02 2.95294930e-01 9.48578316e-01 1.14524185e+00
1.6200 1.97061243e-07 -4.76388855e-08 5.73159324e-08 -6.08164010e-08 -2.66993013e-08 1.07846192e-07 1.45921889e-07 2.27068780e-07 1.05554300e+00 -4.00108287e-02 1.47438561e-01 -9.58472127e-02 -5.53226861e-02 2.63799434e-01 1.06712352e+00 1.27560027e+00
1.6300 1.98838583e-07 1.63142467e-08 6.75100823e-08 -2.90057818e-08 -6.85089054e-09 9.17108901e-08 2.53657131e-07 3.38517130e-07 1.06507648e+00 1.36948187e-02 1.73671706e-01 -4.56973918e-02 -1.42104389e-02 2.24318847e-01 1.20674562e+00 1.41685403e+00
1.6400 2.00426950e-07 8.25414530e-08 7.97333042e-08 3.10216570e-09 1.17323338e-08 7.36399068e-08 3.65803873e-07 4.51176114e-07 1.07359811e+00 6.93119520e-02 2.05125918e-01 4.91925349e-03 2.42871036e-02 1.80108747e-01 1.35295524e+00 1.55735109e+00
1.6500 2.01716686e-07 1.45025174e-07 9.21683412e-08 3.19128396e-08 2.87504666e-08 5.55806585e-08 4.70823040e-07 5.55154166e-07 1.08051737e+00 1.21787771e-01 2.37125924e-01 5.03356447e-02 5.95475657e-02 1.35932242e-01 1.48976671e+00 1.68524652e+00
1.6600 2.02584424e-07 1.97413306e-07 1.03383043e-07 5.47006783e-08 4.36536050e-08 3.94895935e-08 5.58081452e-07 6.41224650e-07 1.08517009e+00 1.65787377e-01 2.65987348e-01 8.62555411e-02 9.04290928e-02 9.65735160e-02 1.60320035e+00 1.79020296e+00
1.6700 2.02960412e-07 2.34015353e-07 1.12486395e-07 7.03695940e-08 5.56915630e-08 2.67776060e-08 6.19831754e-07 7.02300923e-07 1.08717955e+00 1.96530462e-01 2.89417779e-01 1.10952044e-01 1.15374125e-01 6.54816729e-02 1.68407984e+00 1.86493564e+00
1.6800 2.02893367e-07 2.51004494e-07 1.19085135e-07 7.96521717e-08 6.41676615e-08 1.79787563e-08 6.52635168e-07 7.34781586e-07 1.08680452e+00 2.10801312e-01 3.06404869e-01 1.25581180e-01 1.32936210e-01 4.39609331e-02 1.72959189e+00 1.90648903e+00
1.6900 2.02585158e-07 2.47517044e-07 1.23135442e-07 8.47329783e-08 6.87939171e-08 1.27207322e-08 6.57970623e-07 7.39485272e-07 1.08512551e+00 2.07872825e-01 3.16834673e-01 1.33587637e-01 1.42516796e-01 3.10988786e-02 1.74342065e+00 1.91703632e+00
1.7000 2.02376367e-07 2.26253732e-07 1.24802782e-07 8.84686583e-08 6.99803236e-08 9.96823232e-09 6.41901539e-07 7.21850095e-07 1.08396783e+00 1.90012090e-01 3.21131284e-01 1.39475026e-01 1.44965104e-01 2.43621203e-02 1.73458623e+00 1.90391346e+00
1.7100 2.02680231e-07 1.93253553e-07 1.24407001e-07 9.34894637e-08 6.88980065e-08 8.42545923e-09 6.13830248e-07 6.91153714e-07 1.08554788e+00 1.62290815e-01 3.20116016e-01 1.47389489e-01 1.42708950e-01 2.05809181e-02 1.71534420e+00 1.87863407e+00
1.7200 2.03880754e-07 1.56732100e-07 1.22461148e-07 1.01473950e-07 6.72364016e-08 6.94731873e-09 5.84547953e-07 6.58731673e-07 1.09192716e+00 1.31609708e-01 3.15107853e-01 1.59976521e-01 1.39251127e-01 1.69548719e-02 1.69862124e+00 1.85482724e+00
1.7300 2.06224522e-07 1.25185068e-07 1.19746080e-07 1.12799865e-07 6.66982246e-08 4.82737708e-09 5.63955535e-07 6.35481136e-07 1.10443216e+00 1.05105404e-01 3.08115884e-01 1.77830971e-01 1.38122206e-01 1.17570117e-02 1.69548442e+00 1.84536363e+00
1.7400 2.09739930e-07 1.05241791e-07 1.17330391e-07 1.26630284e-07 6.83929922e-08 1.89104934e-09 5.58942397e-07 6.29226438e-07 1.12322083e+00 8.83472811e-02 3.01890777e-01 1.99633153e-01 1.41623138e-01 4.56144305e-03 1.71309204e+00 1.85927662e+00
1.7500 2.14210587e-07 9.98994564e-08 1.16462080e-07 1.41349326e-07 7.23508550e-08 -1.60117100e-09 5.71921449e-07 6.42671133e-07 1.14713907e+00 8.38539936e-02 2.99645867e-01 2.22835883e-01 1.49817392e-01 -3.99358049e-03 1.75347481e+00 1.89929862e+00
1.7600 2.19213632e-07 1.07706673e-07 1.18317418e-07 1.55164241e-07 7.73551299e-08 -5.17182613e-09 6.00401964e-07 6.72585268e-07 1.17392497e+00 9.04074655e-02 3.04410506e-01 2.44613566e-01 1.60183851e-01 -1.27392698e-02 1.81335650e+00 1.96080109e+00
1.7700 2.24214021e-07 1.23200677e-07 1.23667338e-07 1.66666050e-07 8.11889489e-08 -8.36661402e-09 6.37748086e-07 7.10570421e-07 1.20071312e+00 1.03419995e-01 3.18170952e-01 2.62745734e-01 1.68128165e-01 -2.05636215e-02 1.88504980e+00 2.03261434e+00
1.7800 2.28688715e-07 1.38517107e-07 1.32577979e-07 1.75186478e-07 8.12457064e-08 -1.09258513e-08 6.74970279e-07 7.45290135e-07 1.22469958e+00 1.16286349e-01 3.41099150e-01 2.76179358e-01 1.68248168e-01 -2.68307440e-02 1.95826444e+00 2.09968186e+00
1.7900 2.32245880e-07 1.45714457e-07 1.44272501e-07 1.80878501e-07 7.53192387e-08 -1.28362381e-08 7.03111339e-07 7.65594340e-07 1.24378068e+00 1.22336203e-01 3.71196637e-01 2.85155516e-01 1.55971732e-01 -3.15074207e-02 2.02246903e+00 2.14693335e+00
1.8000 2.34706145e-07 1.39118040e-07 1.57237083e-07 1.84544403e-07 6.23191804e-08 -1.42640744e-08 7.15605671e-07 7.63660777e-07 1.25698912e+00 1.16802975e-01 4.04567137e-01 2.90938208e-01 1.29039399e-01 -3.49997820e-02 2.06929744e+00 2.16333706e+00
1.8100 2.36124926e-07 1.16974896e-07 1.69569388e-07 1.87305684e-07 4.26772934e-08 -1.54153719e-08 7.09974894e-07 7.37236816e-07 1.26461487e+00 9.82138616e-02 4.36313408e-01 2.95294106e-01 8.83463382e-02 -3.78112558e-02 2.09443624e+00 2.14497133e+00
1.8200 2.36752662e-07 8.19284768e-08 1.79474496e-07 1.90235592e-07 1.83147793e-08 -1.63898345e-08 6.88391226e-07 6.90316171e-07 1.26799348e+00 6.87885425e-02 4.61813919e-01 2.99913616e-01 3.78743104e-02 -4.01855721e-02 2.09850955e+00 2.09619829e+00
1.8300 2.36947719e-07 4.01969559e-08 1.85748751e-07 1.94058688e-07 -7.81016287e-09 -1.70898236e-08 6.56952114e-07 6.32052127e-07 1.26904084e+00 3.37490255e-02 4.77968612e-01 3.05937723e-01 -1.62463512e-02 -4.18842376e-02 2.08669621e+00 2.02856562e+00
1.8400 2.37069285e-07 -2.54976176e-10 1.88083718e-07 1.98978786e-07 -3.24164636e-08 -1.72181596e-08 6.23876814e-07 5.74242190e-07 1.26968022e+00 -2.15863845e-04 4.83981749e-01 3.13687173e-01 -6.72169894e-02 -4.21812007e-02 2.06713328e+00 1.95773509e+00
1.8500 2.37381169e-07 -3.19591451e-08 1.87077369e-07 2.04648881e-07 -5.26401831e-08 -1.63628210e-08 5.97148274e-07 5.28145270e-07 1.27132701e+00 -2.68343512e-02 4.81391246e-01 3.22615320e-01 -1.09104269e-01 -4.00699234e-02 2.04849922e+00 1.89932503e+00
1.8600 2.37991675e-07 -4.99088068e-08 1.83940254e-07 2.10262159e-07 -6.65742040e-08 -1.41363609e-08 5.82285281e-07 5.01574716e-07 1.27456615e+00 -4.19019306e-02 4.73312765e-01 3.31451577e-01 -1.37958413e-01 -3.46041644e-02 2.03742856e+00 1.86486598e+00
1.8700 2.38842160e-07 -5.26774194e-08 1.79994800e-07 2.14728858e-07 -7.34708851e-08 -1.03229755e-08 5.80888399e-07 4.97094538e-07 1.27908968e+00 -4.42208831e-02 4.63151120e-01 3.38479960e-01 -1.52232701e-01 -2.52574164e-02 2.03649988e+00 1.85900976e+00
1.8800 2.39741817e-07 -4.24230159e-08 1.76145186e-07 2.16905335e-07 -7.36025239e-08 -4.98914548e-09 5.90369323e-07 5.11777653e-07 1.28388166e+00 -3.56038439e-02 4.53235630e-01 3.41899727e-01 -1.52493660e-01 -1.21932851e-02 2.04341318e+00 1.87872623e+00
1.8900 2.40433634e-07 -2.38770117e-08 1.72512617e-07 2.15847839e-07 -6.78958593e-08 1.46988517e-09 6.04917077e-07 5.38491103e-07 1.28757017e+00 -2.00244836e-02 4.43880867e-01 3.40224939e-01 -1.40663027e-01 3.62094283e-03 2.05165149e+00 1.91460941e+00
1.9000 2.40669750e-07 -2.72635889e-09 1.68377559e-07 2.11063715e-07 -5.75219727e-08 8.35442769e-09 6.17384665e-07 5.68217120e-07 1.28882996e+00 -2.25876248e-03 4.33237312e-01 3.32680053e-01 -1.19167499e-01 2.04737330e-02 2.05248857e+00 1.95379480e+00
1.9100 2.40274965e-07 1.60471759e-08 1.62463772e-07 2.02723263e-07 -4.36099154e-08 1.47446861e-08 6.21509177e-07 5.92643948e-07 1.28672235e+00 1.35097501e-02 4.18021676e-01 3.19533679e-01 -9.03452495e-02 3.61153974e-02 2.03778745e+00 1.98355760e+00
1.9200 2.39183779e-07 2.93474790e-08 1.53475621e-07 1.91782069e-07 -2.71714742e-08 1.96254207e-08 6.13788949e-07 6.06242895e-07 1.28089385e+00 2.46811748e-02 3.94899335e-01 3.02291443e-01 -5.62903884e-02 4.80627715e-02 2.00276581e+00 1.99453819e+00
1.9300 2.37446145e-07 3.63498135e-08 1.40704285e-07 1.79958490e-07 -9.21306244e-09 2.20306248e-08 5.94458733e-07 6.07276295e-07 1.27160789e+00 3.05631725e-02 3.62044410e-01 2.83660706e-01 -1.90855226e-02 5.39529010e-02 1.94787618e+00 1.98274356e+00
1.9400 2.35206568e-07 3.80722570e-08 1.24484783e-07 1.69526165e-07 9.08245693e-09 2.11914276e-08 5.67289773e-07 5.97563658e-07 1.25963398e+00 3.20109731e-02 3.20316324e-01 2.67223808e-01 1.88206454e-02 5.19047781e-02 1.87918508e+00 1.94991051e+00
1.9500 2.32667401e-07 3.63898165e-08 1.06327710e-07 1.62921600e-07 2.62561649e-08 1.66729244e-08 5.38306527e-07 5.81235617e-07 1.24605218e+00 3.05994100e-02 2.73599501e-01 2.56819824e-01 5.44062105e-02 4.08541797e-02 1.80707092e+00 1.90233131e+00
1.9600 2.30048780e-07 3.29151667e-08 8.86540663e-08 1.62224661e-07 4.06696427e-08 8.48395736e-09 5.13842673e-07 5.62996273e-07 1.23203938e+00 2.76829786e-02 2.28121765e-01 2.55725924e-01 8.42757975e-02 2.08224838e-02 1.74357004e+00 1.84866832e+00
1.9700 2.27555089e-07 2.81793833e-08 7.41936691e-08 1.68626696e-07 5.08164896e-08 -2.86106232e-09 4.98554838e-07 5.46510265e-07 1.21868993e+00 2.37078370e-02 1.90906864e-01 2.65819145e-01 1.05306208e-01 -6.93180071e-03 1.69912378e+00 1.79749819e+00
1.9800 2.25352873e-07 2.14058369e-08 6.52225698e-08 1.82033567e-07 5.57562036e-08 -1.63527729e-08 4.94014847e-07 5.33418278e-07 1.20689717e+00 1.80219084e-02 1.67812387e-01 2.86950722e-01 1.15546070e-01 -3.99388190e-02 1.67968219e+00 1.75528944e+00
1.9900 2.23560004e-07 1.09377176e-08 6.28739016e-08 2.00940168e-07 5.54988154e-08 -3.05905932e-08 4.98311791e-07 5.23220014e-07 1.19729473e+00 9.23385144e-03 1.61756233e-01 3.16748332e-01 1.15013718e-01 -7.47711527e-02 1.68503314e+00 1.72527571e+00
2.0000 2.22242679e-07 -4.86156874e-09 6.67397546e-08 2.22653614e-07 5.11586538e-08 -4.39850443e-08 5.06774479e-07 5.13948088e-07 1.19023959e+00 -4.03088703e-03 1.71691611e-01 3.50967898e-01 1.06016672e-01 -1.07539033e-01 1.70886822e+00 1.70734586e+00
2.0100 2.21416099e-07 -2.65843216e-08 7.48947374e-08 2.43846504e-07 4.47638820e-08 -5.50384071e-08 5.13573019e-07 5.03298494e-07 1.18581500e+00 -2.22701369e-02 1.92666922e-01 3.84365660e-01 9.27575509e-02 -1.34577374e-01 1.74057745e+00 1.69875762e+00
2.0200 2.21046331e-07 -5.30231482e-08 8.43436198e-08 2.61317567e-07 3.87323380e-08 -6.26538164e-08 5.13684370e-07 4.89762891e-07 1.18383980e+00 -4.44706338e-02 2.16976884e-01 4.11897104e-01 8.02480360e-02 -1.53202412e-01 1.76824316e+00 1.69528878e+00
2.0300 2.21053321e-07 -8.09858273e-08 9.17675637e-08 2.72759596e-07 3.51572285e-08 -6.64000138e-08 5.04594653e-07 4.73351867e-07 1.18388453e+00 -6.79524367e-02 2.36082200e-01 4.29927273e-01 7.28283048e-02 -1.62359724e-01 1.78194157e+00 1.69241015e+00
2.0400 2.21317049e-07 -1.05792095e-07 9.43563674e-08 2.77313405e-07 3.51357732e-08 -6.66538082e-08 4.87194726e-07 4.55676691e-07 1.18530463e+00 -8.87859094e-02 2.42750908e-01 4.37103695e-01 7.27750650e-02 -1.62972778e-01 1.77637332e+00 1.68617561e+00
2.0500 2.21689115e-07 -1.22339419e-07 9.04938033e-08 2.75734670e-07 3.83817366e-08 -6.45613808e-08 4.65578170e-07 4.39398526e-07 1.18730306e+00 -1.02686483e-01 2.32822134e-01 4.34618998e-01 7.94977020e-02 -1.57847956e-01 1.75205771e+00 1.67370745e+00
2.0600 2.22010521e-07 -1.26437691e-07 8.01131600e-08 2.70107882e-07 4.32805352e-08 -6.18016651e-08 4.45793872e-07 4.27272742e-07 1.18902626e+00 -1.06135290e-01 2.06121557e-01 4.25759629e-01 8.96516740e-02 -1.51095068e-01 1.71477216e+00 1.65332876e+00
2.0700 2.22133778e-07 -1.16020232e-07 6.46417770e-08 2.63177217e-07 4.73989248e-08 -6.01901308e-08 4.33932540e-07 4.21141334e-07 1.18968317e+00 -9.73960717e-02 1.66319474e-01 4.14850808e-01 9.81942900e-02 -1.47157298e-01 1.67345738e+00 1.62449437e+00
2.0800 2.21944963e-07 -9.18664233e-08 4.65729071e-08 2.57485160e-07 4.83012102e-08 -6.12131481e-08 4.34136607e-07 4.21224669e-07 1.18866365e+00 -7.71221307e-02 1.19829860e-01 4.05898638e-01 1.00076200e-01 -1.49671411e-01 1.63727002e+00 1.58767481e+00
2.0900 2.21380223e-07 -5.76082746e-08 2.88035634e-08 2.54575835e-07 4.44084674e-08 -6.56141921e-08 4.47151346e-07 4.25945622e-07 1.18562700e+00 -4.83621413e-02 7.41070123e-02 4.01334499e-01 9.20225139e-02 -1.60455099e-01 1.61270637e+00 1.54427379e+00
2.1000 2.20432199e-07 -1.89962836e-08 1.39297189e-08 2.54507363e-07 3.56099581e-08 -7.31508169e-08 4.69872997e-07 4.32332139e-07 1.18053598e+00 -1.59440058e-02 3.58320483e-02 4.01246836e-01 7.38007082e-02 -1.78912541e-01 1.60167086e+00 1.49655903e+00
2.1100 2.19144582e-07 1.73916423e-08 3.68388909e-09 2.55827413e-07 2.34094787e-08 -8.26027019e-08 4.96047526e-07 4.36854303e-07 1.17362723e+00 1.46090220e-02 9.46534202e-03 4.03343270e-01 4.85248189e-02 -2.02054662e-01 1.60104486e+00 1.44751502e+00
2.1200 2.17596663e-07 4.56604361e-08 -1.35764140e-09 2.56025291e-07 1.05405813e-08 -9.20449176e-08 5.17924749e-07 4.36420412e-07 1.16532794e+00 3.83464313e-02 -3.50754523e-03 4.03663917e-01 2.18587232e-02 -2.25168543e-01 1.60383074e+00 1.40052092e+00
2.1300 2.15882769e-07 6.19322248e-08 -1.75746047e-09 2.52326599e-07 1.62127730e-10 -9.93252984e-08 5.28384132e-07 4.29220961e-07 1.15614519e+00 5.20110634e-02 -4.53205491e-03 3.97834560e-01 3.49268884e-04 -2.42986258e-01 1.60145876e+00 1.35882177e+00
2.1400 2.14092752e-07 6.51625813e-08 1.06384366e-09 2.42589594e-07 -5.11175675e-09 -1.02623090e-07 5.22908771e-07 4.15173924e-07 1.14656126e+00 5.47248514e-02 2.73735195e-03 3.82479790e-01 -1.05842968e-02 -2.51052361e-01 1.58650325e+00 1.32486659e+00
2.1500 2.12298767e-07 5.72417293e-08 5.26326787e-09 2.26030178e-07 -4.03497604e-09 -1.00937520e-07 5.00833942e-07 3.95861446e-07 1.13696263e+00 4.80741995e-02 1.35576172e-02 3.56365650e-01 -8.35719987e-03 -2.46919508e-01 1.55496010e+00 1.29968339e+00
2.1600 2.10550690e-07 4.23784735e-08 9.03403296e-09 2.03555324e-07 2.86011521e-09 -9.43698066e-08 4.65518520e-07 3.74008829e-07 1.12761568e+00 3.55929836e-02 2.32773030e-02 3.20924693e-01 5.92942741e-03 -2.30838216e-01 1.50741066e+00 1.28250187e+00
2.1700 2.08879036e-07 2.59535399e-08 1.09725894e-08 1.77605412e-07 1.33965436e-08 -8.41174259e-08 4.23410577e-07 3.52689695e-07 1.11868253e+00 2.17998033e-02 2.82815002e-02 2.80006722e-01 2.77651291e-02 -2.05742173e-01 1.44877056e+00 1.27079351e+00
2.1800 2.07301427e-07 1.31602678e-08 1.02845620e-08 1.51555828e-07 2.43851839e-08 -7.21795700e-08 3.82302085e-07 3.34507699e-07 1.11025600e+00 1.10564027e-02 2.65226398e-02 2.38934790e-01 5.05404550e-02 -1.76526665e-01 1.38676983e+00 1.26078362e+00
2.1900 2.05827760e-07 7.79015895e-09 6.81561000e-09 1.28859638e-07 3.25509839e-08 -6.08541297e-08 3.49293167e-07 3.20990021e-07 1.10238754e+00 6.54750376e-03 1.76008803e-02 2.03153268e-01 6.74665932e-02 -1.48816915e-01 1.32968919e+00 1.24833887e+00
2.2000 2.04460587e-07 1.14614773e-08 9.40769740e-10 1.12185695e-07 3.54593383e-08 -5.21649132e-08 3.29048529e-07 3.12342954e-07 1.09508945e+00 9.63258244e-03 2.48016457e-03 1.76869067e-01 7.34957955e-02 -1.27565945e-01 1.28407126e+00 1.23000111e+00
2.2100 2.03190255e-07 2.34518856e-08 -6.62651795e-09 1.02799217e-07 3.21583821e-08 -4.73758228e-08 3.22814839e-07 3.07597399e-07 1.08830887e+00 1.97049519e-02 -1.70028062e-02 1.62075466e-01 6.66533527e-02 -1.15865613e-01 1.25308648e+00 1.20387422e+00
2.2200 2.01987727e-07 4.11233500e-08 -1.50403786e-08 1.00349912e-07 2.33541281e-08 -4.67212733e-08 3.28420611e-07 3.05053465e-07 1.08188939e+00 3.45484339e-02 -3.86687311e-02 1.58218651e-01 4.84014043e-02 -1.14287177e-01 1.23598774e+00 1.17010197e+00
2.2300 2.00800279e-07 6.07700700e-08 -2.34931018e-08 1.03104577e-07 1.10913284e-08 -4.94180284e-08 3.41181824e-07 3.02855123e-07 1.07554792e+00 5.10495807e-02 -6.04353545e-02 1.62565005e-01 2.29780743e-02 -1.20910824e-01 1.22872715e+00 1.13079440e+00
2.2400 1.99555177e-07 7.86221309e-08 -3.13246560e-08 1.08528620e-07 -1.93014459e-09 -5.39425588e-08 3.55381272e-07 2.99508569e-07 1.06889440e+00 6.60409489e-02 -8.06002632e-02 1.71118313e-01 -4.01927975e-03 -1.32005087e-01 1.22545340e+00 1.08942903e+00
2.2500 1.98173900e-07 9.17234276e-08 -3.80697059e-08 1.14025259e-07 -1.31674315e-08 -5.84843799e-08 3.65852880e-07 2.94201069e-07 1.06150798e+00 7.70389299e-02 -9.79629211e-02 1.79785220e-01 -2.73177074e-02 -1.43136868e-01 1.22036921e+00 1.04991464e+00
2.2600 1.96595173e-07 9.84702967e-08 -4.34573585e-08 1.17609368e-07 -2.09160382e-08 -6.14410597e-08 3.69217479e-07 2.86860381e-07 1.05306046e+00 8.26965896e-02 -1.11824827e-01 1.85437341e-01 -4.33816554e-02 -1.50383250e-01 1.20936956e+00 1.01560466e+00
2.2700 1.94800709e-07 9.87205568e-08 -4.73850980e-08 1.18330704e-07 -2.46632147e-08 -6.18167043e-08 3.64466872e-07 2.77986952e-07 1.04345415e+00 8.28954848e-02 -1.21922791e-01 1.86577990e-01 -5.11463384e-02 -1.51306820e-01 1.19100483e+00 9.88551674e-01
2.2800 1.92834820e-07 9.35191436e-08 -4.98857271e-08 1.16351611e-07 -2.50375515e-08 -5.94219296e-08 3.52819847e-07 2.68360366e-07 1.03292696e+00 7.85151313e-02 -1.28343654e-01 1.83464097e-01 -5.19140416e-02 -1.45444935e-01 1.16656253e+00 9.69203553e-01
2.2900 1.90809374e-07 8.45926890e-08 -5.10986610e-08 1.12695423e-07 -2.34153069e-08 -5.48367928e-08 3.36998825e-07 2.58746725e-07 1.02207886e+00 7.10080722e-02 -1.31449721e-01 1.77709087e-01 -4.85384985e-02 -1.34218677e-01 1.13934630e+00 9.56589120e-01
2.3000 1.88889124e-07 7.38103771e-08 -5.12489263e-08 1.08777500e-07 -2.13489032e-08 -4.91684886e-08 3.20228075e-07 2.49710683e-07 1.01179322e+00 6.19464084e-02 -1.31823734e-01 1.71543360e-01 -4.42401129e-02 -1.20339465e-01 1.11345925e+00 9.48879673e-01
2.3100 1.87258369e-07 6.27835767e-08 -5.06316200e-08 1.05883161e-07 -2.00241455e-08 -4.36915096e-08 3.05293487e-07 2.41577832e-07 1.00305804e+00 5.26848778e-02 -1.30227891e-01 1.66991402e-01 -4.14802027e-02 -1.06928030e-01 1.09250643e+00 9.44098194e-01
2.3200 1.86076277e-07 5.26974093e-08 -4.95971977e-08 1.04753760e-07 -1.99215795e-08 -3.94838167e-08 2.93930249e-07 2.34524853e-07 9.96726523e-01 4.42189494e-02 -1.27565274e-01 1.65219706e-01 -4.12580787e-02 -9.66237251e-02 1.07859990e+00 9.40718100e-01
2.3300 1.85432855e-07 4.43663181e-08 -4.85330825e-08 1.05390564e-07 -2.07706892e-08 -3.71628686e-08 2.86656655e-07 2.28723097e-07 9.93281143e-01 3.72314251e-02 -1.24832283e-01 1.66228234e-01 -4.30151442e-02 -9.09383661e-02 1.07190852e+00 9.37955009e-01
2.3400 1.85318692e-07 3.84207866e-08 -4.78384148e-08 1.07107275e-07 -2.17775468e-08 -3.67858454e-08 2.83008338e-07 2.24444946e-07 9.92671508e-01 3.22495974e-02 -1.23053929e-01 1.68933855e-01 -4.51061419e-02 -9.00120549e-02 1.07080103e+00 9.35682834e-01
2.3500 1.85618537e-07 3.54930623e-08 -4.78904670e-08 1.08783689e-07 -2.20156437e-08 -3.79234409e-08 2.82004822e-07 2.22065737e-07 9.94280080e-01 2.98018743e-02 -1.23198111e-01 1.71570632e-01 -4.56091857e-02 -9.27938959e-02 1.07245448e+00 9.34051394e-01
2.3600 1.86132359e-07 3.62869489e-08 -4.90032529e-08 1.09219298e-07 -2.08253160e-08 -3.98641454e-08 2.82635354e-07 2.21945892e-07 9.97035063e-01 3.04771315e-02 -1.26069994e-01 1.72247330e-01 -4.31541724e-02 -9.75421383e-02 1.07368953e+00 9.32993219e-01
2.3700 1.86619477e-07 4.14797444e-08 -5.13815469e-08 1.07470163e-07 -1.80801687e-08 -4.18717117e-08 2.84187838e-07 2.24235957e-07 9.99646947e-01 3.48429478e-02 -1.32194522e-01 1.69478181e-01 -3.74759029e-02 -1.02454488e-01 1.07177355e+00 9.31843163e-01
2.3800 1.86854390e-07 5.14859346e-08 -5.50770067e-08 1.03074557e-07 -1.42391906e-08 -4.34112097e-08 2.86337876e-07 2.28687475e-07 1.00090770e+00 4.32474060e-02 -1.41704039e-01 1.62537996e-01 -2.95230831e-02 -1.06221518e-01 1.06498906e+00 9.29244458e-01
2.3900 1.86679166e-07 6.61793374e-08 -5.99565669e-08 9.61202148e-08 -1.01854039e-08 -4.42783598e-08 2.89022151e-07 2.34558388e-07 9.99971398e-01 5.55856010e-02 -1.54257041e-01 1.51567458e-01 -2.11246262e-02 -1.08343291e-01 1.05286742e+00 9.23399499e-01
2.4000 1.86037999e-07 8.46970277e-08 -6.56950260e-08 8.71597876e-08 -6.92527746e-09 -4.46040792e-08 2.92199788e-07 2.40670432e-07 9.96539362e-01 7.11345013e-02 -1.69018739e-01 1.37439216e-01 -1.43668837e-02 -1.09140507e-01 1.03609434e+00 9.12586951e-01
2.4100 1.84984665e-07 1.05425045e-07 -7.18018587e-08 7.70234624e-08 -5.26319638e-09 -4.47480277e-08 2.95631313e-07 2.45620089e-07 9.90899925e-01 8.85403248e-02 -1.84729372e-01 1.21462117e-01 -1.09186391e-02 -1.09493890e-01 1.01617300e+00 8.95760466e-01
2.4200 1.83661447e-07 1.26202596e-07 -7.76856664e-08 6.65973505e-08 -5.56159698e-09 -4.51279082e-08 2.98775726e-07 2.48086221e-07 9.83815428e-01 1.05989482e-01 -1.99869263e-01 1.05031837e-01 -1.15332490e-02 -1.10426286e-01 9.94967483e-01 8.73007948e-01
2.4300 1.82256313e-07 1.44703175e-07 -8.27491696e-08 5.66315702e-08 -7.65601821e-09 -4.60460721e-08 3.00841889e-07 2.47139799e-07 9.76292692e-01 1.21528346e-01 -2.12902600e-01 8.93286752e-02 -1.58717331e-02 -1.12678105e-01 9.74247113e-01 8.45697275e-01
2.4400 1.80951107e-07 1.58887612e-07 -8.64961909e-08 4.76194824e-08 -1.09340878e-08 -4.75689770e-08 3.00962011e-07 2.42458946e-07 9.69305421e-01 1.33443764e-01 -2.22552377e-01 7.51277594e-02 -2.26658071e-02 -1.16412127e-01 9.55324568e-01 8.16246633e-01
2.4500 1.79875509e-07 1.67398758e-07 -8.86240335e-08 3.97605301e-08 -1.45318712e-08 -4.94925141e-08 2.98410764e-07 2.34386379e-07 9.63547648e-01 1.40594851e-01 -2.28038177e-01 6.27411214e-02 -3.01245664e-02 -1.21128509e-01 9.38845443e-01 7.87592368e-01
2.4600 1.79079087e-07 1.69788324e-07 -8.90741476e-08 3.29944831e-08 -1.75693076e-08 -5.13961323e-08 2.92787746e-07 2.23822306e-07 9.59284133e-01 1.42603971e-01 -2.29206977e-01 5.20722446e-02 -3.64226648e-02 -1.25797199e-01 9.24753371e-01 7.62533507e-01
2.4700 1.78527729e-07 1.66523703e-07 -8.80229720e-08 2.70812450e-08 -1.93470058e-08 -5.27613719e-08 2.84109704e-07 2.12001327e-07 9.56331499e-01 1.39862921e-01 -2.26510256e-01 4.27422002e-02 -4.01087954e-02 -1.29148108e-01 9.12426363e-01 7.43169460e-01
2.4800 1.78123289e-07 1.58793737e-07 -8.58119058e-08 2.16985910e-08 -1.94549325e-08 -5.31140292e-08 2.72803712e-07 2.00234750e-07 9.54163671e-01 1.33370064e-01 -2.20824508e-01 3.42437603e-02 -4.03317137e-02 -1.30019224e-01 9.00952987e-01 7.30602050e-01
2.4900 1.77738624e-07 1.48190875e-07 -8.28355030e-08 1.65363161e-08 -1.77850559e-08 -5.21473289e-08 2.59630312e-07 1.89697927e-07 9.52099716e-01 1.24463393e-01 -2.13164088e-01 2.60895788e-02 -3.68670715e-02 -1.27658333e-01 8.89488600e-01 7.24963196e-01
2.5000 1.77256456e-07 1.36373249e-07 -7.94231341e-08 1.13733616e-08 -1.44768700e-08 -4.97946467e-08 2.45579932e-07 1.81308415e-07 9.49512099e-01 1.14536466e-01 -2.04376940e-01 1.79333580e-02 -3.00047747e-02 -1.21901285e-01 8.77604983e-01 7.25698923e-01
2.5100 1.76600593e-07 1.24797769e-07 -7.57548311e-08 6.12993054e-09 -9.84275321e-09 -4.62390173e-08 2.31773462e-07 1.75691691e-07 9.45993777e-01 1.04813856e-01 -1.94927934e-01 9.65152563e-03 -2.03940847e-02 -1.13195514e-01 8.65531225e-01 7.31941626e-01
2.5200 1.75751551e-07 1.14573601e-07 -7.18432917e-08 8.88124449e-10 -4.31415172e-09 -4.18658254e-08 2.19369985e-07 1.73190008e-07 9.41441656e-01 9.62277126e-02 -1.84852119e-01 1.37534392e-03 -8.93148407e-03 -1.02484389e-01 8.54192593e-01 7.42776720e-01
2.5300 1.74744299e-07 1.06433779e-07 -6.75924691e-08 -4.12549912e-09 1.57515431e-09 -3.71786792e-08 2.09460110e-07 1.73856585e-07 9.36044181e-01 8.93936845e-02 -1.73904873e-01 -6.53687473e-03 3.27479288e-03 -9.10013154e-02 8.44996118e-01 7.57269595e-01
2.5400 1.73651535e-07 1.00782662e-07 -6.29152881e-08 -8.59982101e-09 7.18309796e-09 -3.27034116e-08 2.02919088e-07 1.77398774e-07 9.30191421e-01 8.46507666e-02 -1.61864176e-01 -1.35943046e-02 1.48931257e-02 -8.00346337e-02 8.39383707e-01 7.74242199e-01
2.5500 1.72559857e-07 9.77625155e-08 -5.78684411e-08 -1.22381893e-08 1.17668171e-08 -2.89018726e-08 2.00215742e-07 1.83080687e-07 9.24347224e-01 8.21174249e-02 -1.48876990e-01 -1.93296790e-02 2.43844125e-02 -7.07163714e-02 8.38257981e-01 7.91926022e-01
2.5600 1.71547297e-07 9.72958477e-08 -5.27504605e-08 -1.48802634e-08 1.45418982e-08 -2.61088453e-08 2.01212421e-07 1.89645474e-07 9.18928792e-01 8.17274864e-02 -1.35711403e-01 -2.34912141e-02 3.01247754e-02 -6.38675447e-02 8.41453661e-01 8.07710892e-01
2.5700 1.70668818e-07 9.90908580e-08 -4.81161237e-08 -1.66161268e-08 1.48121825e-08 -2.44963182e-08 2.05027425e-07 1.95343290e-07 9.14229183e-01 8.32350602e-02 -1.23793791e-01 -2.62222785e-02 3.06740751e-02 -5.99104462e-02 8.47448174e-01 8.18211803e-01
2.5800 1.69952616e-07 1.02628670e-07 -4.46852383e-08 -1.78533802e-08 1.21550500e-08 -2.40629613e-08 2.10042668e-07 1.98134756e-07 9.10397817e-01 8.62040571e-02 -1.14974458e-01 -2.81669182e-02 2.51591363e-02 -5.88427116e-02 8.53460498e-01 8.19776922e-01
2.5900 1.69405777e-07 1.07167239e-07 -4.31598211e-08 -1.93010946e-08 6.61264016e-09 -2.46444325e-08 2.14112100e-07 1.96080308e-07 9.07471197e-01 9.00115419e-02 -1.11057721e-01 -3.04443241e-02 1.36692594e-02 -6.02624946e-02 8.55980693e-01 8.09387458e-01
2.6000 1.69024690e-07 1.11790764e-07 -4.39987908e-08 -2.18524365e-08 -1.18056946e-09 -2.59412000e-08 2.14964226e-07 1.87842456e-07 9.05429129e-01 9.38891315e-02 -1.13222690e-01 -3.44635884e-02 -2.47993576e-03 -6.34366306e-02 8.51631982e-01 7.85715416e-01
2.6100 1.68804586e-07 1.15509304e-07 -4.72209635e-08 -2.63775989e-08 -9.99876631e-09 -2.75624775e-08 2.10715327e-07 1.73154083e-07 9.04246056e-01 9.70064413e-02 -1.21516761e-01 -4.15971056e-02 -2.07487531e-02 -6.74083115e-02 8.38138630e-01 7.49981565e-01
2.6200 1.68743760e-07 1.17384458e-07 -5.23065071e-08 -3.34718166e-08 -1.81886299e-08 -2.90850491e-08 2.00349894e-07 1.53076215e-07 9.03913725e-01 9.85763847e-02 -1.34602256e-01 -5.27832259e-02 -3.77126790e-02 -7.11412178e-02 8.15104628e-01 7.06250731e-01
2.6300 1.68840896e-07 1.16639271e-07 -5.82423719e-08 -4.32279572e-08 -2.39818705e-08 -3.01228667e-08 1.84009838e-07 1.29905101e-07 9.04426670e-01 9.79472672e-02 -1.49873280e-01 -6.81677395e-02 -4.97095084e-02 -7.36899702e-02 7.84332918e-01 6.60933439e-01
2.6400 1.69087152e-07 1.12714622e-07 -6.37150756e-08 -5.51087377e-08 -2.58918500e-08 -3.03979918e-08 1.62977961e-07 1.06688119e-07 9.05739400e-01 9.46500285e-02 -1.63951529e-01 -8.69025183e-02 -5.36605902e-02 -7.43737935e-02 7.49535382e-01 6.21500998e-01
2.6500 1.69457032e-07 1.05260107e-07 -6.74075846e-08 -6.79746509e-08 -2.30942887e-08 -2.97982025e-08 1.39334903e-07 8.64424121e-08 9.07717026e-01 8.83905525e-02 -1.73449788e-01 -1.07189746e-01 -4.78591793e-02 -7.29174654e-02 7.15468043e-01 5.94691399e-01
2.6600 1.69902743e-07 9.40832203e-08 -6.83211632e-08 -8.02830570e-08 -1.56849788e-08 -2.84046058e-08 1.15381743e-07 7.12921583e-08 9.10104601e-01 7.90070254e-02 -1.75799647e-01 -1.26596075e-01 -3.25041589e-02 -6.95188088e-02 6.86715904e-01 5.84692936e-01
2.6700 1.70355499e-07 7.91085003e-08 -6.60304141e-08 -9.04225784e-08 -4.73292435e-09 -2.64763143e-08 9.30110063e-08 6.18017677e-08 9.12533830e-01 6.64356851e-02 -1.69907371e-01 -1.42580124e-01 -9.81015512e-03 -6.48111139e-02 6.66482020e-01 5.91860751e-01
2.6800 1.70734627e-07 6.04017564e-08 -6.07955251e-08 -9.71010389e-08 7.90076418e-09 -2.43890192e-08 7.32398189e-08 5.67515640e-08 9.14571864e-01 5.07312231e-02 -1.56442512e-01 -1.53104357e-01 1.63674759e-02 -5.97127898e-02 6.55756218e-01 6.12410904e-01
2.6900 1.70962436e-07 3.82870195e-08 -5.34959238e-08 -9.96806223e-08 1.99444223e-08 -2.25378368e-08 5.60729093e-08 5.34794947e-08 9.15801193e-01 3.21650514e-02 -1.37667187e-01 -1.57163629e-01 4.13228612e-02 -5.51896792e-02 6.53135427e-01 6.39268609e-01
2.7000 1.70980614e-07 1.35331707e-08 -4.54019264e-08 -9.83608083e-08 2.92078206e-08 -2.12277869e-08 4.07510498e-08 4.87310836e-08 9.15907909e-01 1.13820925e-02 -1.16848704e-01 -1.55073579e-01 6.05186527e-02 -5.19871982e-02 6.55367719e-01 6.63899173e-01
2.7100 1.70763267e-07 -1.24665541e-08 -3.78490477e-08 -9.41482866e-08 3.40624828e-08 -2.05827272e-08 2.62993791e-08 3.97791348e-08 9.14752050e-01 -1.04483854e-02 -9.74218746e-02 -1.48422985e-01 7.05810015e-02 -5.04077078e-02 6.58458804e-01 6.78632098e-01
2.7200 1.70322757e-07 -3.76305937e-08 -3.19080753e-08 -8.86131675e-08 3.37898807e-08 -2.05018788e-08 1.21709202e-08 2.54589221e-08 9.12399198e-01 -3.15789283e-02 -8.21404847e-02 -1.39689058e-01 7.00209505e-02 -5.02043480e-02 6.58990727e-01 6.78807330e-01
2.7300 1.69706738e-07 -5.93388430e-08 -2.81437263e-08 -8.34943291e-08 2.87120073e-08 -2.06814362e-08 -1.27016024e-09 6.76041087e-09 9.09104789e-01 -4.98095525e-02 -7.24566483e-02 -1.31614806e-01 5.95050845e-02 -5.06340782e-02 6.55223782e-01 6.64094789e-01
2.7400 1.68987515e-07 -7.48375742e-08 -2.65259109e-08 -8.02635521e-08 2.00767968e-08 -2.06999183e-08 -1.26395222e-08 -1.32626437e-08 9.05256914e-01 -6.28276960e-02 -6.82926982e-02 -1.26521472e-01 4.16183414e-02 -5.06665783e-02 6.47615048e-01 6.38566811e-01
2.7500 1.68246917e-07 -8.18514753e-08 -2.65098084e-08 -7.97726164e-08 9.73509866e-09 -2.01455052e-08 -1.98869830e-08 -3.02973895e-08 9.01294953e-01 -6.87221822e-02 -6.82472478e-02 -1.25751913e-01 2.01949522e-02 -4.92957397e-02 6.38573610e-01 6.09472823e-01
2.7600 1.67560859e-07 -7.92624405e-08 -2.72496215e-08 -8.20841402e-08 -3.01691960e-10 -1.87483908e-08 -2.10353428e-08 -4.00854255e-08 8.97626373e-01 -6.65533456e-02 -7.01450266e-02 -1.29403884e-01 -5.97948399e-04 -4.58632940e-02 6.31524118e-01 5.85062875e-01
2.7700 1.66987269e-07 -6.76547533e-08 -2.78724555e-08 -8.65321055e-08 -8.30776809e-09 -1.64767733e-08 -1.50720449e-08 -3.98565863e-08 8.94561640e-01 -5.68110506e-02 -7.17412770e-02 -1.36425678e-01 -1.71846179e-02 -4.02933641e-02 6.29583635e-01 5.72105653e-01
2.7800 1.66559552e-07 -4.95264823e-08 -2.77251258e-08 -9.19884771e-08 -1.31828404e-08 -1.35638516e-08 -2.68053267e-09 -2.94272247e-08 8.92278994e-01 -4.15924431e-02 -7.13564416e-02 -1.45036870e-01 -2.72850666e-02 -3.31581675e-02 6.34293240e-01 5.73850006e-01
2.7900 1.66285862e-07 -2.90362297e-08 -2.65213279e-08 -9.72498444e-08 -1.46104371e-08 -1.04531738e-08 1.34784604e-08 -1.15851505e-08 8.90820640e-01 -2.43894635e-02 -6.82545335e-02 -1.53338364e-01 -3.02431767e-02 -2.55439800e-02 6.44838279e-01 5.89051122e-01
2.8000 1.66152877e-07 -1.12778166e-08 -2.43536570e-08 -1.01422315e-07 -1.30115743e-08 -7.67501205e-09 2.90990879e-08 8.41250157e-09 8.90113361e-01 -9.47981748e-03 -6.26739046e-02 -1.59919632e-01 -2.69308763e-02 -1.87484491e-02 6.58040007e-01 6.12360682e-01
2.8100 1.66132041e-07 -1.21744311e-09 -2.15814049e-08 -1.04185255e-07 -9.32574879e-09 -5.68911069e-09 3.91479385e-08 2.41330790e-08 8.90002542e-01 -1.03434699e-03 -5.55385775e-02 -1.64274769e-01 -1.92945109e-02 -1.38957898e-02 6.69154848e-01 6.35964547e-01
2.8200 1.66186427e-07 -2.54325665e-09 -1.86452204e-08 -1.05854058e-07 -4.69360664e-09 -4.74159239e-09 3.91438914e-08 2.97086923e-08 8.90289494e-01 -2.15070843e-03 -4.79815810e-02 -1.66901486e-01 -9.69742775e-03 -1.15867927e-02 6.73255719e-01 6.51971498e-01
2.8300 1.66277149e-07 -1.67266689e-08 -1.58805696e-08 -1.07226326e-07 -1.34907799e-10 -4.78144883e-09 2.64435853e-08 2.15272286e-08 8.90766235e-01 -1.40648131e-02 -4.08653112e-02 -1.69058373e-01 -2.52726631e-04 -1.16947724e-02 6.66777738e-01 6.54830239e-01
2.8400 1.66369177e-07 -4.25581493e-08 -1.33973530e-08 -1.09264194e-07 3.69197708e-09 -5.46502834e-09 1.14947982e-09 -6.23571440e-10 8.91246655e-01 -3.57607735e-02 -3.44721293e-02 -1.72263711e-01 7.67514201e-03 -1.33769155e-02 6.48750041e-01 6.43048268e-01
2.8500 1.66436807e-07 -7.63044535e-08 -1.10656506e-08 -1.12716750e-07 6.59281487e-09 -6.25020244e-09 -3.36500471e-08 -3.33074347e-08 8.91595551e-01 -6.41028706e-02 -2.84679197e-02 -1.77699764e-01 1.36834116e-02 -1.53050682e-02 6.21324997e-01 6.19703340e-01
2.8600 1.66468903e-07 -1.12471504e-07 -8.60753767e-09 -1.17804610e-07 8.78907356e-09 -6.55375583e-09 -7.24147500e-08 -7.01794322e-08 8.91756013e-01 -9.44763431e-02 -2.21383814e-02 -1.85715172e-01 1.82307987e-02 -1.60511531e-02 5.89426116e-01 5.91605762e-01
2.8700 1.66473212e-07 -1.44994902e-07 -5.75633744e-09 -1.24068859e-07 1.07478983e-08 -5.92501488e-09 -1.08346886e-07 -1.03524003e-07 8.91771835e-01 -1.21787472e-01 -1.47986127e-02 -1.95586644e-01 2.22853433e-02 -1.45121879e-02 5.59599106e-01 5.67372262e-01
2.8800 1.66478320e-07 -1.68565829e-07 -2.42066772e-09 -1.30435332e-07 1.29517181e-08 -4.18259102e-09 -1.34943509e-07 -1.26174382e-07 8.91797261e-01 -1.41577455e-01 -6.21485305e-03 -2.05620366e-01 2.68470898e-02 -1.02448879e-02 5.38384587e-01 5.54986789e-01
2.8900 1.66531398e-07 -1.79766629e-07 1.21097835e-09 -1.35479151e-07 1.56812277e-08 -1.47164239e-09 -1.47503403e-07 -1.33293818e-07 8.92084614e-01 -1.50976376e-01 3.12686164e-03 -2.13569298e-01 3.24983793e-02 -3.60562545e-03 5.30665802e-01 5.59558556e-01
2.9000 1.66690540e-07 -1.77745422e-07 4.66856380e-09 -1.37813852e-07 1.88768922e-08 1.77681468e-09 -1.44200170e-07 -1.23546463e-07 8.92943274e-01 -1.49269878e-01 1.20167854e-02 -2.17246981e-01 3.91167389e-02 4.34940810e-03 5.38443201e-01 5.81909348e-01
2.9100 1.67011899e-07 -1.64284439e-07 7.30941864e-09 -1.36492515e-07 2.21181291e-08 4.97277662e-09 -1.26455635e-07 -9.93647296e-08 8.94671302e-01 -1.37956387e-01 1.88018952e-02 -2.15160238e-01 4.58315204e-02 1.21749819e-02 5.60356572e-01 6.18363074e-01
2.9200 1.67533901e-07 -1.43274336e-07 8.50693284e-09 -1.31305280e-07 2.47239567e-08 7.54173557e-09 -9.85387823e-08 -6.62730901e-08 8.97471669e-01 -1.20305248e-01 2.18713553e-02 -2.06978384e-01 5.12321985e-02 1.84640953e-02 5.92059393e-01 6.61755687e-01
2.9300 1.68262557e-07 -1.19751893e-07 7.85994391e-09 -1.22888209e-07 2.59441331e-08 9.09335947e-09 -6.65176005e-08 -3.14801080e-08 9.01374442e-01 -1.00548015e-01 2.01949805e-02 -1.93704828e-01 5.37642136e-02 2.22609674e-02 6.27316579e-01 7.03341760e-01
2.9400 1.69162670e-07 -9.87530714e-08 5.35481661e-09 -1.12612441e-07 2.51848222e-08 9.53281052e-09 -3.68480261e-08 -2.13039340e-09 9.06190317e-01 -8.29147416e-02 1.37398020e-02 -1.77502126e-01 5.21964729e-02 2.33335352e-02 6.59513252e-01 7.35043260e-01
2.9500 1.70158891e-07 -8.42569959e-08 1.42533796e-09 -1.02283462e-07 2.22037841e-08 9.08112384e-09 -1.49562291e-08 1.63286789e-08 9.11516576e-01 -7.07468159e-02 3.62366758e-03 -1.61217565e-01 4.60258700e-02 2.22232773e-02 6.83175863e-01 7.51425010e-01
2.9600 1.71148226e-07 -7.84497530e-08 -3.11378339e-09 -9.37305736e-08 1.72187709e-08 8.19945929e-09 -4.14588405e-09 2.12723462e-08 9.16803819e-01 -6.58787338e-02 -8.05627327e-03 -1.47735642e-01 3.57021333e-02 2.00596835e-02 6.95133171e-01 7.50894987e-01
2.9700 1.72022157e-07 -8.14398819e-08 -7.24577099e-09 -8.83929610e-08 1.08964222e-08 7.44183630e-09 -5.05645714e-09 1.32818013e-08 9.21473843e-01 -6.83995410e-02 -1.86839549e-02 -1.39325289e-01 2.26051843e-02 1.81996358e-02 6.95065058e-01 7.35869878e-01
2.9800 1.72693243e-07 -9.14404144e-08 -9.99512956e-09 -8.70054946e-08 4.22102373e-09 7.28277366e-09 -1.57477960e-08 -4.24399863e-09 9.25061236e-01 -7.68063299e-02 -2.57504593e-02 -1.37144501e-01 8.77359918e-03 1.78053581e-02 6.85359945e-01 7.11938902e-01
2.9900 1.73118910e-07 -1.05326694e-07 -1.06684805e-08 -8.94574763e-08 -1.72537548e-09 7.97330816e-09 -3.23337409e-08 -2.60858082e-08 9.27339967e-01 -8.84733634e-02 -2.74733770e-02 -1.41017800e-01 -3.55068902e-03 1.94918566e-02 6.70375426e-01 6.86316594e-01
3.0000 1.73315125e-07 -1.19408440e-07 -9.02673427e-09 -9.48508850e-08 -6.01607063e-09 9.46914145e-09 -4.99709339e-08 -4.65178630e-08 9.28396041e-01 -1.00300949e-01 -2.32393566e-02 -1.49528332e-01 -1.24467242e-02 2.31509605e-02 6.55327403e-01 6.66031639e-01
3.0100 1.73354951e-07 -1.30229565e-07 -5.34238449e-09 -1.01734634e-07 -8.10099648e-09 1.14514785e-08 -6.39516317e-08 -6.06011496e-08 9.28619638e-01 -1.09387283e-01 -1.37510705e-02 -1.60387489e-01 -1.67731987e-02 2.80023156e-02 6.45093796e-01 6.56322913e-01
3.0200 1.73351137e-07 -1.35228206e-07 -3.28160001e-10 -1.08450790e-07 -7.93837141e-09 1.34319911e-08 -7.06560193e-08 -6.51623996e-08 9.28612184e-01 -1.13582494e-01 -8.43307660e-04 -1.70980961e-01 -1.64416048e-02 3.28503591e-02 6.43205421e-01 6.59614175e-01
3.0300 1.73426662e-07 -1.33140774e-07 5.04163954e-09 -1.13506646e-07 -6.00116049e-09 1.49075103e-08 -6.81791178e-08 -5.92727680e-08 9.29029284e-01 -1.11827400e-01 1.29768491e-02 -1.78955410e-01 -1.24301563e-02 3.64630707e-02 6.51223323e-01 6.75256238e-01
3.0400 1.73681102e-07 -1.24101427e-07 9.76810395e-09 -1.15886397e-07 -3.15472408e-09 1.55155342e-08 -5.65386187e-08 -4.41778086e-08 9.30401389e-01 -1.04236346e-01 2.51396204e-02 -1.82709745e-01 -6.53080547e-03 3.79527400e-02 6.68594918e-01 7.00016853e-01
3.0500 1.74162417e-07 -1.09456180e-07 1.30609034e-08 -1.15235757e-07 -4.35446554e-10 1.51426869e-08 -3.74686159e-08 -2.27613756e-08 9.32983430e-01 -9.19404902e-02 3.36122637e-02 -1.81685960e-01 -8.90930566e-04 3.70415551e-02 6.92969243e-01 7.29119868e-01
3.0600 1.74852685e-07 -9.13657337e-08 1.45098488e-08 -1.11885763e-07 1.21354111e-09 1.39541313e-08 -1.38889626e-08 1.27870981e-09 9.36678817e-01 -7.67539860e-02 3.73401700e-02 -1.76406398e-01 2.53416374e-03 3.41336593e-02 7.20858602e-01 7.57526425e-01
3.0700 1.75672496e-07 -7.23048262e-08 1.41560326e-08 -1.06719830e-07 1.18127898e-09 1.23372471e-08 1.08038723e-08 2.43223984e-08 9.41062999e-01 -6.07536516e-02 3.64296311e-02 -1.68263949e-01 2.47652822e-03 3.01772799e-02 7.48475030e-01 7.81128838e-01
3.0800 1.76503352e-07 -5.45742975e-08 1.24514662e-08 -1.00922415e-07 -6.60115473e-10 1.07794462e-08 3.34581051e-08 4.35774359e-08 9.45503038e-01 -4.58697083e-02 3.20438481e-02 -1.59125710e-01 -1.33123449e-03 2.63655794e-02 7.72551468e-01 7.97585813e-01
3.0900 1.77221979e-07 -3.99258773e-08 1.01245128e-08 -9.56717781e-08 -3.93277209e-09 9.71952330e-09 5.17488365e-08 5.75355877e-08 9.49340821e-01 -3.35713787e-02 2.60567164e-02 -1.50848708e-01 -8.10833724e-03 2.37726843e-02 7.90977450e-01 8.06641798e-01
3.1000 1.77736790e-07 -2.93632312e-08 7.99011954e-09 -9.18492390e-08 -7.86507264e-09 9.41860497e-09 6.45144392e-08 6.60679716e-08 9.52087682e-01 -2.47004716e-02 2.05647140e-02 -1.44821741e-01 -1.62572905e-02 2.30376929e-02 8.03130184e-01 8.09910586e-01
3.1100 1.78015820e-07 -2.31345033e-08 6.75404523e-09 -8.98316327e-08 -1.15084453e-08 9.88901315e-09 7.18037289e-08 7.01842968e-08 9.53573600e-01 -1.94655200e-02 1.73834004e-02 -1.41638449e-01 -2.38127438e-02 2.41904887e-02 8.09853031e-01 8.10230776e-01
3.1200 1.78097856e-07 -2.08827305e-08 6.85759154e-09 -8.94139757e-08 -1.40000135e-08 1.09001702e-08 7.46587412e-08 7.15588979e-08 9.54006632e-01 -1.75680899e-02 1.76480973e-02 -1.40975644e-01 -2.89856805e-02 2.66662175e-02 8.13110995e-01 8.10791532e-01
3.1300 1.78083323e-07 -2.18834421e-08 8.39576912e-09 -8.98794791e-08 -1.47987009e-08 1.20564906e-08 7.47161707e-08 7.19739603e-08 9.53924262e-01 -1.84018976e-02 2.16034127e-02 -1.41703802e-01 -3.06529585e-02 2.94960588e-02 8.15421976e-01 8.14265076e-01
3.1400 1.78107447e-07 -2.52838566e-08 1.11217833e-08 -9.01998627e-08 -1.38288259e-08 1.29207083e-08 7.37455107e-08 7.28373931e-08 9.54050061e-01 -2.12529939e-02 2.86147348e-02 -1.42202808e-01 -2.86554105e-02 3.16092785e-02 8.19208994e-01 8.22162862e-01
3.1500 1.78303443e-07 -3.02701688e-08 1.45296146e-08 -8.93175321e-08 -1.14904314e-08 1.31437792e-08 7.32453567e-08 7.48987045e-08 9.55096960e-01 -2.54395154e-02 3.73805601e-02 -1.40806607e-01 -2.38198808e-02 3.21513856e-02 8.26231398e-01 8.34562902e-01
3.1600 1.78766362e-07 -3.61252569e-08 1.79892813e-08 -8.64397715e-08 -8.53305747e-09 1.25626671e-08 7.41906144e-08 7.82202240e-08 9.57573947e-01 -3.03596155e-02 4.62803364e-02 -1.36266686e-01 -1.76981834e-02 3.07236236e-02 8.37227982e-01 8.50253422e-01
3.1700 1.79527946e-07 -4.21872345e-08 2.08995809e-08 -8.12694914e-08 -5.82901615e-09 1.12392276e-08 7.69708014e-08 8.23810128e-08 9.61651495e-01 -3.54565051e-02 5.37673224e-02 -1.28115527e-01 -1.20975474e-02 2.74781735e-02 8.51846786e-01 8.67227412e-01
3.1800 1.80549501e-07 -4.77627030e-08 2.28221353e-08 -7.41100108e-08 -4.11208809e-09 9.43267778e-09 8.14989228e-08 8.68195125e-08 9.67123166e-01 -4.01458823e-02 5.87134451e-02 -1.16831565e-01 -8.53908652e-03 2.30506522e-02 8.68859164e-01 8.83370730e-01
3.1900 1.81734365e-07 -5.20705105e-08 2.35677635e-08 -6.58112644e-08 -3.75884507e-09 7.51839952e-09 8.74203540e-08 9.11799084e-08 9.73472026e-01 -4.37693203e-02 6.06316210e-02 -1.03754304e-01 -7.80431729e-03 1.83611259e-02 8.86580023e-01 8.97136831e-01
3.2000 1.82955847e-07 -5.42819517e-08 2.32192700e-08 -5.75654185e-08 -4.67852130e-09 5.88077009e-09 9.43277472e-08 9.55299960e-08 9.80019805e-01 -4.56287800e-02 5.97345621e-02 -9.07621970e-02 -9.70646660e-03 1.43514841e-02 9.03363390e-01 9.08008408e-01
3.2100 1.84092085e-07 -5.36826135e-08 2.20903441e-08 -5.06011373e-08 -6.34610028e-09 4.81312538e-09 1.01898679e-07 1.00365704e-07 9.86113263e-01 -4.51231706e-02 5.68292188e-02 -7.97908993e-02 -1.31585802e-02 1.17402874e-02 9.18028412e-01 9.16610119e-01
3.2200 1.85057560e-07 -4.99228412e-08 2.06348478e-08 -4.58562516e-08 -7.97075133e-09 4.45287581e-09 1.09913315e-07 1.06395440e-07 9.91292891e-01 -4.19590201e-02 5.30835067e-02 -7.23175402e-02 -1.65222871e-02 1.08637675e-02 9.30099837e-01 9.24441318e-01
3.2300 1.85822371e-07 -4.32700803e-08 1.93311732e-08 -4.37187525e-08 -8.75040810e-09 4.76662140e-09 1.18164712e-07 1.14180925e-07 9.95396387e-01 -3.63623116e-02 4.97287683e-02 -6.89527035e-02 -1.81353335e-02 1.16393772e-02 9.39810140e-01 9.33314184e-01
3.2400 1.86414345e-07 -3.47501792e-08 1.85704908e-08 -4.39112539e-08 -8.13573121e-09 5.58361302e-09 1.26323402e-07 1.23771284e-07 9.98570433e-01 -2.91966991e-02 4.77721082e-02 -6.92584965e-02 -1.68588081e-02 1.36478635e-02 9.47887346e-01 9.44676401e-01
3.2500 1.86904318e-07 -2.60811482e-08 1.85749002e-08 -4.55567210e-08 -6.02180475e-09 6.66153731e-09 1.33841349e-07 1.34481082e-07 1.00119251e+00 -2.19072183e-02 4.77855669e-02 -7.18522513e-02 -1.24747575e-02 1.62946030e-02 9.55218608e-01 9.59038454e-01
3.2600 1.87379912e-07 -1.93619695e-08 1.93626364e-08 -4.74127710e-08 -2.80591715e-09 7.76070538e-09 1.39967808e-07 1.44922596e-07 1.00373097e+00 -1.62582990e-02 4.98163506e-02 -7.47758460e-02 -5.80628264e-03 1.89915676e-02 9.62513174e-01 9.75698459e-01
3.2700 1.87916237e-07 -1.65641208e-08 2.07648844e-08 -4.82124358e-08 7.10694476e-10 8.70322216e-09 1.43904565e-07 1.53318482e-07 1.00658848e+00 -1.39063122e-02 5.34299192e-02 -7.60327552e-02 1.48586670e-03 2.13024801e-02 9.70079327e-01 9.92867674e-01
3.2800 1.88552482e-07 -1.89555221e-08 2.24856086e-08 -4.70158828e-08 3.55179234e-09 9.40165197e-09 1.45066685e-07 1.58020130e-07 1.00997662e+00 -1.59157058e-02 5.78638972e-02 -7.41423245e-02 7.37776380e-03 2.30131659e-02 9.77782486e-01 1.00817342e+00
3.2900 1.89281086e-07 -2.66341102e-08 2.41854862e-08 -4.34712685e-08 4.85946659e-09 9.85377552e-09 1.43361193e-07 1.58074436e-07 1.01385759e+00 -2.23675504e-02 6.22441725e-02 -6.85507966e-02 1.00904218e-02 2.41187117e-02 9.85183411e-01 1.01939254e+00
3.3000 1.90052081e-07 -3.83389237e-08 2.55661849e-08 -3.79069573e-08 4.16391589e-09 1.01118506e-08 1.39372385e-07 1.53648152e-07 1.01796683e+00 -3.22013730e-02 6.58020116e-02 -5.97765305e-02 8.64925000e-03 2.47480268e-02 9.91790935e-01 1.02518821e+00
3.3100 1.90790474e-07 -5.16367812e-08 2.64330394e-08 -3.12257772e-08 1.54667366e-09 1.02423764e-08 1.34360955e-07 1.46150005e-07 1.02190551e+00 -4.33724676e-02 6.80356473e-02 -4.92431998e-02 3.22269360e-03 2.50650329e-02 9.97325486e-01 1.02561321e+00
3.3200 1.91420715e-07 -6.34704979e-08 2.67220026e-08 -2.46308580e-08 -2.35517234e-09 1.02934800e-08 1.30041362e-07 1.37979670e-07 1.02527100e+00 -5.33126910e-02 6.87798870e-02 -3.88475497e-02 -4.86878337e-03 2.51884829e-02 1.00189065e+00 1.02221035e+00
3.3300 1.91890484e-07 -7.09353377e-08 2.64881643e-08 -1.92640298e-08 -6.50897127e-09 1.02818316e-08 1.28179281e-07 1.31952141e-07 1.02778395e+00 -5.95826691e-02 6.81766905e-02 -3.03893614e-02 -1.34842471e-02 2.51596604e-02 1.00598861e+00 1.01766403e+00
3.3400 1.92186598e-07 -7.20648894e-08 2.58646769e-08 -1.58654979e-08 -9.76631533e-09 1.02017766e-08 1.30120888e-07 1.30556349e-07 1.02937344e+00 -6.05316255e-02 6.65694161e-02 -2.50349962e-02 -2.02423808e-02 2.49646202e-02 1.01037623e+00 1.01509847e+00
3.3500 1.92338643e-07 -6.63879162e-08 2.50090677e-08 -1.45582188e-08 -1.11816365e-08 1.00497547e-08 1.36401575e-07 1.35269694e-07 1.03019662e+00 -5.57646585e-02 6.43644440e-02 -2.29775588e-02 -2.31821244e-02 2.45940383e-02 1.01581885e+00 1.01723077e+00
3.3600 1.92409814e-07 -5.50752811e-08 2.40561892e-08 -1.48229513e-08 -1.02763849e-08 9.85064557e-09 1.46567771e-07 1.46142032e-07 1.03059015e+00 -4.62656974e-02 6.19097835e-02 -2.33976766e-02 -2.13105745e-02 2.41079350e-02 1.02283656e+00 1.02563392e+00
3.3700 1.92478375e-07 -4.06159968e-08 2.30928669e-08 -1.56714519e-08 -7.17175994e-09 9.67175260e-09 1.59283794e-07 1.61783786e-07 1.03097118e+00 -3.41251180e-02 5.94295250e-02 -2.47366674e-02 -1.48783711e-02 2.36702210e-02 1.03153892e+00 1.04033077e+00
3.3800 1.92615739e-07 -2.61067832e-08 2.21601970e-08 -1.59638202e-08 -2.55254758e-09 9.61500732e-09 1.72705332e-07 1.79767792e-07 1.03172040e+00 -2.19430038e-02 5.70295516e-02 -2.51969612e-02 -5.30486851e-03 2.35299097e-02 1.04160998e+00 1.05983502e+00
3.3900 1.92867879e-07 -1.43629287e-08 2.12785985e-08 -1.47709572e-08 2.52472729e-09 9.78683258e-09 1.85012592e-07 1.97324152e-07 1.03308263e+00 -1.20826011e-02 5.47619812e-02 -2.33136278e-02 5.21956752e-03 2.39475273e-02 1.05244839e+00 1.08161548e+00
3.4000 1.93245378e-07 -7.11824864e-09 2.04819673e-08 -1.16689069e-08 6.92019120e-09 1.02546941e-08 1.94940190e-07 2.12115075e-07 1.03511358e+00 -5.99880158e-03 5.27132147e-02 -1.84184775e-02 1.43315222e-02 2.50887702e-02 1.06340951e+00 1.10282980e+00
3.4100 1.93724485e-07 -4.55730826e-09 1.98437389e-08 -6.87325116e-09 9.70941498e-09 1.10061370e-08 2.02137665e-07 2.22853217e-07 1.03768539e+00 -3.84573461e-03 5.10712931e-02 -1.08519358e-02 2.01141295e-02 2.69240764e-02 1.07405902e+00 1.12109722e+00
3.4200 1.94258118e-07 -5.32064973e-09 1.94806957e-08 -1.17206252e-09 1.04064687e-08 1.19273981e-08 2.07246101e-07 2.29579968e-07 1.04054552e+00 -4.48150653e-03 5.01360221e-02 -1.85725966e-03 2.15596623e-02 2.91759994e-02 1.08434278e+00 1.13507844e+00
3.4300 1.94792743e-07 -6.97642562e-09 1.95289944e-08 4.32075006e-09 9.05147586e-09 1.28137071e-08 2.11666062e-07 2.33531245e-07 1.04340707e+00 -5.86442002e-03 5.02575376e-02 6.80847989e-03 1.87511581e-02 3.13441223e-02 1.09460867e+00 1.14470395e+00
3.4400 1.95285578e-07 -6.80751842e-09 2.00981195e-08 8.51372233e-09 6.14663695e-09 1.34134893e-08 2.17089901e-07 2.36650027e-07 1.04604091e+00 -5.71387851e-03 5.17179179e-02 1.34236820e-02 1.27298128e-02 3.28130198e-02 1.10546863e+00 1.15101147e+00
3.4500 1.95716735e-07 -2.66859451e-09 2.12182390e-08 1.06786251e-08 2.47140409e-09 1.34969675e-08 2.24945004e-07 2.40913376e-07 1.04834089e+00 -2.22979885e-03 5.45956285e-02 1.68396916e-02 5.11175124e-03 3.30200828e-02 1.11754641e+00 1.15567824e+00
3.4600 1.96092861e-07 6.34775581e-09 2.28010349e-08 1.06782353e-08 -1.15775880e-09 1.29300319e-08 2.35919887e-07 2.47692160e-07 1.05034332e+00 5.34841521e-03 5.86644877e-02 1.68400363e-02 -2.41014620e-03 3.16363933e-02 1.13119626e+00 1.16042250e+00
3.4700 1.96441605e-07 1.96297177e-08 2.46315197e-08 9.01233937e-09 -4.10542648e-09 1.17300983e-08 2.49715182e-07 2.57339854e-07 1.05219745e+00 1.65060494e-02 6.33722844e-02 1.42129934e-02 -8.51842746e-03 2.87036475e-02 1.14628878e+00 1.16647400e+00
3.4800 1.96799182e-07 3.52187964e-08 2.63990944e-08 6.67100465e-09 -6.04876668e-09 1.00838241e-08 2.65088078e-07 2.69123135e-07 1.05409873e+00 2.95982240e-02 6.79204030e-02 1.05201763e-02 -1.25439020e-02 2.46777862e-02 1.16213753e+00 1.17427142e+00
3.4900 1.97195345e-07 5.03646472e-08 2.77630813e-08 4.84416012e-09 -6.99147921e-09 8.31651875e-09 2.80167233e-07 2.81492273e-07 1.05620809e+00 4.23158390e-02 7.14322695e-02 7.63847076e-03 -1.44945775e-02 2.03543717e-02 1.17759467e+00 1.18345446e+00
3.5000 1.97640727e-07 6.22799992e-08 2.84355476e-08 4.57960183e-09 -7.17013470e-09 6.81718628e-09 2.92935876e-07 2.92582927e-07 1.05858384e+00 5.23193241e-02 7.31664649e-02 7.22059968e-03 -1.48614523e-02 1.66852830e-02 1.19129023e+00 1.19311406e+00
3.5100 1.98120606e-07 6.88661432e-08 2.82568579e-08 6.49439425e-09 -6.89790639e-09 5.93721243e-09 3.01738002e-07 3.00777308e-07 1.06114796e+00 5.78475210e-02 7.27112902e-02 1.02398836e-02 -1.42944540e-02 1.45307775e-02 1.20194665e+00 1.20218298e+00
3.5200 1.98597008e-07 6.92060551e-08 2.72398828e-08 1.06240678e-08 -6.40809031e-09 5.89034617e-09 3.05667014e-07 3.05149269e-07 1.06369709e+00 5.81314052e-02 7.00987955e-02 1.67523366e-02 -1.32779021e-02 1.44145975e-02 1.20867963e+00 1.20981633e+00
3.5300 1.99018440e-07 6.37084881e-08 2.55674302e-08 1.64477061e-08 -5.75467877e-09 6.68353958e-09 3.04742064e-07 3.05670925e-07 1.06595471e+00 5.35148035e-02 6.57984652e-02 2.59362070e-02 -1.19242438e-02 1.63545226e-02 1.21120419e+00 1.21563446e+00
3.5400 1.99334211e-07 5.38997025e-08 2.35416842e-08 2.30707464e-08 -4.80256757e-09 8.10129865e-09 2.99846344e-07 3.03145075e-07 1.06764792e+00 4.52793902e-02 6.05873559e-02 3.63803199e-02 -9.95363188e-03 1.98238694e-02 1.20989498e+00 1.21976522e+00
3.5500 1.99508947e-07 4.19613486e-08 2.14997053e-08 2.94995454e-08 -3.30532906e-09 9.75199328e-09 2.92469546e-07 2.98916211e-07 1.06858560e+00 3.52567144e-02 5.53327737e-02 4.65172075e-02 -6.85507754e-03 2.38646714e-02 1.20569230e+00 1.22270189e+00
3.5600 1.99532958e-07 3.01724706e-08 1.97202646e-08 3.49174630e-08 -1.03649517e-09 1.11669138e-08 2.84343156e-07 2.94473575e-07 1.06871440e+00 2.53598622e-02 5.07525103e-02 5.50586762e-02 -2.15858866e-03 2.73300284e-02 1.19988545e+00 1.22505689e+00
3.5700 1.99425430e-07 2.04171027e-08 1.83506172e-08 3.88781121e-08 2.07789840e-09 1.19268344e-08 2.77071262e-07 2.91075995e-07 1.06813621e+00 1.71702551e-02 4.72262588e-02 6.13007226e-02 4.29001785e-03 2.91938558e-02 1.19383344e+00 1.22731732e+00
3.5800 1.99229629e-07 1.38731157e-08 1.73759336e-08 4.13640109e-08 5.87636855e-09 1.17813257e-08 2.71842689e-07 2.89500383e-07 1.06708274e+00 1.16765987e-02 4.47167285e-02 6.52161189e-02 1.21570694e-02 2.88429472e-02 1.18869219e+00 1.22969221e+00
3.5900 1.99001632e-07 1.09250489e-08 1.66407572e-08 4.27060838e-08 9.95993689e-09 1.07262329e-08 2.69273522e-07 2.89959692e-07 1.06585526e+00 9.20178790e-03 4.28246341e-02 6.73274399e-02 2.06166397e-02 2.62666751e-02 1.18520913e+00 1.23209244e+00
3.6000 1.98795979e-07 1.12717497e-08 1.59153070e-08 4.34049303e-08 1.37723383e-08 9.01506341e-09 2.69387966e-07 2.92175367e-07 1.06474743e+00 9.49323679e-03 4.09591389e-02 6.84250611e-02 2.85166361e-02 2.20849313e-02 1.18362487e+00 1.23422643e+00
3.6100 1.98652343e-07 1.41520615e-08 1.49850712e-08 4.39236095e-08 1.67347207e-08 7.09796214e-09 2.71713085e-07 2.95545768e-07 1.06397356e+00 1.19122082e-02 3.85683238e-02 6.92401521e-02 3.46578393e-02 1.73988218e-02 1.18369424e+00 1.23575090e+00
3.6200 1.98586920e-07 1.85994223e-08 1.37346581e-08 4.45252680e-08 1.83891463e-08 5.50258831e-09 2.75446269e-07 2.99338003e-07 1.06362199e+00 1.56473684e-02 3.53549797e-02 7.01883659e-02 3.80912159e-02 1.34991503e-02 1.18481270e+00 1.23640307e+00
3.6300 1.98590658e-07 2.36553826e-08 1.21987409e-08 4.52076151e-08 1.85043584e-08 4.68858941e-09 2.79652397e-07 3.02845344e-07 1.06364518e+00 1.98938893e-02 3.14077937e-02 7.12663064e-02 3.83370787e-02 1.15102808e-02 1.18621317e+00 1.23606053e+00
3.6400 1.98634428e-07 2.85082568e-08 1.05635143e-08 4.57487263e-08 1.71129358e-08 4.91625672e-09 2.83454926e-07 3.05484118e-07 1.06388718e+00 2.39698064e-02 2.72052284e-02 7.21236739e-02 3.54621158e-02 1.20687288e-02 1.18718589e+00 1.23471674e+00
3.6500 1.98679242e-07 3.25584932e-08 9.11790066e-09 4.58386652e-08 1.44745369e-08 6.16737690e-09 2.86194301e-07 3.06836215e-07 1.06413830e+00 2.73709949e-02 2.34900928e-02 7.22708884e-02 3.00033241e-02 1.51295261e-02 1.18727028e+00 1.23240313e+00
3.6600 1.98688298e-07 3.54333409e-08 8.16962088e-09 4.52427639e-08 1.09855530e-08 8.14257178e-09 2.87534024e-07 3.06662149e-07 1.06419987e+00 2.97837012e-02 2.10536691e-02 7.13367651e-02 2.27809558e-02 1.99598036e-02 1.18637400e+00 1.22911476e+00
3.6700 1.98637355e-07 3.69756723e-08 7.95205856e-09 4.39342580e-08 7.07173986e-09 1.03381537e-08 2.87499344e-07 3.04909237e-07 1.06394014e+00 3.10754313e-02 2.04961125e-02 6.92779412e-02 1.46762368e-02 2.53269737e-02 1.18478963e+00 1.22479284e+00
3.6800 1.98520646e-07 3.72205647e-08 8.55024475e-09 4.21479917e-08 3.10183958e-09 1.21826909e-08 2.86439447e-07 3.01723978e-07 1.06332645e+00 3.12755256e-02 2.20360161e-02 6.64638357e-02 6.45258593e-03 2.98330024e-02 1.18310182e+00 1.21938741e+00
3.6900 1.98351067e-07 3.63592087e-08 9.86773618e-09 4.03369984e-08 -6.52714524e-10 1.31957239e-08 2.84915011e-07 2.97458020e-07 1.06242651e+00 3.05449710e-02 2.54251833e-02 6.36083738e-02 -1.32772371e-03 3.23028182e-02 1.18200504e+00 1.21298014e+00
3.7000 1.98155107e-07 3.46831735e-08 1.16430761e-08 3.90486386e-08 -4.00830074e-09 1.31237597e-08 2.83529995e-07 2.92645454e-07 1.06138156e+00 2.91295535e-02 2.99909763e-02 6.15747369e-02 -8.28383113e-03 3.21170281e-02 1.18207683e+00 1.20591003e+00
3.7100 1.97964467e-07 3.25075663e-08 1.35093734e-08 3.87643160e-08 -6.82705892e-09 1.20142356e-08 2.82745723e-07 2.87932900e-07 1.06036145e+00 2.72951306e-02 3.47896098e-02 6.11225431e-02 -1.41292363e-02 2.93927528e-02 1.18356874e+00 1.19883225e+00
3.7200 1.97807097e-07 3.00859171e-08 1.50782589e-08 3.97575382e-08 -8.97169091e-09 1.02052678e-08 2.82728811e-07 2.83962388e-07 1.05951652e+00 2.52558581e-02 3.88221611e-02 6.26838510e-02 -1.85783543e-02 2.49583374e-02 1.18627839e+00 1.19265837e+00
3.7300 1.97700231e-07 2.75435529e-08 1.60238290e-08 4.20164560e-08 -1.02853533e-08 8.23292078e-09 2.83284069e-07 2.81231637e-07 1.05894006e+00 2.31179353e-02 4.12505298e-02 6.62407948e-02 -2.13051454e-02 2.01262375e-02 1.18954932e+00 1.18837042e+00
3.7400 1.97647174e-07 2.48597055e-08 1.61445082e-08 4.52530886e-08 -1.06113528e-08 6.68153429e-09 2.83904476e-07 2.79974658e-07 1.05865083e+00 2.08643563e-02 4.15565512e-02 7.13399363e-02 -2.19842204e-02 1.63266373e-02 1.19241167e+00 1.18675409e+00
3.7500 1.97638218e-07 2.19160935e-08 1.53896428e-08 4.89913864e-08 -9.84741785e-09 6.01934093e-09 2.83935340e-07 2.80107263e-07 1.05859773e+00 1.83956247e-02 3.96103416e-02 7.72310088e-02 -2.04034972e-02 1.47051797e-02 1.19383471e+00 1.18813639e+00
3.7600 1.97654839e-07 1.86037608e-08 1.38495716e-08 5.27008517e-08 -8.01148299e-09 6.46616391e-09 2.82809023e-07 2.81263704e-07 1.05868219e+00 1.56195472e-02 3.56446561e-02 8.30776008e-02 -1.66005495e-02 1.57993121e-02 1.19302399e+00 1.19222275e+00
3.7700 1.97675402e-07 1.49507863e-08 1.17186034e-08 5.59301286e-08 -5.28779442e-09 7.93094911e-09 2.80274920e-07 2.82918074e-07 1.05878865e+00 1.25586759e-02 3.01595590e-02 8.81678781e-02 -1.09579900e-02 1.93856004e-02 1.18967476e+00 1.19810237e+00
3.7800 1.97680425e-07 1.12149076e-08 9.24629242e-09 5.83991467e-08 -2.02734945e-09 1.00368114e-08 2.76540772e-07 2.84550234e-07 1.05881286e+00 9.42834254e-03 2.37970266e-02 9.20600045e-02 -4.20408099e-03 2.45412146e-02 1.18409823e+00 1.20443537e+00
3.7900 1.97655897e-07 7.88821770e-09 6.69213220e-09 6.00264414e-08 1.30660068e-09 1.22260509e-08 2.72262689e-07 2.85795340e-07 1.05867973e+00 6.64083373e-03 1.72244095e-02 9.46253446e-02 2.70054937e-03 2.99010594e-02 1.17717032e+00 1.20977192e+00
3.8000 1.97594026e-07 5.58865158e-09 4.29322681e-09 6.08928174e-08 4.23561539e-09 1.39146679e-08 2.68368721e-07 2.86519005e-07 1.05834741e+00 4.71441247e-03 1.10513482e-02 9.59912511e-02 8.76433597e-03 3.40359350e-02 1.17010443e+00 1.21290470e+00
3.8100 1.97491786e-07 4.85703674e-09 2.24651260e-09 6.11644097e-08 6.37550022e-09 1.46520462e-08 2.65759745e-07 2.86787291e-07 1.05779962e+00 4.10292690e-03 5.78416456e-03 9.64197618e-02 1.31916788e-02 3.58432378e-02 1.16410648e+00 1.21314139e+00
3.8200 1.97348361e-07 5.92262393e-09 7.00281007e-10 6.10098064e-08 7.52129592e-09 1.42407231e-08 2.64981072e-07 2.86743091e-07 1.05703189e+00 4.99885200e-03 1.80418495e-03 9.61768735e-02 1.55589725e-02 3.48399078e-02 1.16001180e+00 1.21041068e+00
3.8300 1.97162795e-07 8.52549823e-09 -2.53023116e-10 6.05438101e-08 7.67863291e-09 1.27835846e-08 2.65979080e-07 2.86441298e-07 1.05603899e+00 7.18404317e-03 -6.50697805e-04 9.54437811e-02 1.58792968e-02 3.12777551e-02 1.15801611e+00 1.20517317e+00
3.8400 1.96932909e-07 1.18778045e-08 -5.88471909e-10 5.98163862e-08 7.03152280e-09 1.06475228e-08 2.68038628e-07 2.85717673e-07 1.05480908e+00 9.99706216e-03 -1.51603599e-03 9.42993648e-02 1.45352766e-02 2.60544067e-02 1.15758948e+00 1.19817916e+00
3.8500 1.96655854e-07 1.48055930e-08 -3.64442480e-10 5.88453698e-08 5.86019553e-09 8.35691882e-09 2.69942374e-07 2.84159489e-07 1.05332671e+00 1.24522279e-02 -9.41520690e-04 9.27717033e-02 1.21084328e-02 2.04526235e-02 1.15760912e+00 1.19017018e+00
3.8600 1.96329944e-07 1.60510417e-08 2.64737988e-10 5.76734139e-08 4.44115082e-09 6.44993600e-09 2.70319138e-07 2.81210225e-07 1.05158258e+00 1.34934122e-02 6.76339527e-04 9.09278535e-02 9.17180893e-03 1.57887236e-02 1.15668018e+00 1.18164071e+00
3.8700 1.95956850e-07 1.46525275e-08 1.05073842e-09 5.64201524e-08 2.96768383e-09 5.33978928e-09 2.68080269e-07 2.76387742e-07 1.04958539e+00 1.23132663e-02 2.69904977e-03 8.89561297e-02 6.12523809e-03 1.30732709e-02 1.15355383e+00 1.17275234e+00
3.8800 1.95543090e-07 1.02813581e-08 1.67807957e-09 5.53028236e-08 1.52007528e-09 5.21948414e-09 2.62805351e-07 2.69544911e-07 1.04736989e+00 8.63607186e-03 4.31506963e-03 8.71986796e-02 3.13375639e-03 1.27781681e-02 1.14751971e+00 1.16343164e+00
3.8900 1.95100051e-07 3.41577925e-09 1.81927496e-09 5.46113305e-08 9.37264691e-11 6.03359843e-09 2.54946436e-07 2.61073761e-07 1.04499706e+00 2.86391611e-03 4.68159684e-03 8.61122267e-02 1.86264581e-04 1.47677692e-02 1.13865480e+00 1.15360884e+00
3.9000 1.94642372e-07 -4.72204602e-09 1.21086829e-09 5.46417846e-08 -1.33105338e-09 7.51952752e-09 2.45772979e-07 2.51961453e-07 1.04254543e+00 -3.97624138e-03 3.12021292e-03 8.61633397e-02 -2.75943364e-03 1.83998747e-02 1.12785274e+00 1.14349318e+00
3.9100 1.94185152e-07 -1.24652189e-08 -2.67714446e-10 5.56091027e-08 -2.71222012e-09 9.29999487e-09 2.37061321e-07 2.43649096e-07 1.04009608e+00 -1.04838941e-02 -6.80130032e-04 8.76906569e-02 -5.61707074e-03 2.27520502e-02 1.11662271e+00 1.13375769e+00
3.9200 1.93740930e-07 -1.81564572e-08 -2.53677857e-09 5.75681467e-08 -3.90106347e-09 1.09948718e-08 2.30615841e-07 2.37709650e-07 1.03771645e+00 -1.52666767e-02 -6.51527862e-03 9.07805627e-02 -8.07862061e-03 2.68950836e-02 1.10671506e+00 1.12553152e+00
3.9300 1.93317450e-07 -2.06198587e-08 -5.30315994e-09 6.03711463e-08 -4.65603924e-09 1.23173544e-08 2.27765578e-07 2.35426893e-07 1.03544822e+00 -1.73366893e-02 -1.36317070e-02 9.52000635e-02 -9.64299558e-03 3.01281026e-02 1.09967989e+00 1.12016500e+00
3.9400 1.92916889e-07 -1.95000655e-08 -8.10388412e-09 6.36776175e-08 -4.71790331e-09 1.31276254e-08 2.28990557e-07 2.37400279e-07 1.03330314e+00 -1.63954354e-02 -2.08386685e-02 1.00412432e-01 -9.77197586e-03 3.21096632e-02 1.09648147e+00 1.11881916e+00
3.9500 1.92536703e-07 -1.53571198e-08 -1.04031783e-08 6.70160354e-08 -3.92138626e-09 1.34330499e-08 2.33792440e-07 2.43304104e-07 1.03126749e+00 -1.29135211e-02 -2.67576929e-02 1.05674449e-01 -8.12197951e-03 3.28580803e-02 1.09727072e+00 1.12200682e+00
3.9600 1.92171583e-07 -9.48244018e-09 -1.17218779e-08 6.98802090e-08 -2.29937280e-09 1.33421277e-08 2.40847474e-07 2.51890229e-07 1.02931264e+00 -7.97606818e-03 -3.01555308e-02 1.10188350e-01 -4.76030749e-03 3.26387076e-02 1.10136939e+00 1.12924779e+00
3.9700 1.91815697e-07 -3.49168508e-09 -1.17654093e-08 7.18331732e-08 -1.32733904e-10 1.29938045e-08 2.48391775e-07 2.61252846e-07 1.02740711e+00 -2.94067814e-03 -3.02735336e-02 1.13265602e-01 -2.68665657e-04 3.17910360e-02 1.10745850e+00 1.13898087e+00
3.9800 1.91464316e-07 1.17682332e-09 -1.05131193e-08 7.25905323e-08 2.08498578e-09 1.24898715e-08 2.54718553e-07 2.69293410e-07 1.02552542e+00 9.83957785e-04 -2.70576544e-02 1.14458250e-01 4.32992769e-03 3.05634265e-02 1.11390998e+00 1.14880333e+00
3.9900 1.91114320e-07 3.69877952e-09 -8.23983416e-09 7.20632222e-08 3.76876845e-09 1.18545363e-08 2.58636488e-07 2.74259793e-07 1.02365089e+00 3.10495084e-03 -2.12141153e-02 1.13626247e-01 7.82240329e-03 2.90143542e-02 1.11916797e+00 1.15600473e+00
4.0000 1.90763594e-07 4.09819884e-09 -5.45852839e-09 7.03532245e-08 4.41655823e-09 1.10336697e-08 2.59756489e-07 2.75206717e-07 1.02177243e+00 3.44210880e-03 -1.40620802e-02 1.10930601e-01 9.16736280e-03 2.70107074e-02 1.12208306e+00 1.15826113e+00
4.0100 1.90409888e-07 3.20847863e-09 -2.79581029e-09 6.77098517e-08 3.78018712e-09 9.93112384e-09 2.58532409e-07 2.72243719e-07 1.01987845e+00 2.69528904e-03 -7.21341909e-03 1.06764370e-01 7.84959178e-03 2.43167304e-02 1.12212469e+00 1.15429101e+00
4.0200 1.90049958e-07 2.37786051e-09 -8.32612651e-10 6.44641046e-08 1.97117058e-09 8.46624674e-09 2.56059310e-07 2.66496727e-07 1.01795212e+00 1.99701947e-03 -2.16286790e-03 1.01649134e-01 4.09957503e-03 2.07347632e-02 1.11943540e+00 1.14426974e+00
4.0300 1.89679687e-07 3.01758989e-09 4.56784947e-11 6.09614936e-08 -5.42653967e-10 6.62976263e-09 2.53704449e-07 2.59791557e-07 1.01597185e+00 2.53295032e-03 9.76122784e-05 9.61291205e-02 -1.11329703e-03 1.62419321e-02 1.11473153e+00 1.12986016e+00
4.0400 1.89295429e-07 6.13762734e-09 -2.53418581e-10 5.75096181e-08 -3.05856456e-09 4.51661400e-09 2.52689255e-07 2.54147305e-07 1.01391832e+00 5.15181455e-03 -6.70567145e-04 9.06886713e-02 -6.33235173e-03 1.10704617e-02 1.10908823e+00 1.11382634e+00
4.0500 1.88896154e-07 1.20133590e-08 -1.51338308e-09 5.43481898e-08 -4.84649559e-09 2.32325660e-09 2.53744320e-07 2.51221081e-07 1.01178584e+00 1.00853985e-02 -3.91105363e-03 8.57051428e-02 -1.00438266e-02 5.70103732e-03 1.10366533e+00 1.09932254e+00
4.0600 1.88485480e-07 2.00800641e-08 -3.27912765e-09 5.16399074e-08 -5.37851595e-09 3.09784866e-10 2.56926323e-07 2.51857592e-07 1.00959319e+00 1.68598108e-02 -8.45361988e-03 8.14346892e-02 -1.11526197e-02 7.70158336e-04 1.09943407e+00 1.08905160e+00
4.0700 1.88072481e-07 2.90774293e-08 -4.99369391e-09 4.94742195e-08 -4.50461419e-09 -1.26055117e-09 2.61630436e-07 2.55865271e-07 1.00738801e+00 2.44167874e-02 -1.28657329e-02 7.80183140e-02 -9.34680979e-03 -3.07778961e-03 1.09695738e+00 1.08453278e+00
4.0800 1.87670508e-07 3.73896894e-08 -6.16119103e-09 4.78745378e-08 -2.51352424e-09 -2.18462075e-09 2.66773545e-07 2.62075400e-07 1.00524070e+00 3.13993353e-02 -1.58716924e-02 7.54932697e-02 -5.22392402e-03 -5.34529210e-03 1.09626161e+00 1.08569240e+00
4.0900 1.87293922e-07 4.34724966e-08 -6.48821838e-09 4.68026649e-08 -5.35811710e-11 -2.36562194e-09 2.71080865e-07 2.68661662e-07 1.00322713e+00 3.65102566e-02 -1.67164735e-02 7.37999549e-02 -1.27079333e-04 -5.79475154e-03 1.09682087e+00 1.09089904e+00
4.1000 1.86953550e-07 4.62406422e-08 -5.96275176e-09 4.61599257e-08 2.06511633e-09 -1.82916709e-09 2.73391366e-07 2.73627315e-07 1.00140464e+00 3.88378274e-02 -1.53687323e-02 7.27835245e-02 4.26493415e-03 -4.48790505e-03 1.09765726e+00 1.09743428e+00
4.1100 1.86652341e-07 4.53130682e-08 -4.84863137e-09 4.57897115e-08 3.12542123e-09 -7.07034669e-10 2.72906489e-07 2.75324876e-07 9.99788879e-01 3.80616429e-02 -1.25067146e-02 7.21976823e-02 6.46552711e-03 -1.74621884e-03 1.09754149e+00 1.10226080e+00
4.1200 1.86382887e-07 4.10621741e-08 -3.59939660e-09 4.54882622e-08 2.73231708e-09 8.02815324e-10 2.69333926e-07 2.72869059e-07 9.98340704e-01 3.44941072e-02 -9.29668169e-03 7.17214879e-02 5.65534020e-03 1.94673189e-03 1.09525962e+00 1.10286169e+00
4.1300 1.86128069e-07 3.44744585e-08 -2.71928766e-09 4.50284591e-08 9.41041307e-10 2.48446863e-09 2.62911699e-07 2.66337209e-07 9.96969527e-01 2.89634673e-02 -7.03540473e-03 7.09967648e-02 1.94790486e-03 6.06304411e-03 1.08989435e+00 1.09790530e+00
4.1400 1.85865125e-07 2.68796160e-08 -2.61434206e-09 4.41960214e-08 -1.75884687e-09 4.14428471e-09 2.54326420e-07 2.56711858e-07 9.95554897e-01 2.25863493e-02 -6.76715213e-03 6.96851884e-02 -3.64319951e-03 1.01287597e-02 1.08105928e+00 1.08754484e+00
4.1500 1.85572218e-07 1.96318262e-08 -3.47813194e-09 4.28311512e-08 -4.59907581e-09 5.63214262e-09 2.44557064e-07 2.45590131e-07 9.93981383e-01 1.65001108e-02 -8.98976158e-03 6.75340884e-02 -9.52664547e-03 1.37758175e-02 1.06902582e+00 1.07327499e+00
4.1600 1.85235589e-07 1.38261430e-08 -5.24461694e-09 4.08642292e-08 -6.77733539e-09 6.84160727e-09 2.34681345e-07 2.34745617e-07 9.92176544e-01 1.16246321e-02 -1.35333430e-02 6.44329515e-02 -1.40402552e-02 1.67425799e-02 1.05470078e+00 1.05740311e+00
4.1700 1.84854933e-07 1.01099601e-08 -7.61894926e-09 3.83337802e-08 -7.71101558e-09 7.69578092e-09 2.25679724e-07 2.25664489e-07 9.90139436e-01 8.50391734e-03 -1.96394974e-02 6.04419827e-02 -1.59767347e-02 1.88394679e-02 1.03944584e+00 1.04230857e+00
4.1800 1.84444982e-07 8.61569551e-09 -1.01729068e-08 3.53791629e-08 -7.21742598e-09 8.13094631e-09 2.18266934e-07 2.19180454e-07 9.87948964e-01 7.24946853e-03 -2.62067870e-02 5.57807509e-02 -1.49571268e-02 1.99092630e-02 1.02477240e+00 1.02972453e+00
4.1900 1.84032400e-07 9.00820221e-09 -1.24725957e-08 3.22079822e-08 -5.56290313e-09 8.08991024e-09 2.12775989e-07 2.15302996e-07 9.85747215e-01 7.58000106e-03 -3.21192221e-02 5.07768613e-02 -1.15326425e-02 1.98111279e-02 1.01198486e+00 1.02026334e+00
4.2000 1.83648554e-07 1.06176258e-08 -1.41979362e-08 2.90464103e-08 -3.36713110e-09 7.53143302e-09 2.09114654e-07 2.13278956e-07 9.83700956e-01 8.93293752e-03 -3.65536238e-02 4.57875444e-02 -6.98653043e-03 1.84438812e-02 1.00186781e+00 1.01332516e+00
4.2100 1.83320206e-07 1.26184963e-08 -1.52183426e-08 2.60864267e-08 -1.39683452e-09 6.45361613e-09 2.06806786e-07 2.11863568e-07 9.81952049e-01 1.06147757e-02 -3.91743076e-02 4.11162768e-02 -2.90675061e-03 1.58032635e-02 9.94508794e-01 1.00740531e+00
4.2200 1.83060974e-07 1.42166182e-08 -1.56048027e-08 2.34452576e-08 -3.18602864e-10 4.92116126e-09 2.05118047e-07 2.09720605e-07 9.80572066e-01 1.19580712e-02 -4.01641639e-02 3.69485890e-02 -6.73971258e-04 1.20485037e-02 9.89314562e-01 1.00068909e+00
4.2300 1.82866372e-07 1.48119848e-08 -1.55797318e-08 2.11484770e-08 -4.92238029e-10 3.08238578e-09 2.03247102e-07 2.05837250e-07 9.79536021e-01 1.24583546e-02 -4.00956622e-02 3.33252115e-02 -1.03350628e-03 7.54369077e-03 9.85223925e-01 9.91734109e-01
4.2400 1.82714236e-07 1.41140085e-08 -1.54254960e-08 1.91406303e-08 -1.87031446e-09 1.16367417e-09 2.00543378e-07 1.99836738e-07 9.78724812e-01 1.18710549e-02 -3.96955197e-02 3.01587142e-02 -3.88726840e-03 2.84388589e-03 9.81059062e-01 9.80015679e-01
4.2500 1.82570666e-07 1.21927904e-08 -1.53841955e-08 1.73185019e-08 -4.03257114e-09 -5.63690260e-10 1.96697763e-07 1.92101502e-07 9.77957131e-01 1.02547241e-02 -3.95868621e-02 2.72859813e-02 -8.36501098e-03 -1.38630569e-03 9.75910974e-01 9.66159658e-01
4.2600 1.82399896e-07 9.45764212e-09 -1.55818059e-08 1.55752655e-08 -6.33836403e-09 -1.83915170e-09 1.91850997e-07 1.83673482e-07 9.77042130e-01 7.95313593e-03 -4.00940233e-02 2.45379722e-02 -1.31400987e-02 -4.50899758e-03 9.69439215e-01 9.51790119e-01
4.2700 1.82175108e-07 6.56364706e-09 -1.59995403e-08 1.38409878e-08 -8.14217808e-09 -2.47641285e-09 1.86580202e-07 1.75961611e-07 9.75837167e-01 5.51687590e-03 -4.11688025e-02 2.18038042e-02 -1.68758591e-02 -6.06847794e-03 9.61989045e-01 9.39044708e-01
4.2800 1.81886896e-07 4.25983089e-09 -1.64982268e-08 1.21070259e-08 -8.99869218e-09 -2.41539763e-09 1.81755526e-07 1.70341436e-07 9.74292821e-01 3.57578845e-03 -4.24531089e-02 1.90694421e-02 -1.86502516e-02 -5.91822614e-03 9.54484942e-01 9.29916465e-01
4.2900 1.81546693e-07 3.20702719e-09 -1.68835627e-08 1.04278012e-08 -8.79057358e-09 -1.74486747e-09 1.78297959e-07 1.67762518e-07 9.72471005e-01 2.68586968e-03 -4.34467882e-02 1.64206422e-02 -1.82204516e-02 -4.27604730e-03 9.48130729e-01 9.25634230e-01
4.3000 1.81184051e-07 3.80550718e-09 -1.69872360e-08 8.90099722e-09 -7.74080494e-09 -6.86021718e-10 1.76903320e-07 1.68476493e-07 9.70530267e-01 3.18428538e-03 -4.37163191e-02 1.40117537e-02 -1.60482690e-02 -1.68374047e-03 9.44009987e-01 9.26277977e-01
4.3100 1.80838581e-07 6.07634392e-09 -1.67350592e-08 7.63379782e-09 -6.31140616e-09 4.60607898e-10 1.77813664e-07 1.71962866e-07 9.68682593e-01 5.08949631e-03 -4.30701630e-02 1.20123787e-02 -1.30903013e-02 1.12297916e-03 9.42714305e-01 9.30746983e-01
4.3200 1.80549021e-07 9.63216007e-09 -1.61792099e-08 6.70629235e-09 -5.02799379e-09 1.39082608e-09 1.80708263e-07 1.77071096e-07 9.67134971e-01 8.07649394e-03 -4.16418339e-02 1.05494695e-02 -1.04345608e-02 3.39966392e-03 9.44119101e-01 9.37084204e-01
4.3300 1.80342774e-07 1.37521107e-08 -1.54849008e-08 6.14283203e-09 -4.29228407e-09 1.87326803e-09 1.84752816e-07 1.82333800e-07 9.66033552e-01 1.15396749e-02 -3.98557724e-02 9.66193391e-03 -8.91223156e-03 4.58023944e-03 9.47379388e-01 9.43047396e-01
4.3400 1.80229059e-07 1.75474078e-08 -1.48775346e-08 5.89852291e-09 -4.24556973e-09 1.80432217e-09 1.88797455e-07 1.86356207e-07 9.65427132e-01 1.47318836e-02 -3.82915542e-02 9.27915397e-03 -8.81509450e-03 4.41127512e-03 9.51146615e-01 9.46742796e-01
4.3500 1.80197570e-07 2.01760655e-08 -1.45692796e-08 5.86283520e-09 -4.72620576e-09 1.22570524e-09 1.91667191e-07 1.88166691e-07 9.65260163e-01 1.69449163e-02 -3.74951039e-02 9.22660048e-03 -9.80770991e-03 2.99487845e-03 9.53936576e-01 9.47123745e-01
4.3600 1.80222788e-07 2.10484961e-08 -1.46899436e-08 5.87744721e-09 -5.33100572e-09 3.00650086e-10 1.92458787e-07 1.87428432e-07 9.65395880e-01 1.76824247e-02 -3.78008745e-02 9.25402506e-03 -1.10547984e-02 7.30383340e-04 9.54531456e-01 9.44207041e-01
4.3700 1.80272254e-07 1.99660067e-08 -1.52444699e-08 5.76243315e-09 -5.55590212e-09 -7.42400120e-10 1.90756224e-07 1.84457922e-07 9.65660599e-01 1.67764906e-02 -3.92224035e-02 9.07692468e-03 -1.15127036e-02 -1.82338103e-03 9.52291611e-01 9.38955526e-01
4.3800 1.80315980e-07 1.71532965e-08 -1.61096792e-08 5.34430754e-09 -4.96674531e-09 -1.67988257e-09 1.86703904e-07 1.80057277e-07 9.65893989e-01 1.44151346e-02 -4.14437424e-02 8.42099570e-03 -1.02831399e-02 -4.11947788e-03 9.47286377e-01 9.32883759e-01
4.3900 1.80333942e-07 1.31781768e-08 -1.70696789e-08 4.48080463e-09 -3.34410912e-09 -2.35479695e-09 1.80923245e-07 1.75224339e-07 9.65989106e-01 1.10750139e-02 -4.39103134e-02 7.06142961e-03 -6.91295598e-03 -5.77365279e-03 9.40215236e-01 9.27528628e-01
4.4000 1.80319465e-07 8.78637339e-09 -1.78772004e-08 3.07949892e-09 -7.57552246e-10 -2.71164147e-09 1.74308137e-07 1.70838944e-07 9.65910393e-01 7.38268545e-03 -4.59864873e-02 4.85241741e-03 -1.54767250e-03 -6.64972251e-03 9.32159009e-01 9.23961614e-01
4.4100 1.80277795e-07 4.70458701e-09 -1.83209019e-08 1.10928914e-09 2.45014736e-09 -2.79595412e-09 1.67770769e-07 1.67424962e-07 9.65686009e-01 3.94910280e-03 -4.71285905e-02 1.74527805e-03 5.10149024e-03 -6.85845609e-03 9.24251799e-01 9.22494833e-01
4.4200 1.80220867e-07 1.47223216e-09 -1.82783609e-08 -1.39531979e-09 5.75885268e-09 -2.72187509e-09 1.62019419e-07 1.65056396e-07 9.65379860e-01 1.22813024e-03 -4.70212280e-02 -2.20489937e-03 1.19564404e-02 -6.67832983e-03 9.17381863e-01 9.22659974e-01
4.4300 1.80160530e-07 -6.50812087e-10 -1.77406170e-08 -4.33725557e-09 8.61314592e-09 -2.62142382e-09 1.57431845e-07 1.63423567e-07 9.65055372e-01 -5.61120492e-04 -4.56405511e-02 -6.84425320e-03 1.78666606e-02 -6.43163884e-03 9.12009447e-01 9.23444469e-01
4.4400 1.80102859e-07 -1.68146263e-09 -1.68041430e-08 -7.56770907e-09 1.05654524e-08 -2.59426320e-09 1.54049544e-07 1.62020734e-07 9.64745158e-01 -1.43214249e-03 -4.32338366e-02 -1.19374692e-02 2.19056665e-02 -6.36183481e-03 9.08141710e-01 9.23685541e-01
4.4500 1.80045675e-07 -1.82980471e-09 -1.56364032e-08 -1.09050210e-08 1.13787910e-08 -2.67511251e-09 1.51674446e-07 1.60378125e-07 9.64437755e-01 -1.56088481e-03 -4.02311554e-02 -1.71977688e-02 2.35836889e-02 -6.55399701e-03 9.05447946e-01 9.22477638e-01
4.4600 1.79980038e-07 -1.37448426e-09 -1.44283198e-08 -1.41605805e-08 1.10638288e-08 -2.82855472e-09 1.50016653e-07 1.58251927e-07 9.64085622e-01 -1.18111197e-03 -3.71233126e-02 -2.23278609e-02 2.29241722e-02 -6.92220336e-03 9.03453337e-01 9.19455306e-01
4.4700 1.79894975e-07 -5.46656788e-10 -1.33489973e-08 -1.71684286e-08 9.84696975e-09 -2.97063207e-09 1.48830892e-07 1.55707230e-07 9.63630357e-01 -4.86891936e-04 -3.43454842e-02 -2.70666094e-02 2.03973780e-02 -7.26227591e-03 9.01731372e-01 9.14866474e-01
4.4800 1.79783451e-07 5.37048824e-10 -1.25148977e-08 -1.98128930e-08 8.08663733e-09 -3.00711662e-09 1.47992709e-07 1.53072230e-07 9.63034517e-01 4.23775866e-04 -3.21978730e-02 -3.12324743e-02 1.67467129e-02 -7.34516316e-03 9.00027946e-01 9.09429495e-01
4.4900 1.79647116e-07 1.87525904e-09 -1.19789988e-08 -2.20473352e-08 6.16759900e-09 -2.87299680e-09 1.47496041e-07 1.50790644e-07 9.62306903e-01 1.54963515e-03 -3.08176275e-02 -3.47528528e-02 1.27696635e-02 -7.01319595e-03 8.98286057e-01 9.04042525e-01
4.5000 1.79497820e-07 3.52650666e-09 -1.17380414e-08 -2.38979874e-08 4.40526487e-09 -2.55823950e-09 1.47388298e-07 1.49235323e-07 9.61510596e-01 2.93971739e-03 -3.01972052e-02 -3.76698812e-02 9.11951162e-03 -6.24275767e-03 8.96583227e-01 8.99459981e-01
4.5100 1.79355085e-07 5.52904394e-09 -1.17504495e-08 -2.54501696e-08 2.98428340e-09 -2.11080759e-09 1.47683510e-07 1.48556986e-07 9.60749472e-01 4.62598739e-03 -3.02301836e-02 -4.01184872e-02 6.17821266e-03 -5.15140289e-03 8.95026789e-01 8.96053599e-01
4.5200 1.79240262e-07 7.83385048e-09 -1.19555852e-08 -2.68191701e-08 1.94228202e-09 -1.61685676e-09 1.48299357e-07 1.48624782e-07 9.60137047e-01 6.56704370e-03 -3.07605923e-02 -4.22803490e-02 4.02287774e-03 -3.94931755e-03 8.93663149e-01 8.93736709e-01
4.5300 1.79169366e-07 1.02798011e-08 -1.22868915e-08 -2.81131565e-08 1.19530720e-09 -1.16662960e-09 1.49049119e-07 1.49077797e-07 9.59758367e-01 8.62722473e-03 -3.16166692e-02 -4.43254065e-02 2.47867806e-03 -2.85599228e-03 8.92443516e-01 8.92066202e-01
4.5400 1.79147203e-07 1.26198240e-08 -1.26759432e-08 -2.93987597e-08 5.90814905e-10 -8.19689295e-10 1.49692324e-07 1.49463449e-07 9.59638777e-01 1.05985629e-02 -3.26214011e-02 -4.63577108e-02 1.22881385e-03 -2.01545918e-03 8.91258228e-01 8.90471583e-01
4.5500 1.79165018e-07 1.45846672e-08 -1.30494281e-08 -3.06799949e-08 -3.06092605e-11 -5.83036733e-10 1.50020262e-07 1.49406616e-07 9.59731543e-01 1.22543651e-02 -3.35850221e-02 -4.83823979e-02 -5.74797982e-05 -1.44315064e-03 8.90018488e-01 8.88517857e-01
4.5600 1.79202794e-07 1.59559277e-08 -1.33245562e-08 -3.18975691e-08 -7.82202870e-10 -4.10532791e-10 1.49936597e-07 1.48743861e-07 9.59930149e-01 1.34106176e-02 -3.42935345e-02 -5.03048591e-02 -1.61496527e-03 -1.02487967e-03 8.88742373e-01 8.86102528e-01
4.5700 1.79235684e-07 1.66180922e-08 -1.34090577e-08 -3.29493434e-08 -1.69837902e-09 -2.23915748e-10 1.49495375e-07 1.47573081e-07 9.60102635e-01 1.39697932e-02 -3.45090093e-02 -5.19632585e-02 -3.51477316e-03 -5.68548863e-04 8.87600160e-01 8.83516838e-01
4.5800 1.79242646e-07 1.65704977e-08 -1.32097061e-08 -3.37258017e-08 -2.72694135e-09 5.23953621e-11 1.48877636e-07 1.46203090e-07 9.60137528e-01 1.39310043e-02 -3.39916965e-02 -5.31846489e-02 -5.64834847e-03 1.10587928e-04 8.86892186e-01 8.81354426e-01
4.5900 1.79214472e-07 1.58988174e-08 -1.26492269e-08 -3.41492442e-08 -3.74416198e-09 4.55645165e-10 1.48314819e-07 1.45026302e-07 9.59986495e-01 1.33661392e-02 -3.25435367e-02 -5.38468521e-02 -7.75880880e-03 1.10277382e-03 8.86962245e-01 8.80306211e-01
4.6000 1.79158510e-07 1.47233492e-08 -1.16872594e-08 -3.42039699e-08 -4.58642897e-09 9.61531296e-10 1.47990630e-07 1.44365732e-07 9.59689280e-01 1.23764708e-02 -3.00619170e-02 -5.39259997e-02 -9.50664826e-03 2.34720626e-03 8.88077834e-01 8.80918392e-01
4.6100 1.79098328e-07 1.31502831e-08 -1.03383983e-08 -3.39475745e-08 -5.09024406e-09 1.48231008e-09 1.47962638e-07 1.44354704e-07 9.59371740e-01 1.10517060e-02 -2.65857807e-02 -5.35141738e-02 -1.05527291e-02 3.62773420e-03 8.90323492e-01 8.83398497e-01
4.6200 1.79068179e-07 1.12485707e-08 -8.68029843e-09 -3.34997618e-08 -5.13219592e-09 1.88755660e-09 1.48136689e-07 1.44892050e-07 9.59216218e-01 9.45048003e-03 -2.23161240e-02 -5.28014995e-02 -1.06411834e-02 4.62397900e-03 8.93549075e-01 8.87531870e-01
4.6300 1.79103738e-07 9.06102627e-09 -6.84739331e-09 -3.30125685e-08 -4.66136472e-09 2.04100952e-09 1.48304802e-07 1.45684447e-07 9.59412184e-01 7.60955505e-03 -1.75995340e-02 -5.20288949e-02 -9.66657675e-03 5.00172659e-03 8.97393310e-01 8.92728460e-01
4.6400 1.79231796e-07 6.64048714e-09 -5.01003763e-09 -3.26319815e-08 -3.71796737e-09 1.84142710e-09 1.48230264e-07 1.46353723e-07 9.60101453e-01 5.57404435e-03 -1.28743551e-02 -5.14272814e-02 -7.71250060e-03 4.51300316e-03 9.01373861e-01 8.98174364e-01
4.6500 1.79461948e-07 4.08862291e-09 -3.34333071e-09 -3.24634252e-08 -2.43395081e-09 1.25411819e-09 1.47743815e-07 1.46563982e-07 9.61334114e-01 3.42986750e-03 -8.59048261e-03 -5.11629903e-02 -5.05270895e-03 3.07319913e-03 9.05010509e-01 9.03030999e-01
4.6600 1.79782731e-07 1.57259434e-09 -1.99304277e-09 -3.25516649e-08 -1.01396912e-09 3.23086154e-10 1.46810618e-07 1.46119735e-07 9.63048222e-01 1.31763575e-03 -5.12186954e-03 -5.13060434e-02 -2.11158055e-03 7.90652188e-04 9.07937945e-01 9.06617016e-01
4.6700 1.80163361e-07 -6.95354106e-10 -1.04697681e-09 -3.28801114e-08 3.01143061e-10 -8.39751908e-10 1.45540918e-07 1.45002309e-07 9.65079276e-01 -5.84537877e-04 -2.69313025e-03 -5.18291794e-02 6.11685271e-04 -2.05991425e-03 9.09972429e-01 9.08524200e-01
4.6800 1.80560585e-07 -2.51234070e-09 -5.18609492e-10 -3.33874507e-08 1.28209715e-09 -2.08437098e-09 1.44142184e-07 1.43339910e-07 9.67196848e-01 -2.10674846e-03 -1.33776846e-03 -5.26343298e-02 2.64204440e-03 -5.11050162e-03 9.11118001e-01 9.08649544e-01
4.6900 1.80928729e-07 -3.75237190e-09 -3.46585005e-10 -3.39936307e-08 1.76012359e-09 -3.26174427e-09 1.42836142e-07 1.41334521e-07 9.69158063e-01 -3.14392347e-03 -8.97140622e-04 -5.35939241e-02 3.63010594e-03 -7.99566198e-03 9.11523075e-01 9.07157519e-01
4.7000 1.81230179e-07 -4.41650873e-09 -4.09689326e-10 -3.46246942e-08 1.66550603e-09 -4.26014353e-09 1.41779287e-07 1.39184649e-07 9.70763293e-01 -3.69780939e-03 -1.05913264e-03 -5.45903697e-02 3.43192957e-03 -1.04414011e-02 9.11415981e-01 9.04406509e-01
4.7100 1.81443547e-07 -4.63925916e-09 -5.53457938e-10 -3.52276048e-08 1.04528143e-09 -5.02814314e-09 1.41023225e-07 1.37040363e-07 9.71899428e-01 -3.88216035e-03 -1.42662573e-03 -5.55396633e-02 2.14559127e-03 -1.23214969e-02 9.11050979e-01 9.00875073e-01
4.7200 1.81567546e-07 -4.64154916e-09 -6.22391300e-10 -3.57712660e-08 5.42607742e-11 -5.57863178e-09 1.40532340e-07 1.35007969e-07 9.72560282e-01 -3.88306184e-03 -1.60026084e-03 -5.63930844e-02 9.24308074e-05 -1.36673150e-02 9.10683875e-01 8.97108991e-01
4.7300 1.81619861e-07 -4.64361938e-09 -4.91163409e-10 -3.62362623e-08 -1.07961146e-09 -5.97430307e-09 1.40248816e-07 1.33194901e-07 9.72840427e-01 -3.88563972e-03 -1.25852784e-03 -5.71209288e-02 -2.25487261e-03 -1.46322945e-02 9.10575330e-01 8.93688163e-01
4.7400 1.81631676e-07 -4.77068184e-09 -8.90076933e-11 -3.66008200e-08 -2.10732479e-09 -6.30054893e-09 1.40171167e-07 1.31763293e-07 9.72906026e-01 -3.99476760e-03 -2.20276582e-04 -5.76901293e-02 -4.38029789e-03 -1.54256119e-02 9.11000852e-01 8.91194942e-01
4.7500 1.81639586e-07 -4.99125692e-09 5.86843108e-10 -3.68320333e-08 -2.81485176e-09 -6.63477417e-09 1.40403139e-07 1.30953513e-07 9.72951835e-01 -4.18332294e-03 1.52090115e-03 -5.80500911e-02 -5.84066457e-03 -1.62370872e-02 9.12239322e-01 8.90161570e-01
4.7600 1.81677097e-07 -5.11862778e-09 1.47072438e-09 -3.68888496e-08 -3.06840598e-09 -7.02120450e-09 1.41140344e-07 1.31050734e-07 9.73156118e-01 -4.29355485e-03 3.79568239e-03 -5.81370685e-02 -6.35937951e-03 -1.71755195e-02 9.14521178e-01 8.90986279e-01
4.7700 1.81767785e-07 -4.88241802e-09 2.44110337e-09 -3.67376515e-08 -2.83733686e-09 -7.45765546e-09 1.42588819e-07 1.32293826e-07 9.73644393e-01 -4.09742023e-03 6.29137290e-03 -5.78984982e-02 -5.87377596e-03 -1.82362646e-02 9.17939848e-01 8.93829807e-01
4.7800 1.81921508e-07 -4.04862625e-09 3.34419324e-09 -3.63748462e-08 -2.18988650e-09 -7.89665170e-09 1.44842229e-07 1.34755691e-07 9.74469365e-01 -3.39764098e-03 8.61261836e-03 -5.73285341e-02 -4.52617524e-03 -1.93038928e-02 9.22355808e-01 8.98525740e-01
4.7900 1.82134138e-07 -2.54404415e-09 4.02490681e-09 -3.58463832e-08 -1.26519454e-09 -8.25919234e-09 1.47768617e-07 1.38244230e-07 9.75609454e-01 -2.13240354e-03 1.03609446e-02 -5.64989174e-02 -2.60571779e-03 -2.01857643e-02 9.27339078e-01 9.04547596e-01
4.8000 1.82390354e-07 -5.34539203e-10 4.35992645e-09 -3.52536435e-08 -2.31700222e-10 -8.45653961e-09 1.50962097e-07 1.42273858e-07 9.76983561e-01 -4.41213178e-04 1.12197185e-02 -5.55684986e-02 -4.62025879e-04 -2.06652336e-02 9.32193567e-01 9.11066308e-01
4.8100 1.82668432e-07 1.57999493e-09 4.28665997e-09 -3.47391803e-08 7.54802061e-10 -8.41422707e-09 1.53795906e-07 1.46136481e-07 9.78476303e-01 1.33937330e-03 1.10285266e-02 -5.47610642e-02 1.58180984e-03 -2.05603078e-02 9.36083139e-01 9.17104641e-01
4.8200 1.82945665e-07 3.26206573e-09 3.82176427e-09 -3.44530813e-08 1.58166478e-09 -8.09290764e-09 1.55576413e-07 1.49065171e-07 9.79966663e-01 2.75689392e-03 9.83073374e-03 -5.43125824e-02 3.29247799e-03 -1.97746253e-02 9.38241708e-01 9.21759561e-01
4.8300 1.83203181e-07 3.99793115e-09 3.06416460e-09 -3.45085917e-08 2.19192349e-09 -7.50208590e-09 1.55756685e-07 1.50446522e-07 9.81353504e-01 3.37874944e-03 7.88117971e-03 -5.44014143e-02 4.55240899e-03 -1.83310879e-02 9.38212019e-01 9.24433340e-01
4.8400 1.83429288e-07 3.47070387e-09 2.18023745e-09 -3.49410575e-08 2.57925914e-09 -6.70449029e-09 1.54139172e-07 1.50013941e-07 9.82573396e-01 2.93787110e-03 5.60801649e-03 -5.50836008e-02 5.34926984e-03 -1.63826501e-02 9.36035683e-01 9.25002303e-01
4.8500 1.83620941e-07 1.68383417e-09 1.37274803e-09 -3.56849077e-08 2.77166441e-09 -5.81035511e-09 1.50992616e-07 1.47953925e-07 9.83608621e-01 1.43666111e-03 3.53277919e-03 -5.62564377e-02 5.74201050e-03 -1.41984549e-02 9.32321623e-01 9.23865179e-01
4.8600 1.83783374e-07 -1.01211528e-09 8.39391035e-10 -3.65787114e-08 2.81280054e-09 -4.96210366e-09 1.47031938e-07 1.44882635e-07 9.84485533e-01 -8.30406800e-04 2.16373864e-03 -5.76662065e-02 5.82209562e-03 -1.21264818e-02 9.28152658e-01 9.21848272e-01
4.8700 1.83928243e-07 -4.00419646e-09 7.30157187e-10 -3.73996710e-08 2.74877757e-09 -4.31106193e-09 1.43254532e-07 1.41692248e-07 9.85265067e-01 -3.34798353e-03 1.88626543e-03 -5.89622853e-02 5.68596047e-03 -1.05366576e-02 9.24841064e-01 9.19990366e-01
4.8800 1.84070828e-07 -6.58928295e-09 1.11402535e-09 -3.79191614e-08 2.62373818e-09 -3.98915140e-09 1.40676409e-07 1.39310996e-07 9.86028121e-01 -5.52464895e-03 2.87721804e-03 -5.97844997e-02 5.42571339e-03 -9.75162215e-03 9.23596190e-01 9.19270282e-01
4.8900 1.84226864e-07 -8.17860999e-09 1.96390838e-09 -3.79635145e-08 2.48229329e-09 -4.08003473e-09 1.40048648e-07 1.38450906e-07 9.86858835e-01 -6.86495343e-03 5.06631854e-03 -5.98588593e-02 5.13406228e-03 -9.97609182e-03 9.25201341e-01 9.20359312e-01
4.9000 1.84409566e-07 -8.46762837e-09 3.16444157e-09 -3.74618547e-08 2.37301613e-09 -4.59555100e-09 1.41644524e-07 1.39421989e-07 9.87828692e-01 -7.11232984e-03 8.15630619e-03 -5.90730239e-02 4.91148438e-03 -1.12391211e-02 9.29799644e-01 9.23472007e-01
4.9100 1.84627327e-07 -7.51601950e-09 4.54111710e-09 -3.64663970e-08 2.34661940e-09 -5.46378035e-09 1.45186027e-07 1.42068866e-07 9.88983992e-01 -6.31647702e-03 1.16979949e-02 -5.75084720e-02 4.86245039e-03 -1.33648090e-02 9.36857038e-01 9.28354679e-01
4.9200 1.84882442e-07 -5.71399136e-09 5.90317505e-09 -3.51390749e-08 2.44542094e-09 -6.53399087e-09 1.49932550e-07 1.45843980e-07 9.90338681e-01 -4.80510748e-03 1.52006817e-02 -5.54196494e-02 5.07368075e-03 -1.59843389e-02 9.45314606e-01 9.34403948e-01
4.9300 1.85171039e-07 -3.65013811e-09 7.08849026e-09 -3.37088501e-08 2.68592780e-09 -7.60068402e-09 1.54900541e-07 1.49985784e-07 9.91873592e-01 -3.07288763e-03 1.82476280e-02 -5.31668833e-02 5.57822114e-03 -1.85948004e-02 9.53881449e-01 9.40864870e-01
4.9400 1.85484191e-07 -1.92887933e-09 7.99791444e-09 -3.24130076e-08 3.04142716e-09 -8.44429992e-09 1.59140219e-07 1.53737346e-07 9.93542066e-01 -1.62793574e-03 2.05843406e-02 -5.11239750e-02 6.31958591e-03 -2.06588325e-02 9.61374496e-01 9.47035249e-01
4.9500 1.85809938e-07 -1.00010210e-09 8.60959779e-09 -3.14401845e-08 3.43387657e-09 -8.88097781e-09 1.61979249e-07 1.56532148e-07 9.95280582e-01 -8.48541745e-04 2.21552859e-02 -4.95884158e-02 7.13518138e-03 -2.17264625e-02 9.66998910e-01 9.52407629e-01
4.9600 1.86135737e-07 -1.05540825e-09 8.96992428e-09 -3.08914227e-08 3.74265183e-09 -8.80971626e-09 1.63158831e-07 1.58091766e-07 9.97021898e-01 -8.95874867e-04 2.30804063e-02 -4.87199141e-02 7.77461756e-03 -2.15505890e-02 9.70486515e-01 9.56710544e-01
4.9700 1.86450770e-07 -2.01825015e-09 9.16498486e-09 -3.07688679e-08 3.83206636e-09 -8.24396489e-09 1.62828637e-07 1.58416738e-07 9.98707534e-01 -1.70564644e-03 2.35815772e-02 -4.85224378e-02 7.95682615e-03 -2.01643392e-02 9.72061027e-01 9.59853514e-01
4.9800 1.86747540e-07 -3.62007721e-09 9.28263334e-09 -3.09923106e-08 3.59198499e-09 -7.31709331e-09 1.61417786e-07 1.57692677e-07 1.00029660e+00 -3.05212439e-03 2.38848889e-02 -4.88701345e-02 7.45419198e-03 -1.78944477e-02 9.72259226e-01 9.61818971e-01
4.9900 1.87022424e-07 -5.52487056e-09 9.37806905e-09 -3.14349104e-08 2.97931118e-09 -6.25719402e-09 1.59440712e-07 1.56162830e-07 1.00176895e+00 -4.65286890e-03 2.41320853e-02 -4.95635315e-02 6.17837665e-03 -1.52995315e-02 9.71684638e-01 9.62563483e-01
5.0000 1.87275121e-07 -7.45094005e-09 9.45453793e-09 -3.19641457e-08 2.04548972e-09 -5.33490034e-09 1.57314573e-07 1.54025162e-07 1.00312249e+00 -6.27118548e-03 2.43309883e-02 -5.03940395e-02 4.23708181e-03 -1.30422856e-02 9.70788249e-01 9.61983046e-01
5.0100 1.87507305e-07 -9.24571251e-09 9.46551770e-09 -3.24738885e-08 9.37975658e-10 -4.79601523e-09 1.55253222e-07 1.51395182e-07 1.00436594e+00 -7.77904204e-03 2.43612674e-02 -5.11945324e-02 1.93684393e-03 -1.17244966e-02 9.69753632e-01 9.59965979e-01
5.0200 1.87721025e-07 -1.08925087e-08 9.33736006e-09 -3.28982330e-08 -1.28623672e-10 -4.79618096e-09 1.53267643e-07 1.48342838e-07 1.00551028e+00 -9.16275982e-03 2.40328701e-02 -5.18612075e-02 -2.76966994e-04 -1.17270796e-02 9.68519178e-01 9.56515131e-01
5.0300 1.87917442e-07 -1.24578239e-08 9.00427892e-09 -3.32053237e-08 -9.25803524e-10 -5.35561017e-09 1.51258573e-07 1.44977159e-07 1.00656181e+00 -1.04786213e-02 2.31761958e-02 -5.23439195e-02 -1.93060295e-03 -1.30992674e-02 9.66915468e-01 9.51885598e-01
5.0400 1.88096373e-07 -1.40112507e-08 8.44320773e-09 -3.33770313e-08 -1.27382045e-09 -6.34741087e-09 1.49151299e-07 1.41530068e-07 1.00751962e+00 -1.17854261e-02 2.17318653e-02 -5.26141748e-02 -2.65175581e-03 -1.55300836e-02 9.64851883e-01 9.46670043e-01
5.0500 1.88256759e-07 -1.55586946e-08 7.69591074e-09 -3.33852045e-08 -1.09429741e-09 -7.52427905e-09 1.47008771e-07 1.38390194e-07 1.00837791e+00 -1.30882087e-02 1.98076058e-02 -5.26276783e-02 -2.27843454e-03 -1.84137713e-02 9.62469625e-01 9.41777419e-01
5.0600 1.88397808e-07 -1.70202367e-08 6.86989780e-09 -3.31757943e-08 -4.35386139e-10 -8.57773505e-09 1.45071675e-07 1.36058554e-07 1.00913218e+00 -1.43195323e-02 1.76805097e-02 -5.22992497e-02 -9.10918951e-04 -2.09948938e-02 9.60193905e-01 9.38288092e-01
5.0700 1.88520290e-07 -1.82616074e-08 6.11676530e-09 -3.26684858e-08 5.39677059e-10 -9.21477478e-09 1.43706963e-07 1.35031865e-07 1.00978620e+00 -1.53659439e-02 1.57411529e-02 -5.15021721e-02 1.11213157e-03 -2.25560441e-02 9.58659239e-01 9.37215327e-01
5.0800 1.88627348e-07 -1.91627417e-08 5.59417124e-09 -3.17731574e-08 1.59804714e-09 -9.23164459e-09 1.43285620e-07 1.35652022e-07 1.01035652e+00 -1.61257170e-02 1.43955925e-02 -5.00940878e-02 3.30801665e-03 -2.25984672e-02 9.58532310e-01 9.39241859e-01
5.0900 1.88724381e-07 -1.96893143e-08 5.42318412e-09 -3.04179566e-08 2.50296516e-09 -8.56506542e-09 1.44040294e-07 1.37978194e-07 1.01087197e+00 -1.65691966e-02 1.39554995e-02 -4.79612592e-02 5.18612501e-03 -2.09674247e-02 9.60297014e-01 9.44515715e-01
5.1000 1.88817917e-07 -1.99309938e-08 5.65436628e-09 -2.85793854e-08 3.07907750e-09 -7.30750033e-09 1.45961904e-07 1.41733481e-07 1.01136771e+00 -1.67712059e-02 1.45508427e-02 -4.50660603e-02 6.38318709e-03 -1.78894949e-02 9.64081289e-01 9.52574981e-01
5.1100 1.88913807e-07 -2.00842951e-08 6.25315340e-09 -2.63039465e-08 3.25690642e-09 -5.68311031e-09 1.48778719e-07 1.46352515e-07 1.01187560e+00 -1.68968376e-02 1.60923121e-02 -4.14812121e-02 6.75527185e-03 -1.39136179e-02 9.69589861e-01 9.62431515e-01
5.1200 1.89015430e-07 -2.03822968e-08 7.10887168e-09 -2.37136578e-08 3.08305081e-09 -3.99185101e-09 1.52028348e-07 1.51119547e-07 1.01241445e+00 -1.71424594e-02 1.82946414e-02 -3.73986053e-02 6.39878443e-03 -9.77416316e-03 9.76168030e-01 9.72792651e-01
5.1300 1.89122660e-07 -2.09977242e-08 8.06423305e-09 -2.09928894e-08 2.69424302e-09 -2.53752040e-09 1.55196279e-07 1.55353002e-07 1.01298435e+00 -1.76541653e-02 2.07526615e-02 -3.31086535e-02 5.59664647e-03 -6.21474772e-03 9.82974195e-01 9.82356094e-01
5.1400 1.89232124e-07 -2.19595283e-08 8.95589035e-09 -1.83595678e-08 2.26539556e-09 -1.55909464e-09 1.57868918e-07 1.58575219e-07 1.01356785e+00 -1.84574191e-02 2.30458045e-02 -2.89549443e-02 4.71069556e-03 -3.82015906e-03 9.89201290e-01 9.90091827e-01
5.1500 1.89338846e-07 -2.31199992e-08 9.65365016e-09 -1.60279537e-08 1.95005726e-09 -1.18257090e-09 1.59844543e-07 1.60612030e-07 1.01413859e+00 -1.94290852e-02 2.48391003e-02 -2.52755339e-02 4.05846633e-03 -2.89853118e-03 9.94273073e-01 9.95433008e-01
5.1600 1.89438794e-07 -2.41904471e-08 1.00870833e-08 -1.41717802e-08 1.83343517e-09 -1.40371557e-09 1.61163650e-07 1.61593370e-07 1.01467488e+00 -2.03271094e-02 2.59516625e-02 -2.23447519e-02 3.81607015e-03 -3.43920996e-03 9.97954686e-01 9.98331546e-01
5.1700 1.89531431e-07 -2.48360274e-08 1.02529617e-08 -1.28954481e-08 1.91286340e-09 -2.10292341e-09 1.62052917e-07 1.61862857e-07 1.01517340e+00 -2.08700290e-02 2.63757509e-02 -2.03276775e-02 3.97793097e-03 -5.14922982e-03 1.00035145e+00 9.99180149e-01
5.1800 1.89621254e-07 -2.47955353e-08 1.02034309e-08 -1.22180474e-08 2.11035363e-09 -3.08472906e-09 1.62811103e-07 1.61836727e-07 1.01565755e+00 -2.08376592e-02 2.62461955e-02 -1.92548464e-02 4.38290120e-03 -7.55011187e-03 1.00181124e+00 9.98644031e-01
5.1900 1.89717533e-07 -2.39802376e-08 1.00208227e-08 -1.20715327e-08 2.31041576e-09 -4.12888993e-09 1.63686585e-07 1.61868111e-07 1.01617625e+00 -2.01543584e-02 2.57754168e-02 -1.90193179e-02 4.79259073e-03 -1.01029389e-02 1.00277799e+00 9.97467639e-01
5.2000 1.89832034e-07 -2.25122607e-08 9.78855529e-09 -1.23116198e-08 2.40779974e-09 -5.03873180e-09 1.64796708e-07 1.62165776e-07 1.01679193e+00 -1.89216290e-02 2.51783934e-02 -1.93938500e-02 4.99009945e-03 -1.23266717e-02 1.00365485e+00 9.96318274e-01
5.2100 1.89975235e-07 -2.06856157e-08 9.56765001e-09 -1.27384836e-08 2.34713385e-09 -5.67546342e-09 1.66118786e-07 1.62790457e-07 1.01756044e+00 -1.73857295e-02 2.46121417e-02 -2.00635772e-02 4.86185241e-03 -1.38820681e-02 1.00472327e+00 9.95703055e-01
5.2200 1.90152134e-07 -1.88629461e-08 9.38529743e-09 -1.31240325e-08 2.14037267e-09 -5.97295391e-09 1.67550453e-07 1.63717872e-07 1.01850856e+00 -1.58511736e-02 2.41462782e-02 -2.06690696e-02 4.43343533e-03 -1.46077486e-02 1.00613459e+00 9.95960279e-01
5.2300 1.90359035e-07 -1.73466699e-08 9.23698907e-09 -1.32427501e-08 1.85685080e-09 -5.93384669e-09 1.69006604e-07 1.64929608e-07 1.01961683e+00 -1.45725252e-02 2.37685723e-02 -2.08549962e-02 3.84874649e-03 -1.45105745e-02 1.00795788e+00 9.97296056e-01
5.2400 1.90582538e-07 -1.62740355e-08 9.09890660e-09 -1.29031310e-08 1.59115131e-09 -5.61276706e-09 1.70504278e-07 1.66482662e-07 1.02081398e+00 -1.36660758e-02 2.34169565e-02 -2.03196763e-02 3.30333558e-03 -1.37244611e-02 1.01024518e+00 9.99824055e-01
5.2500 1.90801338e-07 -1.55771007e-08 8.94423486e-09 -1.19762364e-08 1.42207326e-09 -5.09446242e-09 1.72192236e-07 1.68519847e-07 1.02198635e+00 -1.30759076e-02 2.30216635e-02 -1.88600337e-02 2.95948502e-03 -1.24568310e-02 1.01307207e+00 1.00357472e+00
5.2600 1.90990595e-07 -1.50237883e-08 8.75674368e-09 -1.04170870e-08 1.37883330e-09 -4.47383071e-09 1.74306463e-07 1.71211466e-07 1.02300120e+00 -1.26080177e-02 2.25403294e-02 -1.64052224e-02 2.87643809e-03 -1.09397411e-02 1.01652829e+00 1.00846499e+00
5.2700 1.91127793e-07 -1.43245324e-08 8.53718149e-09 -8.27424456e-09 1.42738863e-09 -3.84183844e-09 1.77066197e-07 1.74651747e-07 1.02373797e+00 -1.20196132e-02 2.19745594e-02 -1.30316326e-02 2.98239761e-03 -9.39547043e-03 1.02066129e+00 1.01424821e+00
5.2800 1.91198483e-07 -1.32629922e-08 8.30161152e-09 -5.68383800e-09 1.48182179e-09 -3.27779976e-09 1.80553265e-07 1.78757287e-07 1.02411902e+00 -1.11287884e-02 2.13657037e-02 -8.95341965e-03 3.09842972e-03 -8.01770506e-03 1.02540251e+00 1.02048324e+00
5.2900 1.91200238e-07 -1.17992140e-08 8.07422824e-09 -2.84691798e-09 1.43617524e-09 -2.84585396e-09 1.84628334e-07 1.83218655e-07 1.02413085e+00 -9.90126100e-03 2.07763631e-02 -4.48682925e-03 3.00462291e-03 -6.96300508e-03 1.03051912e+00 1.02656074e+00
5.3000 1.91143620e-07 -1.01036645e-08 7.87904587e-09 6.94920996e-12 1.20455478e-09 -2.59262714e-09 1.88925950e-07 1.87537878e-07 1.02382947e+00 -8.47920879e-03 2.02689391e-02 7.08350425e-06 2.52320997e-03 -6.34515645e-03 1.03562628e+00 1.03180433e+00
5.3100 1.91049828e-07 -8.50704020e-09 7.73452087e-09 2.66264595e-09 7.54481417e-10 -2.54402316e-09 1.92939954e-07 1.91150412e-07 1.02332791e+00 -7.13944181e-03 1.98916945e-02 4.19001038e-03 1.58753381e-03 -6.22736414e-03 1.04027017e+00 1.03563034e+00
5.3200 1.90945639e-07 -7.38350543e-09 7.65298640e-09 4.95886881e-09 1.21270496e-10 -2.70110875e-09 1.96173989e-07 1.93594150e-07 1.02276928e+00 -6.19562877e-03 1.96771800e-02 7.80825638e-03 2.71592052e-04 -6.61219594e-03 1.04405909e+00 1.03771849e+00
5.3300 1.90857054e-07 -7.01128855e-09 7.64385360e-09 6.81355820e-09 -6.01550732e-10 -3.03699727e-09 1.98303177e-07 1.94664629e-07 1.02229280e+00 -5.88138069e-03 1.96503562e-02 1.07326783e-02 -1.23008661e-03 -7.43394186e-03 1.04679446e+00 1.03813043e+00
5.3400 1.90803406e-07 -7.46405057e-09 7.71728414e-09 8.22827050e-09 -1.29192025e-09 -3.49747886e-09 1.99284910e-07 1.94495511e-07 1.02200226e+00 -6.25900814e-03 1.98379450e-02 1.29655167e-02 -2.66413156e-03 -8.56012229e-03 1.04854671e+00 1.03732246e+00
5.3500 1.90793501e-07 -8.57529349e-09 7.88455831e-09 9.27037141e-09 -1.83798569e-09 -4.00742922e-09 1.99373137e-07 1.93527722e-07 1.02194529e+00 -7.18946349e-03 2.02693030e-02 1.46123755e-02 -3.79867577e-03 -9.80712906e-03 1.04963750e+00 1.03603170e+00
5.3600 1.90824719e-07 -9.99045958e-09 8.15295960e-09 1.00389351e-08 -2.17200423e-09 -4.48302800e-09 1.99026154e-07 1.92371122e-07 1.02210844e+00 -8.37583619e-03 2.09632157e-02 1.58286139e-02 -4.49352295e-03 -1.09700839e-02 1.05052443e+00 1.03506082e+00
5.3700 1.90885099e-07 -1.12878812e-08 8.51603383e-09 1.06258319e-08 -2.28778807e-09 -4.84739770e-09 1.98739084e-07 1.91603898e-07 1.02242824e+00 -9.46466657e-03 2.19028216e-02 1.67582091e-02 -4.73612158e-03 -1.18610723e-02 1.05162460e+00 1.03502741e+00
5.3800 1.90957579e-07 -1.21232976e-08 8.94321890e-09 1.10855016e-08 -2.23652928e-09 -5.04551393e-09 1.98863002e-07 1.91580959e-07 1.02281376e+00 -1.01671297e-02 2.30089511e-02 1.74863057e-02 -4.63271789e-03 -1.23456013e-02 1.05314188e+00 1.03616356e+00
5.3900 1.91025007e-07 -1.23435018e-08 9.37457915e-09 1.14242672e-08 -2.10388303e-09 -5.05396462e-09 1.99480352e-07 1.92322504e-07 1.02317341e+00 -1.03544213e-02 2.41266340e-02 1.80225064e-02 -4.36073391e-03 -1.23664587e-02 1.05496813e+00 1.03824094e+00
5.4000 1.91074453e-07 -1.20263962e-08 9.72568853e-09 1.16132967e-08 -1.97779321e-09 -4.88256486e-09 2.00387042e-07 1.93526684e-07 1.02343801e+00 -1.00914714e-02 2.50377548e-02 1.83213413e-02 -4.10207712e-03 -1.19476507e-02 1.05670563e+00 1.04065590e+00
5.4100 1.91099701e-07 -1.14328513e-08 9.90451041e-09 1.16206000e-08 -1.91931916e-09 -4.56747705e-09 2.01191960e-07 1.94705164e-07 1.02357413e+00 -9.59668119e-03 2.55046018e-02 1.83326431e-02 -3.98279263e-03 -1.11775613e-02 1.05781469e+00 1.04265434e+00
5.4200 1.91101484e-07 -1.08894740e-08 9.83739947e-09 1.14498022e-08 -1.94679855e-09 -4.15834014e-09 2.01499211e-07 1.95394073e-07 1.02358541e+00 -9.14366671e-03 2.53369018e-02 1.80625284e-02 -4.04043315e-03 -1.01774669e-02 1.05784117e+00 1.04362327e+00
5.4300 1.91085733e-07 -1.06477592e-08 9.49684259e-09 1.11697596e-08 -2.03798079e-09 -3.70386846e-09 2.01104576e-07 1.95362727e-07 1.02350328e+00 -8.94313559e-03 2.44633234e-02 1.76199230e-02 -4.22867745e-03 -9.06632095e-03 1.05664339e+00 1.04334840e+00
5.4400 1.91060708e-07 -1.07740180e-08 8.92112721e-09 1.09210562e-08 -2.14759645e-09 -3.24067508e-09 2.00128873e-07 1.94740602e-07 1.02337162e+00 -9.05053548e-03 2.29821786e-02 1.72266719e-02 -4.45386645e-03 -7.93344772e-03 1.05452993e+00 1.04214262e+00
5.4500 1.91034061e-07 -1.11125891e-08 8.21704836e-09 1.08927615e-08 -2.23196800e-09 -2.78859855e-09 1.99031282e-07 1.94010715e-07 1.02323106e+00 -9.33516061e-03 2.11684315e-02 1.71808456e-02 -4.62600764e-03 -6.82716061e-03 1.05224518e+00 1.04079201e+00
5.4600 1.91010757e-07 -1.13367727e-08 7.54116851e-09 1.12733130e-08 -2.26990721e-09 -2.35316052e-09 1.98488466e-07 1.93865399e-07 1.02310796e+00 -9.52286262e-03 1.94254553e-02 1.77793396e-02 -4.70195255e-03 -5.76083158e-03 1.05078989e+00 1.04032711e+00
5.4700 1.90992337e-07 -1.10684943e-08 7.06186018e-09 1.21894610e-08 -2.27108028e-09 -1.93301424e-09 1.99175164e-07 1.94971069e-07 1.02301038e+00 -9.29645349e-03 1.81872756e-02 1.92217248e-02 -4.70251127e-03 -4.73116111e-03 1.05112293e+00 1.04168925e+00
5.4800 1.90977463e-07 -1.00217081e-08 6.91125158e-09 1.36532568e-08 -2.26839577e-09 -1.52846056e-09 2.01520263e-07 1.97723407e-07 1.02293110e+00 -8.41605340e-03 1.77947792e-02 2.15268053e-02 -4.69643974e-03 -3.73903499e-03 1.05383663e+00 1.04540116e+00
5.4900 1.90963282e-07 -8.11582973e-09 7.14084451e-09 1.55366319e-08 -2.29764207e-09 -1.14700179e-09 2.05524928e-07 2.02080284e-07 1.02285486e+00 -6.81430127e-03 1.83813439e-02 2.44926494e-02 -4.75806767e-03 -2.80309868e-03 1.05891456e+00 1.05135339e+00
5.5000 1.90946906e-07 -5.51721011e-09 7.69514139e-09 1.75858763e-08 -2.37297802e-09 -8.03482049e-10 2.10710714e-07 2.07534254e-07 1.02276636e+00 -4.63116684e-03 1.98048143e-02 2.77194578e-02 -4.91645674e-03 -1.96005045e-03 1.06565947e+00 1.05878296e+00
5.5100 1.90926441e-07 -2.59411459e-09 8.41352093e-09 1.94762972e-08 -2.46890731e-09 -5.14941591e-10 2.16222145e-07 2.13238296e-07 1.02265568e+00 -2.17614297e-03 2.16522058e-02 3.06957009e-02 -5.11813623e-03 -1.25197406e-03 1.07282744e+00 1.06645733e+00
5.5200 1.90901236e-07 1.96800612e-10 9.06280524e-09 2.08942835e-08 -2.51727460e-09 -2.92793585e-10 2.21055125e-07 2.18245057e-07 1.02251968e+00 1.67095434e-04 2.33234490e-02 3.29273980e-02 -5.22107773e-03 -7.07110506e-04 1.07893762e+00 1.07300943e+00
5.5300 1.90871448e-07 2.44940917e-09 9.39373441e-09 2.16242014e-08 -2.42238763e-09 -1.36251169e-10 2.24338793e-07 2.21780155e-07 1.02235957e+00 2.05738003e-03 2.41767304e-02 3.40749861e-02 -5.02627356e-03 -3.23700557e-04 1.08266867e+00 1.07731869e+00
5.5400 1.90837267e-07 3.92109302e-09 9.20678815e-09 2.16143802e-08 -2.09060140e-09 -3.05013465e-11 2.25579528e-07 2.23458425e-07 1.02217672e+00 3.29096976e-03 2.36979598e-02 3.40572464e-02 -4.33924580e-03 -6.54731529e-05 1.08322289e+00 1.07881817e+00
5.5500 1.90798246e-07 4.57995170e-09 8.40902455e-09 2.10012349e-08 -1.46507358e-09 4.89179383e-11 2.24788457e-07 2.23372302e-07 1.02196900e+00 3.84123977e-03 2.16471753e-02 3.30892877e-02 -3.04216760e-03 1.27644472e-04 1.08054670e+00 1.07763218e+00
5.5600 1.90753107e-07 4.57290417e-09 7.04522546e-09 2.00820719e-08 -5.53950359e-10 1.26899831e-10 2.22453309e-07 2.22026258e-07 1.02172963e+00 3.83191044e-03 1.81388561e-02 3.16397009e-02 -1.15224020e-03 3.16926151e-04 1.07534010e+00 1.07450478e+00
5.5700 1.90700076e-07 4.13233020e-09 5.29336303e-09 1.92419312e-08 5.58154239e-10 2.18472481e-10 2.19367701e-07 2.20144327e-07 1.02144896e+00 3.45861355e-03 1.36304120e-02 3.03153078e-02 1.15466093e-03 5.39571819e-04 1.06885330e+00 1.07054753e+00
5.5800 1.90637591e-07 3.46230102e-09 3.42433478e-09 1.88534170e-08 1.72042732e-09 3.22093217e-10 2.16377644e-07 2.18420164e-07 1.02111824e+00 2.89326267e-03 8.81868109e-03 2.97033497e-02 3.56546193e-03 7.92199400e-04 1.06253353e+00 1.06689119e+00
5.5900 1.90564997e-07 2.65226802e-09 1.73611521e-09 1.91767054e-08 2.74609224e-09 4.20109020e-10 2.14130086e-07 2.17296287e-07 1.02073336e+00 2.21144371e-03 4.47052995e-03 3.02139335e-02 5.69272218e-03 1.03187656e-03 1.05762927e+00 1.06435387e+00
5.6000 1.90482884e-07 1.65383571e-09 4.79876812e-10 2.02872942e-08 3.45457747e-09 4.87177816e-10 2.12903891e-07 2.16845646e-07 1.02029682e+00 1.37278058e-03 1.23271668e-03 3.19661554e-02 7.16211529e-03 1.19665871e-03 1.05486847e+00 1.06322724e+00
5.6100 1.90392874e-07 3.29890894e-10 -2.01987409e-10 2.20514971e-08 3.71394379e-09 5.04013831e-10 2.12572275e-07 2.16790232e-07 1.01981667e+00 2.62105914e-04 -5.27683034e-04 3.47494245e-02 7.70033606e-03 1.23919779e-03 1.05430052e+00 1.06324005e+00
5.6200 1.90296940e-07 -1.44470295e-09 -3.09355698e-10 2.41564981e-08 3.47193911e-09 4.71126676e-10 2.12699379e-07 2.16642445e-07 1.01930308e+00 -1.22598750e-03 -8.09590075e-04 3.80707421e-02 7.19934626e-03 1.16038608e-03 1.05533825e+00 1.06369798e+00
5.6300 1.90196581e-07 -3.67359607e-09 1.91563037e-11 2.61868864e-08 2.76760456e-09 4.16461611e-10 2.12729027e-07 2.15913094e-07 1.01876401e+00 -3.09510374e-03 3.10275943e-05 4.12752399e-02 5.74027194e-03 1.02812337e-03 1.05697517e+00 1.06374356e+00
5.6400 1.90092263e-07 -6.16858101e-09 5.44977879e-10 2.77272711e-08 1.72111609e-09 3.92521948e-10 2.12195931e-07 2.14309569e-07 1.01820225e+00 -5.18779765e-03 1.38082390e-03 4.37078603e-02 3.57221917e-03 9.70380187e-04 1.05810314e+00 1.06264574e+00
5.6500 1.89983437e-07 -8.55257855e-09 9.92293626e-10 2.84641670e-08 5.05601654e-10 4.62229836e-10 2.10887319e-07 2.11855150e-07 1.01761554e+00 -7.18790689e-03 2.53035622e-03 4.48739575e-02 1.05381443e-03 1.14071596e-03 1.05783195e+00 1.06002648e+00
5.6600 1.89869181e-07 -1.03426393e-08 1.11732130e-09 2.82613450e-08 -6.90821993e-10 6.77192813e-10 2.08905208e-07 2.08891579e-07 1.01699987e+00 -8.69010963e-03 2.85232008e-03 4.45581539e-02 -1.42542129e-03 1.66520087e-03 1.05572024e+00 1.05596002e+00
5.6700 1.89749225e-07 -1.10886565e-08 7.65855282e-10 2.71905726e-08 -1.70278276e-09 1.05553014e-09 2.06616997e-07 2.05969744e-07 1.01635475e+00 -9.31634684e-03 1.94964437e-03 4.28729440e-02 -3.52313653e-03 2.58822359e-03 1.05186099e+00 1.05092607e+00
5.6800 1.89624829e-07 -1.05208827e-08 -9.50403830e-11 2.55116589e-08 -2.41633064e-09 1.56753779e-09 2.04520565e-07 2.03671772e-07 1.01568772e+00 -8.83974016e-03 -2.62885299e-04 4.02274155e-02 -5.00341072e-03 3.83742568e-03 1.04681251e+00 1.04564652e+00
5.6900 1.89499016e-07 -8.65372782e-09 -1.37747048e-09 2.36085502e-08 -2.78314850e-09 2.13558654e-09 2.03076368e-07 2.02428806e-07 1.01501543e+00 -7.27188902e-03 -3.55965380e-03 3.72266638e-02 -5.76606664e-03 5.22340299e-03 1.04141055e+00 1.04086789e+00
5.7000 1.89375826e-07 -5.80696711e-09 -2.90253571e-09 2.18985629e-08 -2.81923547e-09 2.65019609e-09 2.02564886e-07 2.02395847e-07 1.01435951e+00 -4.88085884e-03 -7.48085701e-03 3.45287881e-02 -5.84389291e-03 6.47893402e-03 1.03652659e+00 1.03716163e+00
5.7100 1.89258666e-07 -2.53348174e-09 -4.44924475e-09 2.07373269e-08 -2.59090766e-09 2.99864453e-09 2.03013267e-07 2.03421004e-07 1.01373771e+00 -2.13066698e-03 -1.14582628e-02 3.26950176e-02 -5.37369777e-03 7.32884558e-03 1.03284380e+00 1.03479895e+00
5.7200 1.89148247e-07 5.25189687e-10 -5.80814618e-09 2.03417426e-08 -2.19341212e-09 3.09771290e-09 2.04207033e-07 2.05111334e-07 1.01315298e+00 4.39923557e-04 -1.49531461e-02 3.20681289e-02 -4.55215462e-03 7.56998961e-03 1.03070789e+00 1.03372572e+00
5.7300 1.89040922e-07 2.80954523e-09 -6.82560892e-09 2.07478167e-08 -1.72807028e-09 2.92001311e-09 2.05772675e-07 2.06964618e-07 1.01258476e+00 2.36075439e-03 -1.75702017e-02 3.27057753e-02 -3.58864766e-03 7.13554465e-03 1.03008109e+00 1.03362798e+00
5.7400 1.88928246e-07 3.98470416e-09 -7.42883708e-09 2.18113607e-08 -1.28290400e-09 2.50475341e-09 2.07295474e-07 2.08517323e-07 1.01198683e+00 3.35011945e-03 -1.91219276e-02 3.43813638e-02 -2.66531160e-03 6.12129356e-03 1.03059639e+00 1.03405237e+00
5.7500 1.88798266e-07 4.01109366e-09 -7.62814086e-09 2.32494693e-08 -9.19813621e-10 1.94848393e-09 2.08430688e-07 2.09459358e-07 1.01129449e+00 3.37430059e-03 -1.96345269e-02 3.66492658e-02 -1.91056070e-03 4.76299091e-03 1.03168353e+00 1.03453596e+00
5.7600 1.88638529e-07 3.12479886e-09 -7.49959518e-09 2.47117190e-08 -6.69327129e-10 1.37787411e-09 2.08975451e-07 2.09683998e-07 1.01044075e+00 2.63124601e-03 -1.93033719e-02 3.89569724e-02 -1.38818285e-03 3.36984445e-03 1.03272560e+00 1.03470726e+00
5.7700 1.88440115e-07 1.73986442e-09 -7.15605820e-09 2.58638977e-08 -5.32292489e-10 9.12721632e-10 2.08887819e-07 2.09268248e-07 1.00937805e+00 1.46864700e-03 -1.84185301e-02 4.07771218e-02 -1.10070194e-03 2.23415950e-03 1.03320529e+00 1.03433874e+00
5.7800 1.88201538e-07 3.09904559e-10 -6.71638572e-09 2.64648734e-08 -4.86877594e-10 6.31023733e-10 2.08259930e-07 2.08404076e-07 1.00809897e+00 2.67739342e-04 -1.72856388e-02 4.17288175e-02 -1.00366433e-03 1.54606254e-03 1.03280989e+00 1.03335229e+00
5.7900 1.87931168e-07 -8.02804681e-10 -6.28139208e-09 2.64191960e-08 -4.98806608e-10 5.47687068e-10 2.07266168e-07 2.07315048e-07 1.00664915e+00 -6.66725231e-04 -1.61641114e-02 4.16607563e-02 -1.02662735e-03 1.34158626e-03 1.03147907e+00 1.03179403e+00
5.8000 1.87647150e-07 -1.40912039e-09 -5.92147896e-09 2.57937176e-08 -5.32670459e-10 6.14242476e-10 2.06110268e-07 2.06191840e-07 1.00512656e+00 -1.17534841e-03 -1.52353228e-02 4.06776395e-02 -1.09644034e-03 1.50209564e-03 1.02939353e+00 1.02979918e+00
5.8100 1.87374413e-07 -1.50469920e-09 -5.67631802e-09 2.47947655e-08 -5.62201077e-10 7.40062945e-10 2.04988162e-07 2.05166023e-07 1.00366531e+00 -1.25408765e-03 -1.46017606e-02 3.91043434e-02 -1.15849379e-03 1.80624038e-03 1.02691381e+00 1.02756155e+00
5.8200 1.87139290e-07 -1.21699735e-09 -5.56307869e-09 2.37115520e-08 -5.77539318e-10 8.28314541e-10 2.04070766e-07 2.04321541e-07 1.00240670e+00 -1.00990862e-03 -1.43081182e-02 3.73967714e-02 -1.19186475e-03 2.01785311e-03 1.02448544e+00 1.02531143e+00
5.8300 1.86963023e-07 -7.15510598e-10 -5.58759695e-09 2.28396138e-08 -5.87858865e-10 8.14664157e-10 2.03499529e-07 2.03726334e-07 1.00146438e+00 -5.85465412e-04 -1.43699237e-02 3.60211160e-02 -1.21493401e-03 1.98050054e-03 1.02253011e+00 1.02329568e+00
5.8400 1.86855950e-07 -1.23699811e-10 -5.75302707e-09 2.24032248e-08 -6.18395747e-10 6.95452692e-10 2.03382448e-07 2.03459505e-07 1.00089331e+00 -8.50690337e-05 -1.47956852e-02 3.53314180e-02 -1.27944529e-03 1.68620023e-03 1.02134397e+00 1.02175073e+00
5.8500 1.86814086e-07 5.33366058e-10 -6.06256152e-09 2.24964838e-08 -7.02049625e-10 5.35169080e-10 2.03781374e-07 2.03614494e-07 1.00067153e+00 4.69460570e-04 -1.55937921e-02 3.54765235e-02 -1.45328057e-03 1.29348333e-03 1.02102372e+00 1.02086392e+00
5.8600 1.86819261e-07 1.32834234e-09 -6.51581051e-09 2.30585856e-08 -8.67137373e-10 4.49690991e-10 2.04690378e-07 2.04272932e-07 1.00070113e+00 1.13847150e-03 -1.67631463e-02 3.63609451e-02 -1.79517083e-03 1.08621080e-03 1.02143740e+00 1.02072844e+00
5.8700 1.86842992e-07 2.38259743e-09 -7.10124215e-09 2.38903178e-08 -1.12423588e-09 5.69755822e-10 2.06014665e-07 2.05460185e-07 1.00082912e+00 2.02354268e-03 -1.82737142e-02 3.76707733e-02 -2.32740333e-03 1.38410973e-03 1.02224972e+00 1.02130642e+00
5.8800 1.86853210e-07 3.79221282e-09 -7.78872022e-09 2.47079840e-08 -1.45586896e-09 9.95859534e-10 2.07564686e-07 2.07104677e-07 1.00088355e+00 3.20547355e-03 -2.00473907e-02 3.89586771e-02 -3.01432005e-03 2.43245033e-03 1.02300031e+00 1.02241844e+00
5.8900 1.86822079e-07 5.56089335e-09 -8.52615343e-09 2.52205538e-08 -1.81265160e-09 1.75900215e-09 2.09077373e-07 2.09023724e-07 1.00071546e+00 4.68794190e-03 -2.19494886e-02 3.97656072e-02 -3.75413999e-03 4.30613706e-03 1.02321952e+00 1.02377151e+00
5.9000 1.86732805e-07 7.56750822e-09 -9.24271629e-09 2.52088807e-08 -2.11823342e-09 2.80029460e-09 2.10266478e-07 2.10948539e-07 1.00023518e+00 6.37010326e-03 -2.37971583e-02 3.97458103e-02 -4.38901980e-03 6.86002376e-03 1.02255394e+00 1.02502494e+00
5.9100 1.86583536e-07 9.58144746e-09 -9.85866638e-09 2.45845937e-08 -2.28318177e-09 3.97681111e-09 2.10890911e-07 2.12584540e-07 9.99433219e-01 8.05924098e-03 -2.53847719e-02 3.87598105e-02 -4.73369991e-03 9.74346715e-03 1.02086750e+00 1.02587727e+00
5.9200 1.86387291e-07 1.13202214e-08 -1.02993759e-08 2.34115577e-08 -2.22536527e-09 5.09299752e-09 2.10819695e-07 2.13687327e-07 9.98379677e-01 9.51885783e-03 -2.65201111e-02 3.69083366e-02 -4.61771593e-03 1.24773722e-02 1.01828676e+00 1.02614642e+00
5.9300 1.86167951e-07 1.25281139e-08 -1.05096611e-08 2.18834223e-08 -1.89219664e-09 5.94900573e-09 2.10069826e-07 2.14126635e-07 9.97202676e-01 1.05344969e-02 -2.70612653e-02 3.44969494e-02 -3.93156029e-03 1.45725668e-02 1.01517286e+00 1.02581386e+00
5.9400 1.85953465e-07 1.30479277e-08 -1.04643286e-08 2.02638234e-08 -1.27898523e-09 6.39204619e-09 2.08800888e-07 2.13913949e-07 9.96051963e-01 1.09738802e-02 -2.69437295e-02 3.19417045e-02 -2.66485195e-03 1.56554496e-02 1.01202382e+00 1.02501442e+00
5.9500 1.85768237e-07 1.28619030e-08 -1.01720575e-08 1.88073159e-08 -4.38070488e-10 6.35588612e-09 2.07265399e-07 2.13183214e-07 9.95058099e-01 1.08213152e-02 -2.61903052e-02 2.96443704e-02 -9.25425710e-04 1.55645277e-02 1.00933348e+00 1.02397258e+00
5.9600 1.85626815e-07 1.20904641e-08 -9.67184523e-09 1.76853886e-08 5.24646595e-10 5.87722887e-09 2.05730822e-07 2.12132698e-07 9.94298783e-01 1.01768331e-02 -2.49018343e-02 2.78756344e-02 1.06771778e-03 1.43903136e-02 1.00744942e+00 1.02290745e+00
5.9700 1.85530637e-07 1.09531491e-08 -9.02349505e-09 1.69406801e-08 1.46614789e-09 5.08468862e-09 2.04400972e-07 2.10951808e-07 9.93781528e-01 9.22366654e-03 -2.32326034e-02 2.67027921e-02 3.01841144e-03 1.24481465e-02 1.00647538e+00 1.02194194e+00
5.9800 1.85468649e-07 9.70869556e-09 -8.29527048e-09 1.64838317e-08 2.23280835e-09 4.16418559e-09 2.03365906e-07 2.09762900e-07 9.93447061e-01 8.17824108e-03 -2.13584864e-02 2.59847265e-02 4.60825242e-03 1.01933530e-02 1.00625154e+00 1.02105315e+00
5.9900 1.85421454e-07 8.59623790e-09 -7.55235475e-09 1.61338024e-08 2.69138506e-09 3.31129361e-09 2.02599140e-07 2.08601819e-07 9.93191651e-01 7.24103318e-03 -1.94472066e-02 2.54355029e-02 5.56087459e-03 8.10456047e-03 1.00642098e+00 1.02008642e+00
6.0000 1.85367677e-07 7.79570267e-09 -6.84903336e-09 1.56882176e-08 2.75754887e-09 2.68435957e-09 2.02002564e-07 2.07444473e-07 9.92901167e-01 6.56341800e-03 -1.76382342e-02 2.47354022e-02 5.70116036e-03 6.56899900e-03 1.00656175e+00 1.01883191e+00
6.0100 1.85290576e-07 7.41517004e-09 -6.22588701e-09 1.50001270e-08 2.41535892e-09 2.37121371e-09 2.01479986e-07 2.06266558e-07 9.92486460e-01 6.23700057e-03 -1.60356244e-02 2.36521166e-02 4.99568172e-03 5.80115183e-03 1.00633995e+00 1.01713679e+00
6.0200 1.85182962e-07 7.50100278e-09 -5.71136383e-09 1.40349721e-08 1.72301621e-09 2.37751130e-09 2.01007573e-07 2.05108101e-07 9.91909599e-01 6.30192015e-03 -1.47121560e-02 2.21307489e-02 3.56468007e-03 5.81439569e-03 1.00563011e+00 1.01500919e+00
6.0300 1.85049038e-07 8.05804584e-09 -5.32559213e-09 1.28877364e-08 8.03279390e-10 2.63785541e-09 2.00669228e-07 2.04110363e-07 9.91193561e-01 6.76352096e-03 -1.37192419e-02 2.03209846e-02 1.66222433e-03 6.44839654e-03 1.00455883e+00 1.01266945e+00
6.0400 1.84902710e-07 9.06547350e-09 -5.08372177e-09 1.17533931e-08 -1.79655585e-10 3.04409299e-09 2.00637854e-07 2.03502292e-07 9.90413098e-01 7.60535632e-03 -1.30956131e-02 1.85305356e-02 -3.71711115e-04 7.43848820e-03 1.00345338e+00 1.01052015e+00
6.0500 1.84763017e-07 1.04791125e-08 -4.99662006e-09 1.08596434e-08 -1.05201676e-09 3.48063114e-09 2.01105153e-07 2.03533768e-07 9.89670162e-01 8.79090476e-03 -1.28691631e-02 1.71190207e-02 -2.17729111e-03 8.50214943e-03 1.00271092e+00 1.00903578e+00
6.0600 1.84648136e-07 1.22204633e-08 -5.06816232e-09 1.03842511e-08 -1.66435500e-09 3.85555027e-09 2.02184688e-07 2.04375883e-07 9.89061766e-01 1.02542445e-02 -1.30499911e-02 1.63674618e-02 -3.44507246e-03 9.41509820e-03 1.00263348e+00 1.00860351e+00
6.0700 1.84569791e-07 1.41616175e-08 -5.29009959e-09 1.03853810e-08 -1.92034841e-09 4.11878744e-09 2.03826690e-07 2.06025129e-07 9.88650127e-01 1.18874320e-02 -1.36171709e-02 1.63682337e-02 -3.97566966e-03 1.00556555e-02 1.00328862e+00 1.00936861e+00
6.0800 1.84529747e-07 1.61195473e-08 -5.63688259e-09 1.07699306e-08 -1.79449295e-09 4.26368109e-09 2.05782342e-07 2.08251530e-07 9.88443956e-01 1.35358818e-02 -1.45053789e-02 1.69749274e-02 -3.71635929e-03 1.04083336e-02 1.00444939e+00 1.01114136e+00
6.0900 1.84519350e-07 1.78706833e-08 -6.06332004e-09 1.13127399e-08 -1.33505725e-09 4.31392908e-09 2.07639453e-07 2.10618325e-07 9.88396145e-01 1.50108598e-02 -1.55987959e-02 1.78325054e-02 -2.76713267e-03 1.05317163e-02 1.00564071e+00 1.01340530e+00
6.1000 1.84522171e-07 1.91882103e-08 -6.50731398e-09 1.17226274e-08 -6.51847878e-10 4.30261356e-09 2.08925694e-07 2.12576460e-07 9.88418043e-01 1.61210552e-02 -1.67380700e-02 1.84814041e-02 -1.35528376e-03 1.05069621e-02 1.00628243e+00 1.01543411e+00
6.1100 1.84518866e-07 1.98936886e-08 -6.89831793e-09 1.17350377e-08 1.08395401e-10 4.25198059e-09 2.09249275e-07 2.13609651e-07 9.88405593e-01 1.67161145e-02 -1.77420124e-02 1.85037213e-02 2.15596120e-04 1.03882337e-02 1.00588342e+00 1.01648725e+00
6.1200 1.84492753e-07 1.99062239e-08 -7.17013402e-09 1.12012068e-08 7.93475298e-10 4.16163578e-09 2.08430050e-07 2.13385161e-07 9.88269229e-01 1.67280024e-02 -1.84404750e-02 1.76640115e-02 1.63080127e-03 1.01738261e-02 1.00422077e+00 1.01602539e+00
6.1300 1.84434427e-07 1.92703740e-08 -7.27491220e-09 1.01436888e-08 1.27709571e-09 4.00925557e-09 2.06573577e-07 2.11859929e-07 9.87958603e-01 1.61943796e-02 -1.87103425e-02 1.59970881e-02 2.62938910e-03 9.80802774e-03 1.00143973e+00 1.01387714e+00
6.1400 1.84344108e-07 1.81496832e-08 -7.19438438e-09 8.75814945e-09 1.48318720e-09 3.76313271e-09 2.04057557e-07 2.09303876e-07 9.87475107e-01 1.52530183e-02 -1.85044352e-02 1.38110730e-02 3.05443771e-03 9.21202431e-03 9.98034764e-01 1.01030123e+00
6.1500 1.84231132e-07 1.67843669e-08 -6.94481195e-09 7.35841116e-09 1.39795455e-09 3.40151559e-09 2.01429098e-07 2.06228568e-07 9.86869029e-01 1.41060701e-02 -1.78642610e-02 1.16008756e-02 2.87784977e-03 8.33146914e-03 9.94711713e-01 1.00592103e+00
6.1600 1.84110849e-07 1.54248685e-08 -6.57377640e-09 6.28031077e-09 1.06733815e-09 2.93119027e-09 1.99242252e-07 2.03240780e-07 9.86222893e-01 1.29640940e-02 -1.69118018e-02 9.89659675e-03 2.19496205e-03 7.18218915e-03 9.92171782e-01 1.00154893e+00
6.1700 1.84000003e-07 1.42625806e-08 -6.14930916e-09 5.77388578e-09 5.81111758e-10 2.39786056e-09 1.97887160e-07 2.00866133e-07 9.85626611e-01 1.19877860e-02 -1.58216067e-02 9.09339423e-03 1.19153163e-03 5.87575583e-03 9.90886185e-01 9.97953472e-01
6.1800 1.83912019e-07 1.33810173e-08 -5.74418412e-09 5.91803938e-09 4.80896971e-11 1.88350740e-09 1.97466891e-07 1.99398488e-07 9.85152226e-01 1.12469880e-02 -1.47804499e-02 9.31669376e-03 9.23906947e-05 4.61308971e-03 9.90935458e-01 9.95640939e-01
6.1900 1.83853620e-07 1.27440427e-08 -5.41971259e-09 6.58549405e-09 -4.30971631e-10 1.49016410e-09 1.97763444e-07 1.98822637e-07 9.84835810e-01 1.07109200e-02 -1.39457097e-02 1.03666623e-02 -8.94586043e-04 3.64470056e-03 9.91967683e-01 9.94717797e-01
6.2000 1.83823712e-07 1.22247127e-08 -5.21355698e-09 7.47045102e-09 -7.85823262e-10 1.31405347e-09 1.98305319e-07 1.98833549e-07 9.84671518e-01 1.02725793e-02 -1.34140775e-02 1.17615990e-02 -1.62481396e-03 3.20722864e-03 9.93291618e-01 9.94874033e-01
6.2100 1.83814718e-07 1.16636885e-08 -5.13481851e-09 8.17183392e-09 -9.89083132e-10 1.41738301e-09 1.98515422e-07 1.98943722e-07 9.84618811e-01 9.79797606e-03 -1.32089604e-02 1.28690777e-02 -2.04239970e-03 3.45417621e-03 9.94076905e-01 9.95488681e-01
6.2200 1.83815790e-07 1.09355614e-08 -5.16733841e-09 8.30756938e-09 -1.05606235e-09 1.80625785e-09 1.97891582e-07 1.98641777e-07 9.84619714e-01 9.18195324e-03 -1.32889874e-02 1.30861685e-02 -2.17959849e-03 4.40158473e-03 9.93598848e-01 9.95820834e-01
6.2300 1.83816744e-07 9.99886314e-09 -5.27952397e-09 7.62560862e-09 -1.03323665e-09 2.42179681e-09 1.96161692e-07 1.97550252e-07 9.84619916e-01 8.39020496e-03 -1.35732679e-02 1.20146496e-02 -2.13281459e-03 5.90605865e-03 9.91451503e-01 9.95224747e-01
6.2400 1.83811391e-07 8.91202918e-09 -5.43694122e-09 6.07837677e-09 -9.79707458e-10 3.14802903e-09 1.93364855e-07 1.95533177e-07 9.84586592e-01 7.47258758e-03 -1.39737370e-02 9.57863523e-03 -2.02417429e-03 7.68394466e-03 9.87664078e-01 9.93323848e-01
6.2500 1.83799163e-07 7.81067123e-09 -5.61310708e-09 3.83863591e-09 -9.47743000e-10 3.83551734e-09 1.89835364e-07 1.92723138e-07 9.84517085e-01 6.54384959e-03 -1.44228425e-02 6.04983560e-03 -1.96129485e-03 9.36912276e-03 9.82687928e-01 9.90095756e-01
6.2600 1.83784563e-07 6.85620180e-09 -5.79466126e-09 1.25266628e-09 -9.68290219e-10 4.33521345e-09 1.86098770e-07 1.89465693e-07 9.84435836e-01 5.74026382e-03 -1.48867619e-02 1.97391806e-03 -2.00743242e-03 1.05959677e-02 9.77263256e-01 9.85851792e-01
6.2700 1.83774658e-07 6.17650207e-09 -5.97917947e-09 -1.25451062e-09 -1.04530475e-09 4.53403840e-09 1.82717470e-07 1.86206204e-07 9.84380914e-01 5.16960313e-03 -1.53596897e-02 -1.97886675e-03 -2.16993846e-03 1.10866378e-02 9.72211961e-01 9.81128660e-01
6.2800 1.83775561e-07 5.82188359e-09 -6.16662330e-09 -3.29327938e-09 -1.15957784e-09 4.38293052e-09 1.80137542e-07 1.83360895e-07 9.84385061e-01 4.87404277e-03 -1.58417722e-02 -5.19373394e-03 -2.40837998e-03 1.07199843e-02 9.68223598e-01 9.76535202e-01
6.2900 1.83789149e-07 5.75312871e-09 -6.34788489e-09 -4.60957483e-09 -1.27954420e-09 3.90982583e-09 1.78584818e-07 1.81215099e-07 9.84458118e-01 4.82011945e-03 -1.63095974e-02 -7.26944085e-03 -2.65706347e-03 9.56357586e-03 9.65699199e-01 9.72605712e-01
6.3000 1.83811257e-07 5.86546780e-09 -6.49521613e-09 -5.14307472e-09 -1.37443506e-09 3.21378767e-09 1.78038434e-07 1.79877787e-07 9.84577384e-01 4.91898778e-03 -1.66915688e-02 -8.11026633e-03 -2.85232758e-03 7.85951680e-03 9.64694537e-01 9.69701726e-01
6.3100 1.83832109e-07 6.03802321e-09 -6.55902470e-09 -5.02903914e-09 -1.42480587e-09 2.44131102e-09 1.78282069e-07 1.79298574e-07 9.84689992e-01 5.06814904e-03 -1.68596940e-02 -7.92911449e-03 -2.95429966e-03 5.96652527e-03 9.64969333e-01 9.67981558e-01
6.3200 1.83839011e-07 6.18811492e-09 -6.47360135e-09 -4.54655228e-09 -1.42697106e-09 1.75045037e-09 1.79006972e-07 1.79330452e-07 9.84727478e-01 5.19729212e-03 -1.66443811e-02 -7.16602562e-03 -2.95595198e-03 4.27208026e-03 9.66114364e-01 9.67430492e-01
6.3300 1.83820586e-07 6.30784152e-09 -6.17138460e-09 -4.03129773e-09 -1.39059023e-09 1.27166384e-09 1.79925746e-07 1.79806819e-07 9.84628597e-01 5.29921543e-03 -1.58712182e-02 -6.35064895e-03 -2.87793105e-03 3.09641939e-03 9.67705946e-01 9.67924434e-01
6.3400 1.83771255e-07 6.46731223e-09 -5.60231307e-09 -3.78006219e-09 -1.33148628e-09 1.07527951e-09 1.80856192e-07 1.80599986e-07 9.84363396e-01 5.43265670e-03 -1.44108502e-02 -5.95155916e-03 -2.75351916e-03 2.61267737e-03 9.69433644e-01 9.69292802e-01
6.3500 1.83694480e-07 6.78212730e-09 -4.75267347e-09 -3.97460026e-09 -1.26360914e-09 1.15398209e-09 1.81749334e-07 1.81639707e-07 9.83950634e-01 5.69498584e-03 -1.22275535e-02 -6.25602391e-03 -2.61187933e-03 2.80377983e-03 9.71162043e-01 9.71353943e-01
6.3600 1.83603586e-07 7.35705905e-09 -3.65737913e-09 -4.64478664e-09 -1.19415530e-09 1.42502885e-09 1.82658480e-07 1.82889353e-07 9.83462148e-01 6.17480374e-03 -9.41089413e-03 -7.31170034e-03 -2.46791785e-03 3.46767834e-03 9.72914357e-01 9.73914117e-01
6.3700 1.83519646e-07 8.22779115e-09 -2.40104967e-09 -5.67805017e-09 -1.12417629e-09 1.75193341e-09 1.83668338e-07 1.84296095e-07 9.83011391e-01 6.90283722e-03 -6.17854693e-03 -8.94134988e-03 -2.32359904e-03 4.27033067e-03 9.74794331e-01 9.76741063e-01
6.3800 1.83466770e-07 9.32413606e-09 -1.10624592e-09 -6.86819328e-09 -1.05424944e-09 1.98034817e-09 1.84816467e-07 1.85742566e-07 9.82728061e-01 7.82085072e-03 -2.84603677e-03 -1.08197428e-02 -2.17980535e-03 4.83354703e-03 9.76883132e-01 9.79536874e-01
6.3900 1.83465967e-07 1.04706733e-08 8.91204516e-11 -7.98603742e-09 -9.92112148e-10 1.97911640e-09 1.86039724e-07 1.87026728e-07 9.82725072e-01 8.78201839e-03 2.31409363e-04 -1.25850811e-02 -2.05228244e-03 4.83559013e-03 9.79153419e-01 9.81936726e-01
6.4000 1.83529252e-07 1.14270006e-08 1.05993823e-09 -8.84973141e-09 -9.57761703e-10 1.67595501e-09 1.87166459e-07 1.87884652e-07 9.83066846e-01 9.58463880e-03 2.73135386e-03 -1.39499793e-02 -1.98230654e-03 4.09869712e-03 9.81432860e-01 9.83549250e-01
6.4100 1.83655679e-07 1.19549398e-08 1.72051721e-09 -9.37476401e-09 -9.82114937e-10 1.07842129e-09 1.87956372e-07 1.88052678e-07 9.83748055e-01 1.00285793e-02 4.43273228e-03 -1.47804922e-02 -2.03394808e-03 2.64059473e-03 9.83428874e-01 9.84035521e-01
6.4200 1.83830560e-07 1.18897008e-08 2.04275592e-09 -9.59138760e-09 -1.09782703e-09 2.74471442e-10 1.88171629e-07 1.87348273e-07 9.84689448e-01 9.97512658e-03 5.26270686e-03 -1.51237569e-02 -2.27501676e-03 6.76026224e-04 9.84803525e-01 9.83204534e-01
6.4300 1.84028246e-07 1.11900892e-08 2.06107860e-09 -9.62749090e-09 -1.32439093e-09 -5.87856160e-10 1.87651922e-07 1.85739675e-07 9.85752880e-01 9.38928604e-03 5.30947783e-03 -1.51811095e-02 -2.74609573e-03 -1.43288891e-03 9.85270535e-01 9.81091550e-01
6.4400 1.84217887e-07 9.95008884e-09 1.86286701e-09 -9.66471668e-09 -1.65277144e-09 -1.33664603e-09 1.86366127e-07 1.83376709e-07 9.86772349e-01 8.34964743e-03 4.79775087e-03 -1.52389429e-02 -3.42858415e-03 -3.26526995e-03 9.84680805e-01 9.77986950e-01
6.4500 1.84370749e-07 8.36786089e-09 1.56695650e-09 -9.88214510e-09 -2.03618962e-09 -1.81897398e-09 1.84423422e-07 1.80568258e-07 9.87593326e-01 7.02244794e-03 4.03345033e-03 -1.55798824e-02 -4.22549914e-03 -4.44647510e-03 9.83069341e-01 9.74397367e-01
6.4600 1.84467165e-07 6.68328106e-09 1.29584274e-09 -1.04037696e-08 -2.39247051e-09 -1.93935503e-09 1.82042519e-07 1.77710694e-07 9.88110158e-01 5.60914655e-03 3.33219099e-03 -1.63998823e-02 -4.96629287e-03 -4.74232923e-03 9.80651613e-01 9.70942991e-01
6.4700 1.84501305e-07 5.10603007e-09 1.14869609e-09 -1.12633851e-08 -2.61976757e-09 -1.68375785e-09 1.79492646e-07 1.75189121e-07 9.88291668e-01 4.28599319e-03 2.94976627e-03 -1.77527502e-02 -5.43946471e-03 -4.11803458e-03 9.77774677e-01 9.68217178e-01
6.4800 1.84482480e-07 3.75901885e-09 1.18174674e-09 -1.23947087e-08 -2.62262260e-09 -1.12293682e-09 1.77028537e-07 1.73282977e-07 9.88188098e-01 3.15642343e-03 3.03155145e-03 -1.95344582e-02 -5.44666494e-03 -2.74643421e-03 9.74841615e-01 9.66648516e-01
6.4900 1.84432627e-07 2.65570190e-09 1.40031947e-09 -1.36475086e-08 -2.34096349e-09 -3.94303890e-10 1.74841139e-07 1.72105872e-07 9.87917568e-01 2.23189550e-03 3.59185775e-03 -2.15084928e-02 -4.86293406e-03 -9.63701089e-04 9.72232829e-01 9.66406194e-01
6.5000 1.84380655e-07 1.71708390e-09 1.76349795e-09 -1.48241726e-08 -1.77251226e-09 3.32737426e-10 1.73037064e-07 1.71597289e-07 9.87635623e-01 1.44608470e-03 4.52579414e-03 -2.33634674e-02 -3.68329129e-03 8.15507078e-04 9.70244034e-01 9.67376250e-01
6.5100 1.84355144e-07 8.19790535e-10 2.19907691e-09 -1.57268776e-08 -9.80209509e-10 8.98712279e-10 1.71647134e-07 1.71565637e-07 9.87495971e-01 6.95219841e-04 5.64764655e-03 -2.47874877e-02 -2.03823039e-03 2.20069708e-03 9.69051349e-01 9.69213816e-01
6.5200 1.84377312e-07 -1.44203060e-10 2.62405351e-09 -1.62039746e-08 -8.05515868e-11 1.19215257e-09 1.70653188e-07 1.71764789e-07 9.87612690e-01 -1.11723515e-04 6.74358249e-03 -2.55413080e-02 -1.69581998e-04 2.91881480e-03 9.68703241e-01 9.71452474e-01
6.5300 1.84456053e-07 -1.21886290e-09 2.96502068e-09 -1.61852641e-08 7.85109975e-10 1.17397247e-09 1.70016947e-07 1.71976030e-07 9.88033601e-01 -1.01202751e-03 7.62418506e-03 -2.55139842e-02 1.62902584e-03 2.87398790e-03 9.69131774e-01 9.73634788e-01
6.5400 1.84586268e-07 -2.36388661e-09 3.17356368e-09 -1.56988889e-08 1.48831885e-09 8.82203059e-10 1.69697056e-07 1.72067578e-07 9.88731286e-01 -1.97214478e-03 8.16419810e-03 -2.47495531e-02 3.09054379e-03 2.15918036e-03 9.70173786e-01 9.75423510e-01
6.5500 1.84750768e-07 -3.46902854e-09 3.23373953e-09 -1.48667876e-08 1.94874391e-09 4.16628282e-10 1.69648692e-07 1.72014064e-07 9.89613395e-01 -2.89962765e-03 8.32193715e-03 -2.34399112e-02 4.04770131e-03 1.01862409e-03 9.71595793e-01 9.76662118e-01
6.5600 1.84925138e-07 -4.39577401e-09 3.16121870e-09 -1.38801515e-08 2.15551026e-09 -9.16626236e-11 1.69810431e-07 1.71874279e-07 9.90548728e-01 -3.67807572e-03 8.13724025e-03 -2.18861702e-02 4.47740062e-03 -2.26702889e-04 9.73121723e-01 9.77372420e-01
6.5700 1.85084126e-07 -5.02918214e-09 2.99588333e-09 -1.29603633e-08 2.16735628e-09 -5.16870650e-10 1.70090464e-07 1.71740949e-07 9.91401620e-01 -4.21069433e-03 7.71253327e-03 -2.04371223e-02 4.50117885e-03 -1.26867837e-03 9.74466337e-01 9.77698837e-01
6.5800 1.85207868e-07 -5.31958097e-09 2.79098421e-09 -1.23138108e-08 2.09110430e-09 -7.71000075e-10 1.70365460e-07 1.71685564e-07 9.92065323e-01 -4.45539890e-03 7.18496195e-03 -1.94180445e-02 4.34064005e-03 -1.89166876e-03 9.75376841e-01 9.77825812e-01
6.5900 1.85286333e-07 -5.29846904e-09 2.60209901e-09 -1.20902641e-08 2.04510215e-09 -8.23678000e-10 1.70499699e-07 1.71721123e-07 9.92485888e-01 -4.43829927e-03 6.69792600e-03 -1.90651043e-02 4.24164144e-03 -2.02110343e-03 9.75680411e-01 9.77900949e-01
6.6000 1.85320983e-07 -5.06343441e-09 2.47826534e-09 -1.23538586e-08 2.11939717e-09 -7.04638868e-10 1.70381956e-07 1.71796714e-07 9.92671055e-01 -4.24116359e-03 6.37813913e-03 -1.94796111e-02 4.39162210e-03 -1.72961604e-03 9.75328420e-01 9.77990426e-01
6.6100 1.85323409e-07 -4.73900517e-09 2.45626409e-09 -1.30731086e-08 2.34562501e-09 -4.89321479e-10 1.69967559e-07 1.71823863e-07 9.92682945e-01 -3.96862333e-03 6.32076081e-03 -2.06122345e-02 4.85701455e-03 -1.20183511e-03 9.74422848e-01 9.78078027e-01
6.6200 1.85311543e-07 -4.42944982e-09 2.55770721e-09 -1.41321676e-08 2.68644028e-09 -2.72723045e-10 1.69307632e-07 1.71721350e-07 9.92617733e-01 -3.70853975e-03 6.58175616e-03 -2.22806837e-02 5.56115167e-03 -6.70405235e-04 9.73210266e-01 9.78101013e-01
6.6300 1.85304624e-07 -4.18226828e-09 2.78784216e-09 -1.53605732e-08 3.04781834e-09 -1.39627664e-10 1.68549624e-07 1.71457815e-07 9.92578655e-01 -3.50126223e-03 7.17472633e-03 -2.42165062e-02 6.30961441e-03 -3.43101212e-04 9.72035613e-01 9.78002126e-01
6.6400 1.85318342e-07 -3.97656566e-09 3.13503876e-09 -1.65741373e-08 3.30993496e-09 -1.39813127e-10 1.67902678e-07 1.71072799e-07 9.92649947e-01 -3.32971821e-03 8.06957299e-03 -2.61294620e-02 6.85415451e-03 -3.42094564e-04 9.71260340e-01 9.77772400e-01
6.6500 1.85361406e-07 -3.74056502e-09 3.57063676e-09 -1.76167186e-08 3.36620683e-09 -2.74849909e-10 1.67574759e-07 1.70666116e-07 9.92878453e-01 -3.13395275e-03 9.19217102e-03 -2.77733208e-02 6.97361549e-03 -6.71568084e-04 9.71163351e-01 9.77465398e-01
6.6600 1.85434306e-07 -3.39106186e-09 4.04978222e-09 -1.83922957e-08 3.15755412e-09 -4.99377926e-10 1.67700731e-07 1.70358907e-07 9.93266966e-01 -2.84412801e-03 1.04266423e-02 -2.89964235e-02 6.54502641e-03 -1.22075602e-03 9.71853057e-01 9.77177327e-01
6.6700 1.85530375e-07 -2.87901912e-09 4.51453246e-09 -1.88793404e-08 2.69085636e-09 -7.35481961e-10 1.68286548e-07 1.70241922e-07 9.93779887e-01 -2.41875960e-03 1.16234851e-02 -2.97644061e-02 5.58198413e-03 -1.79905429e-03 9.73220207e-01 9.77003137e-01
6.6800 1.85638626e-07 -2.22296133e-09 4.90044012e-09 -1.91244183e-08 2.03618423e-09 -8.95258725e-10 1.69191686e-07 1.70332612e-07 9.94358403e-01 -1.87281042e-03 1.26166305e-02 -3.01502290e-02 4.22906141e-03 -2.19121101e-03 9.74951994e-01 9.76989845e-01
6.6900 1.85747410e-07 -1.51624861e-09 5.14690477e-09 -1.92178708e-08 1.30468159e-09 -9.04831083e-10 1.70160196e-07 1.70560046e-07 9.94940076e-01 -1.28394401e-03 1.32501341e-02 -3.02959807e-02 2.71609045e-03 -2.21610552e-03 9.76610286e-01 9.77110271e-01
6.7000 1.85847822e-07 -9.03995247e-10 5.21004841e-09 -1.92595906e-08 6.15365279e-10 -7.23289443e-10 1.70894285e-07 1.70786361e-07 9.95477050e-01 -7.73340338e-04 1.34112897e-02 -3.03590483e-02 1.28943199e-03 -1.77316346e-03 9.77755951e-01 9.77272219e-01
6.7100 1.85935920e-07 -5.36732747e-10 5.07528038e-09 -1.93256616e-08 6.24039586e-11 -3.52052767e-10 1.71148806e-07 1.70859157e-07 9.95947985e-01 -4.66976555e-04 1.30628792e-02 -3.04595909e-02 1.44180959e-04 -8.65367282e-04 9.78084296e-01 9.77363110e-01
6.7200 1.86013273e-07 -5.16748133e-10 4.76574376e-09 -1.94460384e-08 -3.06415915e-10 1.66831586e-10 1.70816230e-07 1.70676646e-07 9.96361033e-01 -4.50689936e-04 1.22647924e-02 -3.06453348e-02 -6.20494580e-04 4.04783929e-04 9.77529801e-01 9.77314090e-01
6.7300 1.86085834e-07 -8.56176219e-10 4.34302823e-09 -1.95996207e-08 -4.93869163e-10 7.61874103e-10 1.69973065e-07 1.70241070e-07 9.96747854e-01 -7.35002294e-04 1.11757503e-02 -3.08837058e-02 -1.01008158e-03 1.86254072e-03 9.76304896e-01 9.77157355e-01
6.7400 1.86161597e-07 -1.46230531e-09 3.89808625e-09 -1.97272363e-08 -5.40410525e-10 1.34902471e-09 1.68870142e-07 1.69678756e-07 9.97151140e-01 -1.24267913e-03 1.00298622e-02 -3.10821334e-02 -1.10810650e-03 3.30214956e-03 9.74856190e-01 9.77050233e-01
6.7500 1.86247799e-07 -2.15650694e-09 3.53291664e-09 -1.97571062e-08 -5.00520839e-10 1.84958323e-09 1.67867103e-07 1.69216165e-07 9.97609706e-01 -1.82443507e-03 9.08948688e-03 -3.11280164e-02 -1.02718696e-03 4.53068110e-03 9.73746741e-01 9.77250235e-01
6.7600 1.86348495e-07 -2.72192894e-09 3.33655992e-09 -1.96333453e-08 -4.17960261e-10 2.20496104e-09 1.67329781e-07 1.69116782e-07 9.98145505e-01 -2.29876145e-03 8.58351992e-03 -3.09335088e-02 -8.57796183e-04 5.40422202e-03 9.73496755e-01 9.78043181e-01
6.7700 1.86463163e-07 -2.96548779e-09 3.36132462e-09 -1.93373265e-08 -3.09295100e-10 2.38558223e-09 1.67521673e-07 1.69597961e-07 9.98756140e-01 -2.50379927e-03 8.64631658e-03 -3.04691302e-02 -6.34145158e-04 5.84978089e-03 9.74429527e-01 9.79645162e-01
6.7800 1.86586678e-07 -2.77495842e-09 3.60603964e-09 -1.88945658e-08 -1.61342665e-10 2.39304875e-09 1.68523193e-07 1.70754899e-07 9.99414650e-01 -2.34519178e-03 9.27470249e-03 -2.97746487e-02 -3.28881387e-04 5.87073397e-03 9.76569512e-01 9.82111365e-01
6.7900 1.86710611e-07 -2.15352979e-09 4.01199849e-09 -1.83651760e-08 5.74196063e-11 2.25630791e-09 1.70203904e-07 1.72517631e-07 1.00007636e+00 -1.82514011e-03 1.03176153e-02 -2.89441477e-02 1.23293036e-04 5.53757821e-03 9.79624691e-01 9.85285562e-01
6.8000 1.86825456e-07 -1.22135582e-09 4.47421748e-09 -1.78219543e-08 3.76751551e-10 2.02357207e-09 1.72256363e-07 1.74656687e-07 1.00069069e+00 -1.04385955e-03 1.15050992e-02 -2.80916542e-02 7.83997332e-04 4.96823602e-03 9.83060275e-01 9.88812509e-01
6.8100 1.86923161e-07 -1.83867272e-10 4.86640413e-09 -1.73246496e-08 8.04206502e-10 1.75206242e-09 1.74281049e-07 1.76837318e-07 1.00121461e+00 -1.73192840e-04 1.25125183e-02 -2.73107513e-02 1.66884087e-03 4.30295891e-03 9.86243187e-01 9.92214987e-01
6.8200 1.86999309e-07 7.23451733e-10 5.07381949e-09 -1.69002543e-08 1.31251242e-09 1.49745291e-09 1.75896326e-07 1.78706292e-07 1.00162430e+00 5.89540281e-04 1.30450338e-02 -2.66436457e-02 2.72129937e-03 3.67842005e-03 9.88615225e-01 9.95014945e-01
6.8300 1.87054372e-07 1.29755090e-09 5.02533683e-09 -1.65367849e-08 1.83972709e-09 1.30447145e-09 1.76840475e-07 1.79984673e-07 1.00192187e+00 1.07386280e-03 1.29199915e-02 -2.60714238e-02 3.81304872e-03 3.20458303e-03 9.89844296e-01 9.96861928e-01
6.8400 1.87093751e-07 1.41989466e-09 4.71547406e-09 -1.61928172e-08 2.30222733e-09 1.19973172e-09 1.77036303e-07 1.80538262e-07 1.00213570e+00 1.17983965e-03 1.21235212e-02 -2.55290559e-02 4.77087735e-03 2.94701297e-03 9.89910007e-01 9.97627897e-01
6.8500 1.87126593e-07 1.08430359e-09 4.20938323e-09 -1.58189307e-08 2.61594342e-09 1.18762954e-09 1.76601349e-07 1.80404922e-07 1.00231423e+00 9.01551657e-04 1.08233175e-02 -2.49391011e-02 5.42066810e-03 2.91671450e-03 9.89099997e-01 9.97437380e-01
6.8600 1.87163674e-07 3.94260607e-10 3.62826810e-09 -1.53824903e-08 2.71855458e-09 1.24997045e-09 1.75803712e-07 1.79772238e-07 1.00251473e+00 3.25029242e-04 9.33111046e-03 -2.42506338e-02 5.63335846e-03 3.06916453e-03 9.87920233e-01 9.96622756e-01
6.8700 1.87214869e-07 -4.67872857e-10 3.11827176e-09 -1.48856679e-08 2.58548703e-09 1.34972215e-09 1.74979600e-07 1.78914809e-07 1.00278988e+00 -3.97359459e-04 8.02264733e-03 -2.34675152e-02 5.35805259e-03 3.31351855e-03 9.86947648e-01 9.95619219e-01
6.8800 1.87286808e-07 -1.28993738e-09 2.81090719e-09 -1.43689423e-08 2.23523962e-09 1.43874308e-09 1.74438835e-07 1.78112818e-07 1.00317524e+00 -1.08791253e-03 7.23594268e-03 -2.26538088e-02 4.63302247e-03 3.53161800e-03 9.86669458e-01 9.94834098e-01
6.8900 1.87381270e-07 -1.88351268e-09 2.78602547e-09 -1.38977367e-08 1.72357654e-09 1.46850659e-09 1.74386046e-07 1.77578129e-07 1.00368063e+00 -1.58842814e-03 7.17606325e-03 -2.19126744e-02 3.57365610e-03 3.60436705e-03 9.87355591e-01 9.94533614e-01
6.9000 1.87494700e-07 -2.12807629e-09 3.04811345e-09 -1.35364043e-08 1.12982279e-09 1.40189436e-09 1.74878333e-07 1.77410050e-07 1.00428745e+00 -1.79728233e-03 7.85419563e-03 -2.13453791e-02 2.34406741e-03 3.44072168e-03 9.88998985e-01 9.94783774e-01
6.9100 1.87618964e-07 -1.99554483e-09 3.52327385e-09 -1.33190023e-08 5.40486988e-10 1.22341034e-09 1.75827691e-07 1.77591588e-07 1.00495257e+00 -1.69014808e-03 9.07990501e-03 -2.10052920e-02 1.12319962e-03 3.00276677e-03 9.91337035e-01 9.95463001e-01
6.9200 1.87743157e-07 -1.55078457e-09 4.07844641e-09 -1.32281762e-08 3.51377521e-11 9.45034914e-10 1.77042643e-07 1.78022815e-07 1.00561794e+00 -1.32061242e-03 1.05105972e-02 -2.08646876e-02 7.56258776e-05 2.32005072e-03 9.93943235e-01 9.96338912e-01
6.9300 1.87856064e-07 -9.29983706e-10 4.55793044e-09 -1.31911602e-08 -3.22710222e-10 6.05633351e-10 1.78292851e-07 1.78575774e-07 1.00622365e+00 -8.02224410e-04 1.17454847e-02 -2.08085271e-02 -6.67254007e-04 1.48807020e-03 9.96358383e-01 9.97179199e-01
6.9400 1.87948672e-07 -3.03950271e-10 4.82700981e-09 -1.30960745e-08 -4.89801380e-10 2.63320507e-10 1.79375657e-07 1.79149176e-07 1.00672141e+00 -2.77848999e-04 1.24378296e-02 -2.06602125e-02 -1.01585067e-03 6.49462713e-04 9.98221174e-01 9.97854786e-01
6.9500 1.88016157e-07 1.63661144e-10 4.81010713e-09 -1.28243767e-08 -4.44681895e-10 -1.78780716e-11 1.80165548e-07 1.79702988e-07 1.00708519e+00 1.15313763e-04 1.23931228e-02 -2.02327733e-02 -9.25533115e-04 -3.87740480e-05 9.99360850e-01 9.98396543e-01
6.9600 1.88058870e-07 3.52901361e-10 4.51222214e-09 -1.22891546e-08 -1.89269943e-10 -1.83910948e-10 1.80634839e-07 1.80261658e-07 1.00731662e+00 2.76415088e-04 1.16242683e-02 -1.93892271e-02 -3.99881262e-04 -4.44265229e-04 9.99828075e-01 9.98983929e-01
6.9700 1.88082100e-07 2.10691232e-10 4.01715135e-09 -1.14662252e-08 2.48248480e-10 -2.04898158e-10 1.80843717e-07 1.80887067e-07 1.00744379e+00 1.60479292e-04 1.03470296e-02 -1.80915770e-02 5.03258993e-04 -4.94049867e-04 9.99859718e-01 9.99868927e-01
6.9800 1.88094686e-07 -2.43742581e-10 3.46278671e-09 -1.04068750e-08 8.10350584e-10 -8.35205951e-11 1.80906855e-07 1.81633685e-07 1.00751388e+00 -2.16916123e-04 8.91649097e-03 -1.64208510e-02 1.66531210e-03 -1.95081637e-04 9.99792600e-01 1.00126283e+00
6.9900 1.88106845e-07 -9.30968820e-10 3.00063050e-09 -9.22700368e-09 1.41024718e-09 1.45125594e-10 1.80949503e-07 1.82504876e-07 1.00758155e+00 -7.89678103e-04 7.72287858e-03 -1.45599415e-02 2.90698540e-03 3.66224986e-04 9.99954811e-01 1.00322802e+00
7.0000 1.88127764e-07 -1.73660300e-09 2.75145367e-09 -8.07544169e-09 1.93896947e-09 4.22592444e-10 1.81067173e-07 1.83428735e-07 1.00769604e+00 -1.46229954e-03 7.07742306e-03 -1.27436160e-02 4.00282290e-03 1.04631074e-03 1.00056754e+00 1.00561668e+00
