#Q I_ArAr I_ArO1 I_ArSi2 I_ArO2  I_ArSi1  I_ArH I_rest I_tot S_ArAr S_ArO1 S_ArSi2 S_ArO2 S_ArSi1 S_ArH S_rest S_total
1.0000 1.10821779e-07 -1.98238996e-07 -2.15214688e-07 -3.11259433e-07 -2.37069490e-08 1.17383388e-07 -6.13891337e-07 -5.20214898e-07 5.93859291e-01 -1.66536577e-01 -5.53790226e-01 -4.90706623e-01 -4.91444875e-02 2.87202692e-01 -6.17174136e-01 -3.79115931e-01
1.0100 1.10768123e-07 -1.54828747e-07 -2.46282097e-07 -3.71722434e-07 2.03212716e-08 1.53022032e-07 -6.62065156e-07 -4.88721852e-07 5.93574961e-01 -1.30056207e-01 -6.33719225e-01 -5.86028558e-01 4.20925774e-02 3.74399053e-01 -7.56229028e-01 -3.39737398e-01
1.0200 1.12522032e-07 -7.71784966e-08 -2.76272577e-07 -4.27919971e-07 7.06526854e-08 1.84085192e-07 -6.68849013e-07 -4.14111136e-07 6.02965435e-01 -6.48274386e-02 -7.10878255e-01 -6.74629472e-01 1.46379587e-01 4.50404984e-01 -8.47369731e-01 -2.50585160e-01
1.0300 1.16927371e-07 1.76479825e-08 -3.03111240e-07 -4.74926576e-07 1.19138558e-07 2.07870475e-07 -6.43462462e-07 -3.16453428e-07 6.26548734e-01 1.48196374e-02 -7.79931929e-01 -7.48746501e-01 2.46835306e-01 5.08610807e-01 -8.87310059e-01 -1.31863945e-01
1.0400 1.23750461e-07 1.14116279e-07 -3.25302232e-07 -5.11010496e-07 1.60059488e-07 2.24438141e-07 -5.98445988e-07 -2.13948359e-07 6.63074388e-01 9.58404890e-02 -8.37033219e-01 -8.05649516e-01 3.31612668e-01 5.49164045e-01 -8.83767857e-01 -2.99114415e-03
1.0500 1.31692078e-07 2.01076769e-07 -3.41266730e-07 -5.35943199e-07 1.90623265e-07 2.35276117e-07 -5.44441082e-07 -1.18541701e-07 7.05587627e-01 1.68872973e-01 -8.78119779e-01 -8.44976026e-01 3.94929268e-01 5.75702941e-01 -8.48635205e-01 1.21997003e-01
1.0600 1.38781762e-07 2.71679637e-07 -3.49102465e-07 -5.49394866e-07 2.10236705e-07 2.41797403e-07 -4.88035932e-07 -3.60018241e-08 7.43540153e-01 2.28165084e-01 -8.98295388e-01 -8.66202354e-01 4.35558055e-01 5.91680645e-01 -7.92792505e-01 2.34446194e-01
1.0700 1.43010975e-07 3.21358013e-07 -3.46930125e-07 -5.50215790e-07 2.19138494e-07 2.44340851e-07 -4.32776927e-07 3.07024183e-08 7.66179591e-01 2.69880972e-01 -8.92721836e-01 -8.67511900e-01 4.53994627e-01 5.97921560e-01 -7.24173173e-01 3.27743013e-01
1.0800 1.42987445e-07 3.45699143e-07 -3.33674344e-07 -5.36880890e-07 2.17199255e-07 2.42044272e-07 -3.81868646e-07 7.73748807e-08 7.66052352e-01 2.90313660e-01 -8.58629137e-01 -8.46497115e-01 4.49971366e-01 5.92312195e-01 -6.48760240e-01 3.93523321e-01
1.0900 1.38394735e-07 3.39856062e-07 -3.09889689e-07 -5.08780012e-07 2.03540372e-07 2.33541775e-07 -3.40418904e-07 9.66632430e-08 7.41463882e-01 2.85391970e-01 -7.97441512e-01 -8.02194539e-01 4.21668092e-01 5.71508439e-01 -5.72780199e-01 4.20396332e-01
1.1000 1.30113774e-07 3.00147816e-07 -2.78187294e-07 -4.67624000e-07 1.77178202e-07 2.18079562e-07 -3.15549705e-07 7.97080580e-08 6.97129401e-01 2.52025375e-01 -7.15875596e-01 -7.37301811e-01 3.67047045e-01 5.33666132e-01 -5.04022632e-01 3.96690544e-01
1.1100 1.19978549e-07 2.27169374e-07 -2.42966799e-07 -4.18169051e-07 1.38369103e-07 1.96483421e-07 -3.13987926e-07 2.08645984e-08 6.42866307e-01 1.90716204e-01 -6.25250936e-01 -6.59319336e-01 2.86639637e-01 4.80808111e-01 -4.50987761e-01 3.16459987e-01
1.1200 1.10255970e-07 1.28727269e-07 -2.09445873e-07 -3.67753203e-07 8.99490328e-08 1.71497196e-07 -3.38215836e-07 -7.67696075e-08 5.90809962e-01 1.08024705e-01 -5.38992939e-01 -5.79818846e-01 1.86321723e-01 4.19651631e-01 -4.19977117e-01 1.85996236e-01
1.1300 1.03021506e-07 2.07195581e-08 -1.82283258e-07 -3.24655377e-07 3.78972937e-08 1.47294532e-07 -3.83197571e-07 -1.98005745e-07 5.52071552e-01 1.73069767e-02 -4.69089728e-01 -5.11855531e-01 7.84813501e-02 3.60412721e-01 -4.11566731e-01 2.73273400e-02
1.1400 9.96238446e-08 -7.51934730e-08 -1.64282465e-07 -2.95808406e-07 -9.36077724e-09 1.28321838e-07 -4.35660500e-07 -3.16699439e-07 5.33872295e-01 -6.32426549e-02 -4.22756450e-01 -4.66361822e-01 -1.94261052e-02 3.13974188e-01 -4.18488632e-01 -1.23940549e-01
1.1500 1.00390790e-07 -1.36925911e-07 -1.55660593e-07 -2.84706540e-07 -4.28784639e-08 1.17912298e-07 -4.76902253e-07 -4.01868419e-07 5.37968896e-01 -1.15074687e-01 -4.00553613e-01 -4.48848082e-01 -8.88654196e-02 2.88493761e-01 -4.26507486e-01 -2.26879145e-01
1.1600 1.04643147e-07 -1.48706191e-07 -1.54167959e-07 -2.90318948e-07 -5.57671729e-08 1.17209120e-07 -4.88549950e-07 -4.27108003e-07 5.60727494e-01 -1.24945418e-01 -3.96694568e-01 -4.57689632e-01 -1.15565499e-01 2.86769270e-01 -4.18602124e-01 -2.47398353e-01
1.1700 1.10984316e-07 -1.06783832e-07 -1.56026635e-07 -3.07464998e-07 -4.55237122e-08 1.24817808e-07 -4.59291149e-07 -3.79997054e-07 5.94673417e-01 -8.97092884e-02 -4.01460097e-01 -4.84718574e-01 -9.43406748e-02 3.05388005e-01 -3.81214543e-01 -1.70167212e-01
1.1800 1.17753507e-07 -2.17920637e-08 -1.57344849e-07 -3.28565321e-07 -1.52111693e-08 1.37325299e-07 -3.89948726e-07 -2.67834597e-07 6.30916842e-01 -1.83019275e-02 -4.04837491e-01 -5.17984746e-01 -3.15369353e-02 3.35997372e-01 -3.10207323e-01 -5.74688590e-03
1.1900 1.23493374e-07 8.34627219e-08 -1.55482409e-07 -3.46166822e-07 2.70350791e-08 1.50492911e-07 -2.94693135e-07 -1.17165146e-07 6.61655699e-01 7.01178923e-02 -4.00033699e-01 -5.45736791e-01 5.59916066e-02 3.68224290e-01 -2.13996899e-01 2.10218997e-01
1.2000 1.27295809e-07 1.80371922e-07 -1.49861808e-07 -3.55348926e-07 7.01203463e-08 1.60679651e-07 -1.97543002e-07 3.32569957e-08 6.82026707e-01 1.51520222e-01 -3.85562363e-01 -5.60215896e-01 1.45260157e-01 3.93158142e-01 -1.12231331e-01 4.26186968e-01
1.2100 1.28943248e-07 2.43073456e-07 -1.41933655e-07 -3.55162304e-07 1.03084011e-07 1.65976446e-07 -1.25079255e-07 1.43981202e-07 6.90861991e-01 2.04184270e-01 -3.65155069e-01 -5.59924097e-01 2.13561603e-01 4.06126235e-01 -3.00329057e-02 5.89654933e-01
1.2200 1.28835243e-07 2.56313141e-07 -1.34330912e-07 -3.48610400e-07 1.18173746e-07 1.66653946e-07 -9.77929278e-08 1.87034764e-07 6.90296595e-01 2.15300626e-01 -3.45585492e-01 -5.49595192e-01 2.44835130e-01 4.07789553e-01 1.04165368e-02 6.63041221e-01
1.2300 1.27756108e-07 2.19913296e-07 -1.29558380e-07 -3.41219460e-07 1.12897194e-07 1.64794144e-07 -1.23108436e-07 1.54582902e-07 6.84525442e-01 1.84723337e-01 -3.33297815e-01 -5.37940434e-01 2.33916462e-01 4.03241375e-01 -1.98946993e-03 6.35168367e-01
1.2400 1.26578722e-07 1.48300619e-07 -1.28742250e-07 -3.38752214e-07 9.04010462e-08 1.63283023e-07 -1.92615124e-07 6.10689448e-08 6.78218575e-01 1.24572138e-01 -3.31189602e-01 -5.34044231e-01 1.87323182e-01 3.99542474e-01 -6.24431200e-02 5.24422536e-01
1.2500 1.26003144e-07 6.52753395e-08 -1.30941182e-07 -3.44915525e-07 5.81054990e-08 1.64570780e-07 -2.84578224e-07 -6.19019443e-08 6.75122685e-01 5.48381734e-02 -3.36839363e-01 -5.43750417e-01 1.20425988e-01 4.02687707e-01 -1.50628922e-01 3.72484774e-01
1.2600 1.26400559e-07 -4.13336644e-09 -1.33304969e-07 -3.59889732e-07 2.51121465e-08 1.69674461e-07 -3.70927509e-07 -1.76140901e-07 6.77226116e-01 -3.45689119e-03 -3.42914727e-01 -5.67343957e-01 5.20790970e-02 4.15165810e-01 -2.36489460e-01 2.30755447e-01
1.2700 1.27787092e-07 -4.18931913e-08 -1.32041851e-07 -3.80184035e-07 -7.05751507e-10 1.77785625e-07 -4.26331985e-07 -2.49252112e-07 6.84618642e-01 -3.51692896e-02 -3.39661018e-01 -5.99323071e-01 -1.40729589e-03 4.34999613e-01 -2.89534737e-01 1.44057580e-01
1.2800 1.29906306e-07 -4.24796645e-08 -1.23844384e-07 -3.99826059e-07 -1.49618863e-08 1.86602272e-07 -4.36243801e-07 -2.64603415e-07 6.95932590e-01 -3.56609041e-02 -3.18569563e-01 -6.30274509e-01 -3.09457707e-02 4.56558275e-01 -2.88572386e-01 1.37040119e-01
1.2900 1.32369023e-07 -1.39011187e-08 -1.07243786e-07 -4.12412255e-07 -1.76738135e-08 1.93226361e-07 -4.01188137e-07 -2.25635589e-07 7.09090395e-01 -1.16591397e-02 -2.75861905e-01 -6.50105691e-01 -3.65711465e-02 4.72753217e-01 -2.28536341e-01 2.07645730e-01
1.3000 1.34792104e-07 2.59162018e-08 -8.33805703e-08 -4.13254792e-07 -1.26484823e-08 1.95261859e-07 -3.35927056e-07 -1.53313680e-07 7.22046387e-01 2.17798951e-02 -2.14472269e-01 -6.51428734e-01 -2.61677833e-02 4.77724484e-01 -1.22074720e-01 3.29481980e-01
1.3100 1.36892420e-07 5.59256354e-08 -5.58874052e-08 -4.00859199e-07 -5.68092185e-09 1.91688200e-07 -2.63928548e-07 -7.79212698e-08 7.33288670e-01 4.69806868e-02 -1.43746025e-01 -6.31889308e-01 -1.17384544e-02 4.68977381e-01 4.63402441e-03 4.61872951e-01
1.3200 1.38519230e-07 5.94518120e-08 -2.99000452e-08 -3.77244098e-07 -2.28751234e-09 1.83187178e-07 -2.09173101e-07 -2.82734353e-08 7.42011603e-01 4.99400685e-02 -7.68950040e-02 -5.94670125e-01 -4.70918972e-03 4.48181678e-01 1.20386543e-01 5.63859031e-01
1.3300 1.39635459e-07 2.97770682e-08 -1.05253005e-08 -3.47056585e-07 -5.79245110e-09 1.71822368e-07 -1.88169358e-07 -2.21394410e-08 7.48015117e-01 2.50183080e-02 -2.70560705e-02 -5.47096030e-01 -1.19657407e-02 4.20386718e-01 1.98881325e-01 6.07302302e-01
1.3400 1.40275325e-07 -2.79748942e-08 -1.28722521e-09 -3.15874639e-07 -1.63896907e-08 1.60221237e-07 -2.04861433e-07 -6.10298872e-08 7.51478049e-01 -2.34797922e-02 -3.29382364e-03 -4.97957857e-01 -3.39105903e-02 3.92019949e-01 2.26746576e-01 5.84855934e-01
1.3500 1.40507691e-07 -9.90740723e-08 -3.07630476e-09 -2.88360605e-07 -3.14054028e-08 1.50594873e-07 -2.50003291e-07 -1.30813821e-07 7.52762658e-01 -8.31827813e-02 -7.89752409e-03 -4.54601907e-01 -6.50066027e-02 3.68488526e-01 2.07080446e-01 5.10562369e-01
1.3600 1.40423031e-07 -1.64514648e-07 -1.39439525e-08 -2.66944125e-07 -4.65457072e-08 1.43981074e-07 -3.04979694e-07 -2.07544326e-07 7.52346044e-01 -1.38129714e-01 -3.58528265e-02 -4.20854426e-01 -9.63613657e-02 3.52327805e-01 1.57509078e-01 4.13475518e-01
1.3700 1.40144110e-07 -2.07430460e-07 -2.97860505e-08 -2.51475502e-07 -5.75915984e-08 1.39998200e-07 -3.48547903e-07 -2.66141302e-07 7.50878688e-01 -1.74157980e-01 -7.66007189e-02 -3.96476064e-01 -1.19237675e-01 3.42599857e-01 1.03643925e-01 3.27006107e-01
1.3800 1.39845074e-07 -2.18364996e-07 -4.56545395e-08 -2.39900743e-07 -6.19022096e-08 1.37191432e-07 -3.64075204e-07 -2.88785982e-07 7.49288008e-01 -1.83328627e-01 -1.17412081e-01 -3.78226864e-01 -1.28166900e-01 3.35741558e-01 7.03204359e-02 2.77895094e-01
1.3900 1.39757611e-07 -1.97732257e-07 -5.72338039e-08 -2.29619377e-07 -5.92235403e-08 1.33820656e-07 -3.44827828e-07 -2.70230712e-07 7.48812309e-01 -1.65992209e-01 -1.47185960e-01 -3.62007282e-01 -1.22623725e-01 3.27493098e-01 7.36268576e-02 2.78496231e-01
1.4000 1.40148318e-07 -1.54897549e-07 -6.19867220e-08 -2.18941522e-07 -5.15998705e-08 1.28768709e-07 -2.95677476e-07 -2.18508638e-07 7.50880069e-01 -1.30015972e-01 -1.59397715e-01 -3.45155172e-01 -1.06842364e-01 3.15120682e-01 1.16311209e-01 3.24589528e-01
1.4100 1.41265573e-07 -1.04499192e-07 -5.96177864e-08 -2.08047337e-07 -4.25237668e-08 1.22203393e-07 -2.30898742e-07 -1.51219116e-07 7.56825272e-01 -8.76941895e-02 -1.53289964e-01 -3.27957847e-01 -8.80558989e-02 2.99036332e-01 1.87883272e-01 3.98863705e-01
1.4200 1.43270321e-07 -6.14982181e-08 -5.17588989e-08 -1.99066645e-07 -3.57108717e-08 1.15721176e-07 -1.69053441e-07 -8.90431368e-08 7.67515997e-01 -5.15906801e-02 -1.33063605e-01 -3.13776759e-01 -7.39586944e-02 2.83149057e-01 2.69084953e-01 4.78275316e-01
1.4300 1.46175967e-07 -3.67120713e-08 -4.10596419e-08 -1.95250508e-07 -3.39664260e-08 1.11897352e-07 -1.26846255e-07 -4.89153288e-08 7.83031307e-01 -3.07882512e-02 -1.05536780e-01 -3.07740591e-01 -7.03590704e-02 2.73763515e-01 3.38965685e-01 5.42370129e-01
1.4400 1.49822980e-07 -3.42265738e-08 -3.00585820e-08 -1.99562806e-07 -3.85122449e-08 1.13391991e-07 -1.14024982e-07 -3.91452353e-08 8.02523766e-01 -2.87158394e-02 -7.72407016e-02 -3.14524152e-01 -7.97858313e-02 2.77391688e-01 3.82043073e-01 5.79648930e-01
1.4500 1.53903234e-07 -5.12817651e-08 -2.02603215e-08 -2.13244624e-07 -4.89240537e-08 1.21929846e-07 -1.30883476e-07 -5.78776837e-08 8.24348391e-01 -4.30533039e-02 -5.20450852e-02 -3.36084776e-01 -1.01358981e-01 2.98256281e-01 3.93165226e-01 5.90062526e-01
1.4600 1.58031514e-07 -8.03201694e-08 -1.17357064e-08 -2.34916836e-07 -6.35867490e-08 1.37524398e-07 -1.68941197e-07 -9.50035480e-08 8.46444592e-01 -6.74520891e-02 -3.01298334e-02 -3.70247611e-01 -1.31732993e-01 3.36391773e-01 3.78615059e-01 5.83273839e-01
1.4700 1.61843885e-07 -1.12201402e-07 -3.34762103e-09 -2.60586828e-07 -8.04037662e-08 1.58234011e-07 -2.14291966e-07 -1.36461722e-07 8.66862555e-01 -9.42350838e-02 -8.56641269e-03 -4.10716646e-01 -1.66566100e-01 3.87047764e-01 3.53344412e-01 5.73826077e-01
1.4800 1.65091729e-07 -1.39337602e-07 6.53368933e-09 -2.84592080e-07 -9.74521003e-08 1.80553136e-07 -2.52304263e-07 -1.69203228e-07 8.84267204e-01 -1.17029678e-01 1.68412109e-02 -4.48562905e-01 -2.01876699e-01 4.41646435e-01 3.35515831e-01 5.75285567e-01
1.4900 1.67700690e-07 -1.57720887e-07 1.91357954e-08 -3.01171382e-07 -1.13356273e-07 2.00321314e-07 -2.72055784e-07 -1.85090743e-07 8.98254838e-01 -1.32470147e-01 4.92538340e-02 -4.74702089e-01 -2.34817421e-01 4.90007132e-01 3.40336437e-01 5.95526148e-01
1.5000 1.69775441e-07 -1.67356106e-07 3.45696411e-08 -3.06128446e-07 -1.27312530e-07 2.13855763e-07 -2.69139471e-07 -1.82596238e-07 9.09380083e-01 -1.40560757e-01 8.89584764e-02 -4.82517698e-01 -2.63724707e-01 5.23118016e-01 3.75260104e-01 6.34653413e-01
1.5100 1.71549943e-07 -1.71239764e-07 5.15700579e-08 -2.98021533e-07 -1.38854313e-07 2.18940516e-07 -2.46141296e-07 -1.66055092e-07 9.18890936e-01 -1.43818107e-01 1.32700534e-01 -4.69736615e-01 -2.87632653e-01 5.35556574e-01 4.38036748e-01 6.85960669e-01
1.5200 1.73301606e-07 -1.73501769e-07 6.77841556e-08 -2.78482733e-07 -1.47545457e-07 2.15358912e-07 -2.10898740e-07 -1.43085285e-07 9.28270219e-01 -1.45710605e-01 1.74425728e-01 -4.38932303e-01 -3.05637462e-01 5.26792605e-01 5.18053038e-01 7.39208181e-01
1.5300 1.75259689e-07 -1.77503348e-07 8.04941655e-08 -2.51575816e-07 -1.52787015e-07 2.04814316e-07 -1.73325309e-07 -1.21298008e-07 9.38745535e-01 -1.49061327e-01 2.07140013e-01 -3.96512110e-01 -3.16497540e-01 5.00994114e-01 6.00312112e-01 7.84808685e-01
1.5400 1.77538981e-07 -1.84548045e-07 8.75066721e-08 -2.22430219e-07 -1.53839345e-07 1.90288584e-07 -1.41932611e-07 -1.05483373e-07 9.50933917e-01 -1.54965786e-01 2.25197746e-01 -3.50563368e-01 -3.18679707e-01 4.65457347e-01 6.70602509e-01 8.17380149e-01
1.5500 1.80119330e-07 -1.93518577e-07 8.78902572e-08 -1.95624939e-07 -1.50039971e-07 1.75067609e-07 -1.21133928e-07 -9.61062900e-08 9.64731356e-01 -1.62487121e-01 2.26199943e-01 -3.08305324e-01 -3.10810958e-01 4.28222253e-01 7.20138853e-01 8.37550149e-01
1.5600 1.82874008e-07 -2.01366990e-07 8.23100807e-08 -1.73861083e-07 -1.41097794e-07 1.61758868e-07 -1.10043985e-07 -8.93829104e-08 9.79463454e-01 -1.69067648e-01 2.11855555e-01 -2.73996337e-01 -2.92288246e-01 3.95668457e-01 7.48255025e-01 8.51635236e-01
1.5700 1.85631907e-07 -2.04112695e-07 7.28596027e-08 -1.57340441e-07 -1.27309071e-07 1.51609258e-07 -1.02961628e-07 -7.86614397e-08 9.94217301e-01 -1.71366646e-01 1.87548930e-01 -2.47954306e-01 -2.63725946e-01 3.70846160e-01 7.62445279e-01 8.69565492e-01
1.5800 1.88246956e-07 -1.97923825e-07 6.24665799e-08 -1.44010108e-07 -1.09581349e-07 1.44314661e-07 -9.12203974e-08 -5.64870857e-08 1.00821231e+00 -1.66167936e-01 1.60811809e-01 -2.26942577e-01 -2.27005229e-01 3.53010358e-01 7.75913605e-01 9.01918734e-01
1.5900 1.90647000e-07 -1.79959573e-07 5.40878637e-08 -1.30535253e-07 -8.92446864e-08 1.38340621e-07 -6.57599628e-08 -1.66640280e-08 1.02106168e+00 -1.51086722e-01 1.39251779e-01 -2.05703767e-01 -1.84882590e-01 3.38405764e-01 8.03522969e-01 9.57046144e-01
1.6000 1.92843981e-07 -1.48848450e-07 4.99597873e-08 -1.13627693e-07 -6.77290066e-08 1.31607266e-07 -1.96723741e-08 4.42058852e-08 1.03282725e+00 -1.24970868e-01 1.28623523e-01 -1.79054387e-01 -1.40321012e-01 3.21942920e-01 8.57425518e-01 1.03904743e+00
1.6100 1.94903642e-07 -1.04858375e-07 5.11268927e-08 -9.12633170e-08 -4.62459985e-08 1.22285963e-07 4.99088432e-08 1.25948808e-07 1.04385805e+00 -8.80437077e-02 1.31616024e-01 -1.43804065e-01 -9.58306054e-02 2.99147605e-01 9.43626297e-01 1.14694330e+00
1.6200 1.96889771e-07 -4.98963001e-08 5.73560606e-08 -6.33901234e-08 -2.56071413e-08 1.09440771e-07 1.40959408e-07 2.24793038e-07 1.05449275e+00 -4.19040789e-02 1.47631233e-01 -9.98715221e-02 -5.30914531e-02 2.67730298e-01 1.06034838e+00 1.27498722e+00
1.6300 1.98808735e-07 1.25622931e-08 6.74042356e-08 -3.19263964e-08 -6.24122960e-09 9.33219773e-08 2.46848867e-07 3.33929615e-07 1.06476351e+00 1.05322604e-02 1.73472478e-01 -5.02813531e-02 -1.29899949e-02 2.28304180e-01 1.19848690e+00 1.41380108e+00
1.6400 2.00580505e-07 7.76246800e-08 7.94981274e-08 -9.93713466e-11 1.16220193e-08 7.52497800e-08 3.57603941e-07 4.44475741e-07 1.07424132e+00 6.51589593e-02 2.04578351e-01 -1.21109898e-04 2.40002854e-02 1.84100204e-01 1.34385752e+00 1.55195801e+00
1.6500 2.02052351e-07 1.39325480e-07 9.18397115e-08 2.86102963e-08 2.77155160e-08 5.71650563e-08 4.61827838e-07 5.46708410e-07 1.08210925e+00 1.16967865e-01 2.36323161e-01 4.51229074e-02 5.73285305e-02 1.39867567e-01 1.48052318e+00 1.67771928e+00
1.6600 2.03054550e-07 1.91294340e-07 1.02979992e-07 5.15435559e-08 4.15841537e-08 4.10241613e-08 5.48872437e-07 6.31480752e-07 1.08746037e+00 1.60609453e-01 2.64978661e-01 8.12603510e-02 8.60538819e-02 1.00392687e-01 1.59430883e+00 1.78075540e+00
1.6700 2.03480130e-07 2.27779734e-07 1.11984603e-07 6.76072325e-08 5.26169705e-08 2.82464093e-08 6.10851699e-07 6.91715079e-07 1.08972399e+00 1.91252701e-01 2.88140396e-01 1.06569845e-01 1.08911639e-01 6.91472707e-02 1.67568693e+00 1.85374584e+00
1.6800 2.03359342e-07 2.44884111e-07 1.18409747e-07 7.74758026e-08 6.02682672e-08 1.93826335e-08 6.44129002e-07 7.23779903e-07 1.08906376e+00 2.05622779e-01 3.04666138e-01 1.22116600e-01 1.24771066e-01 4.74775288e-02 1.72146927e+00 1.89371787e+00
1.6900 2.02898780e-07 2.41688757e-07 1.22175851e-07 8.32346682e-08 6.43744079e-08 1.40821151e-08 6.49998055e-07 7.28454578e-07 1.08658668e+00 2.02946282e-01 3.14351145e-01 1.31189525e-01 1.33291686e-01 3.45236044e-02 1.73507363e+00 1.90288892e+00
1.7000 2.02465320e-07 2.20864406e-07 1.23444361e-07 8.76308557e-08 6.54107232e-08 1.13293242e-08 6.34404942e-07 7.11144990e-07 1.08425707e+00 1.85464580e-01 3.17611313e-01 1.38119587e-01 1.35455772e-01 2.77992325e-02 1.72545255e+00 1.88870755e+00
1.7100 2.02513138e-07 1.88437600e-07 1.22569032e-07 9.32058130e-08 6.45384717e-08 9.83853645e-09 6.06725583e-07 6.81102591e-07 1.08450598e+00 1.58237938e-01 3.15357747e-01 1.46912558e-01 1.33666139e-01 2.41576242e-02 1.70501423e+00 1.86283799e+00
1.7200 2.03471689e-07 1.52611158e-07 1.20128334e-07 1.01592075e-07 6.33671857e-08 8.45886206e-09 5.77803256e-07 6.49629304e-07 1.08963190e+00 1.28155005e-01 3.09079826e-01 1.60140409e-01 1.31254415e-01 2.07826628e-02 1.68700714e+00 1.83904422e+00
1.7300 2.05626930e-07 1.21849993e-07 1.16983396e-07 1.13170140e-07 6.34745144e-08 6.46059776e-09 5.57630458e-07 6.27565571e-07 1.10116517e+00 1.02325051e-01 3.00993804e-01 1.78400823e-01 1.31486905e-01 1.58895115e-02 1.68288484e+00 1.83026126e+00
1.7400 2.09032171e-07 1.02727117e-07 1.14276598e-07 1.27143386e-07 6.58363280e-08 3.63288381e-09 5.53179272e-07 6.22648484e-07 1.11939088e+00 8.62686539e-02 2.94038752e-01 2.00435877e-01 1.36384358e-01 8.96333631e-03 1.70013416e+00 1.84548185e+00
1.7500 2.13477157e-07 9.81655472e-08 1.13303994e-07 1.41949951e-07 7.03771787e-08 1.96771050e-10 5.66896650e-07 6.37470600e-07 1.14318330e+00 8.24408697e-02 2.91548023e-01 2.23781892e-01 1.45790798e-01 5.46269550e-04 1.74095408e+00 1.88729115e+00
1.7600 2.18526788e-07 1.06642874e-07 1.15252647e-07 1.55837216e-07 7.58280974e-08 -3.40063210e-09 5.96259524e-07 6.68686989e-07 1.17021287e+00 8.95629969e-02 2.96573477e-01 2.45675427e-01 1.57078751e-01 -8.26659055e-03 1.80202477e+00 1.95083693e+00
1.7700 2.23619901e-07 1.22654591e-07 1.20865917e-07 1.67401171e-07 7.99798258e-08 -6.71587988e-09 6.34541580e-07 7.07805526e-07 1.19747474e+00 1.03011688e-01 3.11024694e-01 2.63903612e-01 1.65673414e-01 -1.63894691e-02 1.87541473e+00 2.02469868e+00
1.7800 2.28200522e-07 1.38344000e-07 1.30152642e-07 1.75936345e-07 8.02803053e-08 -9.47618877e-09 6.72633509e-07 7.43437626e-07 1.22199124e+00 1.16187982e-01 3.34921351e-01 2.77355528e-01 1.66289889e-01 -2.31545691e-02 1.95045610e+00 2.09359142e+00
1.7900 2.31844655e-07 1.45831349e-07 1.42263711e-07 1.81526693e-07 7.45980525e-08 -1.16349122e-08 7.01466408e-07 7.64429548e-07 1.24149078e+00 1.22473681e-01 3.66076452e-01 2.86165020e-01 1.54514106e-01 -2.84476824e-02 2.01620593e+00 2.14227235e+00
1.8000 2.34347863e-07 1.39543175e-07 1.55614138e-07 1.84898464e-07 6.19069220e-08 -1.33159770e-08 7.14403639e-07 7.62994584e-07 1.25487709e+00 1.17187907e-01 4.00411087e-01 2.91478216e-01 1.28221055e-01 -3.25720095e-02 2.06395429e+00 2.15960334e+00
1.8100 2.35751386e-07 1.17836861e-07 1.68244574e-07 1.87121444e-07 4.26688001e-08 -1.46891390e-08 7.08954264e-07 7.36933925e-07 1.26236977e+00 9.89516158e-02 4.32884948e-01 2.94982141e-01 8.83675114e-02 -3.59427052e-02 2.08918848e+00 2.14161328e+00
1.8200 2.36303298e-07 8.34390333e-08 1.78324841e-07 1.89268919e-07 1.87918829e-08 -1.58376251e-08 6.87336091e-07 6.90290349e-07 1.26529702e+00 7.00557638e-02 4.58791857e-01 2.98368498e-01 3.89057869e-02 -3.87628878e-02 2.09251314e+00 2.09265604e+00
1.8300 2.36369891e-07 4.25941638e-08 1.84639842e-07 1.92131194e-07 -6.81422393e-09 -1.66739480e-08 6.55735090e-07 6.32246919e-07 1.26562166e+00 3.57460501e-02 4.75009494e-01 3.02882162e-01 -1.41375666e-02 -4.08176767e-02 2.07925937e+00 2.02430412e+00
1.8400 2.36325578e-07 3.22367040e-09 1.86891745e-07 1.96038402e-07 -3.09326352e-08 -1.69345097e-08 6.22479394e-07 5.74612250e-07 1.26535179e+00 2.67652500e-03 4.80776088e-01 3.09042236e-01 -6.40993077e-02 -4.14611669e-02 2.05784663e+00 1.95228616e+00
1.8500 2.36453366e-07 -2.73083305e-08 1.85707854e-07 2.00806504e-07 -5.07551376e-08 -1.62512991e-08 5.95659393e-07 5.28652956e-07 1.26600740e+00 -2.29671780e-02 4.77709732e-01 3.16557410e-01 -1.05162344e-01 -3.97921450e-02 2.03730736e+00 1.89235287e+00
1.8600 2.36881980e-07 -4.41329206e-08 1.82343500e-07 2.05791589e-07 -6.44031577e-08 -1.42724236e-08 5.80884148e-07 5.02208567e-07 1.26828282e+00 -3.70956318e-02 4.69043079e-01 3.24412007e-01 -1.33434826e-01 -3.49492944e-02 2.02464227e+00 1.85625815e+00
1.8700 2.37572673e-07 -4.59596058e-08 1.78178207e-07 2.10027332e-07 -7.11238129e-08 -1.07908526e-08 5.79818606e-07 4.97903941e-07 1.27197483e+00 -3.86254493e-02 4.58326458e-01 3.31082948e-01 -1.47356360e-01 -2.64263956e-02 2.02275879e+00 1.84897603e+00
1.8800 2.38353216e-07 -3.50490841e-08 1.74181300e-07 2.12423029e-07 -7.11576733e-08 -5.84412979e-09 5.89908460e-07 5.12906657e-07 1.27616353e+00 -2.94563105e-02 4.48052790e-01 3.34851909e-01 -1.47424316e-01 -1.43163163e-02 2.02961192e+00 1.86787129e+00
1.8900 2.38983571e-07 -1.61848963e-08 1.70540026e-07 2.12003497e-07 -6.53907787e-08 2.37872786e-10 6.05342198e-07 5.40189292e-07 1.27956320e+00 -1.36070423e-02 4.38701058e-01 3.34183234e-01 -1.35473281e-01 5.72329275e-04 2.03884045e+00 1.90393950e+00
1.9000 2.39230881e-07 4.94253323e-09 1.66590855e-07 2.08167568e-07 -5.49647672e-08 6.84284141e-09 6.18931838e-07 5.70809912e-07 1.28092369e+00 4.14189479e-03 4.28560191e-01 3.28130959e-01 -1.13867705e-01 1.67397073e-02 2.04175673e+00 1.94462873e+00
1.9100 2.38932099e-07 2.33786286e-08 1.61089776e-07 2.00926513e-07 -4.10052034e-08 1.31362389e-08 6.24327016e-07 5.96458052e-07 1.27936638e+00 1.96283983e-02 4.14425348e-01 3.16714174e-01 -8.49392872e-02 3.21425039e-02 2.03013430e+00 1.97733752e+00
1.9200 2.38029504e-07 3.60602002e-08 1.52736360e-07 1.91065137e-07 -2.45497857e-08 1.81591269e-08 6.17891201e-07 6.11500543e-07 1.27457558e+00 3.02794528e-02 3.92947078e-01 3.01170602e-01 -5.08382671e-02 4.44336163e-02 1.99897271e+00 1.99256806e+00
1.9300 2.36574564e-07 4.21809425e-08 1.40771866e-07 1.80160000e-07 -6.65137620e-09 2.09515689e-08 5.99687373e-07 6.13987566e-07 1.26682055e+00 3.54181898e-02 3.62170839e-01 2.83985164e-01 -1.37467303e-02 5.12642760e-02 1.94839474e+00 1.98591229e+00
1.9400 2.34705280e-07 4.27567414e-08 1.25437856e-07 1.70404118e-07 1.14574588e-08 2.06917733e-08 5.73303996e-07 6.05453228e-07 1.25683562e+00 3.58987341e-02 3.22717291e-01 2.68613752e-01 2.37807319e-02 5.06244768e-02 1.88406540e+00 1.95847061e+00
1.9500 2.32608501e-07 3.96510353e-08 1.08121582e-07 1.64230207e-07 2.82834467e-08 1.68399933e-08 5.44611325e-07 5.89734765e-07 1.24561924e+00 3.32874285e-02 2.78156360e-01 2.58889628e-01 5.86494210e-02 4.11948371e-02 1.81595266e+00 1.91579691e+00
1.9600 2.30480125e-07 3.44798684e-08 9.11153193e-08 1.63786754e-07 4.21817625e-08 9.26978527e-09 5.19862067e-07 5.71313615e-07 1.23422107e+00 2.89429248e-02 2.34387737e-01 2.58197932e-01 8.74507905e-02 2.26674034e-02 1.75574967e+00 1.86586786e+00
1.9700 2.28493261e-07 2.78196318e-08 7.70449428e-08 1.70383289e-07 5.16695688e-08 -1.64001090e-09 5.03741124e-07 5.53770682e-07 1.22357102e+00 2.33504719e-02 1.98170166e-01 2.68601602e-01 1.07112036e-01 -4.02967819e-03 1.71369326e+00 1.81677562e+00
1.9800 2.26779052e-07 1.89981982e-08 6.81351484e-08 1.84058246e-07 5.58513515e-08 -1.49852647e-08 4.97970645e-07 5.38836732e-07 1.21437556e+00 1.59462262e-02 1.75230384e-01 2.90160428e-01 1.15777239e-01 -3.66835086e-02 1.69571260e+00 1.77480633e+00
1.9900 2.25419523e-07 6.52031525e-09 6.55371832e-08 2.03414978e-07 5.47888915e-08 -2.94173214e-08 5.00892000e-07 5.26263570e-07 1.20707824e+00 5.47436153e-03 1.68532936e-01 3.20672609e-01 1.13573824e-01 -7.19941938e-02 1.70175815e+00 1.74333778e+00
2.0000 2.24448351e-07 -1.10562427e-08 6.89303962e-08 2.25812553e-07 4.96411280e-08 -4.33356087e-08 5.08135057e-07 5.14440576e-07 1.20186278e+00 -9.27710401e-03 1.77254635e-01 3.55975432e-01 1.02902400e-01 -1.06046062e-01 1.72581574e+00 1.72267208e+00
2.0100 2.23854865e-07 -3.41373282e-08 7.65266257e-08 2.47900556e-07 4.24668031e-08 -5.51733563e-08 5.14144719e-07 5.01438165e-07 1.19867388e+00 -2.86503089e-02 1.96795663e-01 3.90788108e-01 8.80280762e-02 -1.35006554e-01 1.75760734e+00 1.71062886e+00
2.0200 2.23588360e-07 -6.13818895e-08 8.54838246e-08 2.66379623e-07 3.57031933e-08 -6.37238589e-08 5.14069918e-07 4.86049252e-07 1.19724019e+00 -5.15205608e-02 2.19843776e-01 4.19910448e-01 7.40007859e-02 -1.55924227e-01 1.78547386e+00 1.70355042e+00
2.0300 2.23562563e-07 -8.95510043e-08 9.26122983e-08 2.78787755e-07 3.14624111e-08 -6.84288544e-08 5.05411612e-07 4.68445168e-07 1.19709869e+00 -7.51692447e-02 2.38191521e-01 4.39462245e-01 6.51976076e-02 -1.67434079e-01 1.79958321e+00 1.69734674e+00
2.0400 2.23662311e-07 -1.14016163e-07 9.51722503e-08 2.84087173e-07 3.08721755e-08 -6.95444909e-08 4.88905572e-07 4.50233257e-07 1.19763107e+00 -9.57104085e-02 2.44788462e-01 4.47808329e-01 6.39570280e-02 -1.70163431e-01 1.79451745e+00 1.68831105e+00
2.0500 2.23754883e-07 -1.29809189e-07 9.15399843e-08 2.82871318e-07 3.36942978e-08 -6.81206550e-08 4.68356997e-07 4.33930640e-07 1.19812513e+00 -1.08972311e-01 2.35455529e-01 4.45884921e-01 6.97882793e-02 -1.66681290e-01 1.77049327e+00 1.67360025e+00
2.0600 2.23706869e-07 -1.32918248e-07 8.15658866e-08 2.77117302e-07 3.83738971e-08 -6.57741888e-08 4.49471810e-07 4.22071518e-07 1.19786563e+00 -1.11585759e-01 2.09806319e-01 4.36809488e-01 7.94727585e-02 -1.60943509e-01 1.73289568e+00 1.65142493e+00
2.0700 2.23404704e-07 -1.21449691e-07 6.65427046e-08 2.69544930e-07 4.25306456e-08 -6.42946232e-08 4.38042648e-07 4.16278670e-07 1.19624439e+00 -1.01959884e-01 1.71165696e-01 4.24870334e-01 8.80810544e-02 -1.57328245e-01 1.69032054e+00 1.62107335e+00
2.0800 2.22774324e-07 -9.63069730e-08 4.88158164e-08 2.62766441e-07 4.37493377e-08 -6.51751002e-08 4.38049608e-07 4.16623845e-07 1.19286538e+00 -8.08524635e-02 1.25567186e-01 4.14186192e-01 9.06101410e-02 -1.59488383e-01 1.65176629e+00 1.58288805e+00
2.0900 2.21794328e-07 -6.11729955e-08 3.11630682e-08 2.58480831e-07 4.04162549e-08 -6.91929407e-08 4.50265232e-07 4.21488546e-07 1.18761477e+00 -5.13552886e-02 8.01574094e-02 4.07435981e-01 8.37157298e-02 -1.69325393e-01 1.62385287e+00 1.53824321e+00
2.1000 2.20498064e-07 -2.17783867e-08 1.61233920e-08 2.56958326e-07 3.23215479e-08 -7.61611502e-08 4.71801396e-07 4.27961793e-07 1.18067178e+00 -1.82798682e-02 4.14686537e-02 4.05045846e-01 6.69603256e-02 -1.86381365e-01 1.60890641e+00 1.48948537e+00
2.1100 2.18963181e-07 1.53625972e-08 5.44970441e-09 2.56974654e-07 2.08179859e-08 -8.49317591e-08 4.96750137e-07 4.32636364e-07 1.17245238e+00 1.29040038e-02 1.40111433e-02 4.05085303e-01 4.31426938e-02 -2.07847142e-01 1.60445283e+00 1.43974839e+00
2.1200 2.17291151e-07 4.44213567e-08 -1.90664940e-10 2.56217247e-07 8.47051891e-09 -9.36640118e-08 5.17739089e-07 4.32545596e-07 1.16349971e+00 3.73020608e-02 -4.97857474e-04 4.03907428e-01 1.75728020e-02 -2.29218461e-01 1.60421134e+00 1.39256568e+00
2.1300 2.15582641e-07 6.15495686e-08 -1.22491913e-09 2.52039529e-07 -1.69981224e-09 -1.00294386e-07 5.27946819e-07 4.25952620e-07 1.15435233e+00 5.16827576e-02 -3.15718821e-03 3.97337999e-01 -3.49352678e-03 -2.45445915e-01 1.60021590e+00 1.35127646e+00
2.1400 2.13915980e-07 6.56713986e-08 1.06854045e-09 2.42331659e-07 -7.13810340e-09 -1.03084331e-07 5.22987578e-07 4.12765144e-07 1.14542936e+00 5.51425947e-02 2.74418631e-03 3.82048448e-01 -1.47643702e-02 -2.52275143e-01 1.58536459e+00 1.31832508e+00
2.1500 2.12334809e-07 5.85849900e-08 4.95815134e-09 2.26240744e-07 -6.54827963e-09 -1.01094925e-07 5.02118694e-07 3.94475489e-07 1.13696458e+00 4.91914016e-02 1.27512463e-02 3.56691727e-01 -1.35535982e-02 -2.47408295e-01 1.55559896e+00 1.29463707e+00
2.1600 2.10847594e-07 4.43708803e-08 8.69092093e-09 2.04521629e-07 -3.03118808e-10 -9.44548210e-08 4.68431025e-07 3.73673085e-07 1.12900403e+00 3.72555870e-02 2.23537412e-02 3.22455903e-01 -6.30614507e-04 -2.31159758e-01 1.51106926e+00 1.27927889e+00
2.1700 2.09437454e-07 2.82853622e-08 1.08500457e-08 1.79414782e-07 9.65553704e-09 -8.43446974e-08 4.27987643e-07 3.53298483e-07 1.12145842e+00 2.37488425e-02 2.79063833e-02 2.82872181e-01 1.99855212e-02 -2.06418299e-01 1.45598583e+00 1.26955305e+00
2.1800 2.08077129e-07 1.54427384e-08 1.05702462e-08 1.54093186e-07 2.03876792e-08 -7.27016760e-08 3.88183299e-07 3.35869303e-07 1.11418302e+00 1.29655591e-02 2.71829834e-02 2.42943275e-01 4.22076626e-02 -1.77923962e-01 1.39727483e+00 1.26155853e+00
2.1900 2.06742515e-07 9.62966531e-09 7.59243291e-09 1.31849218e-07 2.88090132e-08 -6.17266495e-08 3.55813831e-07 3.22896195e-07 1.10704957e+00 8.08517681e-03 1.95171888e-02 2.07861542e-01 5.96484612e-02 -1.51062660e-01 1.34251348e+00 1.25109928e+00
2.2000 2.05419324e-07 1.25401336e-08 2.18306196e-09 1.15265301e-07 3.25559704e-08 -5.33325308e-08 3.35407821e-07 3.14631260e-07 1.09998160e+00 1.05298007e-02 5.59503759e-03 1.81701171e-01 6.74117230e-02 -1.30516076e-01 1.29780761e+00 1.23470326e+00
2.2100 2.04100852e-07 2.35902815e-08 -5.02982664e-09 1.05607872e-07 3.05975016e-08 -4.86856620e-08 3.28269179e-07 3.10181018e-07 1.09294220e+00 1.98087723e-02 -1.29669221e-02 1.66462129e-01 6.33598162e-02 -1.19139388e-01 1.26624618e+00 1.21046661e+00
2.2200 2.02779007e-07 4.03076703e-08 -1.32458544e-08 1.02607217e-07 2.34219231e-08 -4.79623838e-08 3.32448040e-07 3.07907580e-07 1.08588616e+00 3.38456725e-02 -3.41086296e-02 1.61722270e-01 4.85013739e-02 -1.17365348e-01 1.24734547e+00 1.17848150e+00
2.2300 2.01434091e-07 5.91378219e-08 -2.16597617e-08 1.04663199e-07 1.27703566e-08 -5.03779780e-08 3.43575351e-07 3.05967729e-07 1.07870555e+00 4.96557115e-02 -5.57574992e-02 1.64960916e-01 2.64401329e-02 -1.23274795e-01 1.23756468e+00 1.14073002e+00
2.2400 2.00029817e-07 7.64139999e-08 -2.95801104e-08 1.09389108e-07 1.03239754e-09 -5.44660880e-08 3.56252815e-07 3.02819125e-07 1.07120372e+00 6.41601521e-02 -7.61339781e-02 1.72415754e-01 2.12411355e-03 -1.33280084e-01 1.23164565e+00 1.10048968e+00
2.2500 1.98518276e-07 8.92186916e-08 -3.64929584e-08 1.14312600e-07 -9.48292752e-09 -5.85172581e-08 3.65556609e-07 2.97556424e-07 1.06312241e+00 7.49097043e-02 -9.39155010e-02 1.80187759e-01 -1.96638577e-02 -1.43197989e-01 1.22430438e+00 1.06144253e+00
2.2600 1.96855470e-07 9.59265708e-08 -4.20793074e-08 1.17520556e-07 -1.71662295e-08 -6.10456539e-08 3.68223289e-07 2.90011406e-07 1.05422537e+00 8.05403493e-02 -1.08281448e-01 1.85258146e-01 -3.55883842e-02 -1.49391728e-01 1.21174242e+00 1.02676230e+00
2.2700 1.95023258e-07 9.63347353e-08 -4.62020948e-08 1.18069335e-07 -2.14382512e-08 -6.11536238e-08 3.63225234e-07 2.80633359e-07 1.04441596e+00 8.08825088e-02 -1.18879674e-01 1.86135814e-01 -4.44465864e-02 -1.49663198e-01 1.19255461e+00 9.98444825e-01
2.2800 1.93049879e-07 9.14171709e-08 -4.88783828e-08 1.16067564e-07 -2.27226545e-08 -5.87022114e-08 3.51656232e-07 2.70231366e-07 1.03384689e+00 7.67546406e-02 -1.25754889e-01 1.82988706e-01 -4.71126840e-02 -1.43670531e-01 1.16783535e+00 9.77052132e-01
2.2900 1.91020260e-07 8.28449165e-08 -5.02481173e-08 1.12444698e-07 -2.21142596e-08 -5.42582961e-08 3.36061758e-07 2.59689202e-07 1.02297496e+00 6.95601328e-02 -1.29268156e-01 1.77279744e-01 -4.58518828e-02 -1.32799158e-01 1.14054668e+00 9.61895640e-01
2.3000 1.89069707e-07 7.24607703e-08 -5.05455184e-08 1.08510537e-07 -2.08891648e-08 -4.88554779e-08 3.19495496e-07 2.49750853e-07 1.01252672e+00 6.08461312e-02 -1.30023145e-01 1.71072964e-01 -4.33065187e-02 -1.19577082e-01 1.11442267e+00 9.51539071e-01
2.3100 1.87359638e-07 6.18777757e-08 -5.00748260e-08 1.05461625e-07 -2.00386705e-08 -4.36559691e-08 3.04624212e-07 2.40929572e-07 1.00336808e+00 5.19664474e-02 -1.28803592e-01 1.66255517e-01 -4.15310092e-02 -1.06847818e-01 1.09278646e+00 9.44407629e-01
2.3200 1.86040238e-07 5.22973372e-08 -4.91893448e-08 1.03988388e-07 -1.99799150e-08 -3.96207955e-08 2.93136618e-07 2.33535908e-07 9.96304064e-01 4.39290205e-02 -1.26519280e-01 1.63918070e-01 -4.13922167e-02 -9.69634706e-02 1.07763187e+00 9.39276187e-01
2.3300 1.85210012e-07 4.45461158e-08 -4.82711617e-08 1.04088182e-07 -2.05184323e-08 -3.72819323e-08 2.85573148e-07 2.27772783e-07 9.91862163e-01 3.74271607e-02 -1.24153774e-01 1.64059505e-01 -4.24910991e-02 -9.12270478e-02 1.06919506e+00 9.35476909e-01
2.3400 1.84884359e-07 3.92472384e-08 -4.77081099e-08 1.05114499e-07 -2.10426416e-08 -3.66696559e-08 2.81537986e-07 2.23825689e-07 9.90124331e-01 3.29835613e-02 -1.22705103e-01 1.65663736e-01 -4.35644920e-02 -8.97143971e-02 1.06606652e+00 9.32787636e-01
2.3500 1.84983585e-07 3.69999935e-08 -4.78645838e-08 1.06017673e-07 -2.08519724e-08 -3.73960559e-08 2.80136668e-07 2.21888639e-07 9.90663047e-01 3.11013342e-02 -1.23110663e-01 1.67078468e-01 -4.31637609e-02 -9.14781602e-02 1.06573219e+00 9.31090265e-01
2.3600 1.85345432e-07 3.84550030e-08 -4.90442385e-08 1.05680942e-07 -1.94843467e-08 -3.88484984e-08 2.80437138e-07 2.22104293e-07 9.92608747e-01 3.23271192e-02 -1.26151251e-01 1.66544472e-01 -4.03324994e-02 -9.50207682e-02 1.06532909e+00 9.29975819e-01
2.3700 1.85760018e-07 4.42300396e-08 -5.14459287e-08 1.03240454e-07 -1.69234049e-08 -4.04188847e-08 2.81784583e-07 2.24442294e-07 9.94837084e-01 3.71802220e-02 -1.32337744e-01 1.62699869e-01 -3.50356910e-02 -9.88551223e-02 1.06237943e+00 9.28488617e-01
2.3800 1.86018185e-07 5.46898689e-08 -5.51191571e-08 9.82986355e-08 -1.36209880e-08 -4.16925642e-08 2.83887532e-07 2.28573980e-07 9.96227817e-01 4.59674710e-02 -1.41796549e-01 1.54916635e-01 -2.82067547e-02 -1.01966718e-01 1.05531538e+00 9.25141902e-01
2.3900 1.85959977e-07 6.96800348e-08 -5.99302909e-08 9.09853381e-08 -1.03425432e-08 -4.25426879e-08 2.86695059e-07 2.33809828e-07 9.95924322e-01 5.85593911e-02 -1.54182784e-01 1.43397388e-01 -2.14281703e-02 -1.04044583e-01 1.04369832e+00 9.18225564e-01
2.4000 1.85509772e-07 8.83334520e-08 -6.55534303e-08 8.18726692e-08 -7.90510631e-09 -4.31122401e-08 2.90162463e-07 2.39145116e-07 9.93521474e-01 7.42276116e-02 -1.68656929e-01 1.29041659e-01 -1.63896691e-02 -1.05437546e-01 1.02813381e+00 9.06306599e-01
2.4100 1.84688424e-07 1.09049446e-07 -7.14977234e-08 7.17902764e-08 -6.90842430e-09 -4.37039151e-08 2.94030423e-07 2.43418084e-07 9.89130571e-01 9.16272558e-02 -1.83955254e-01 1.13155232e-01 -1.43319880e-02 -1.06885115e-01 1.00995780e+00 8.88740701e-01
2.4200 1.83599661e-07 1.29685707e-07 -7.71751275e-08 6.16073145e-08 -7.55186213e-09 -4.46252173e-08 2.97717555e-07 2.45540476e-07 9.83306447e-01 1.08958312e-01 -1.98564294e-01 9.71068320e-02 -1.56678830e-02 -1.09138804e-01 9.90807297e-01 8.66000610e-01
2.4300 1.82395487e-07 1.47927730e-07 -8.20004585e-08 5.20434721e-08 -9.58997762e-09 -4.60452024e-08 3.00366231e-07 2.44731051e-07 9.76862367e-01 1.24276185e-01 -2.10978361e-01 8.20304276e-02 -1.98898959e-02 -1.12611860e-01 9.72190618e-01 8.39688862e-01
2.4400 1.81231328e-07 1.61736536e-07 -8.55027690e-08 4.35503690e-08 -1.24258219e-08 -4.79093035e-08 3.01015463e-07 2.40680338e-07 9.70630052e-01 1.35868040e-01 -2.19986124e-01 6.86382582e-02 -2.57630419e-02 -1.17170966e-01 9.55150226e-01 8.12216218e-01
2.4500 1.80224124e-07 1.69747262e-07 -8.74186670e-08 3.62768081e-08 -1.52941896e-08 -4.99350819e-08 2.98829527e-07 2.33600256e-07 9.65235546e-01 1.42587799e-01 -2.24910640e-01 5.71658821e-02 -3.17036919e-02 -1.22125772e-01 9.40078587e-01 7.86249123e-01
2.4600 1.79425016e-07 1.71507676e-07 -8.77385336e-08 3.01071014e-08 -1.74634833e-08 -5.16836852e-08 2.93301260e-07 2.24154092e-07 9.60953080e-01 1.44056544e-01 -2.25728125e-01 4.74323181e-02 -3.61971458e-02 -1.26403509e-01 9.26713817e-01 7.64113162e-01
2.4700 1.78813213e-07 1.67499151e-07 -8.66874848e-08 2.47474581e-08 -1.83904681e-08 -5.26787835e-08 2.84372338e-07 2.13303086e-07 9.57672253e-01 1.40680014e-01 -2.23018784e-01 3.89759319e-02 -3.81179549e-02 -1.28839674e-01 9.14309415e-01 7.47351786e-01
2.4800 1.78310958e-07 1.58952017e-07 -8.46422153e-08 1.98323252e-08 -1.77912430e-08 -5.25335025e-08 2.72453085e-07 2.02128339e-07 9.54977956e-01 1.33493209e-01 -2.17752667e-01 3.12218103e-02 -3.68770911e-02 -1.28488274e-01 9.01940308e-01 7.36574943e-01
2.4900 1.77813246e-07 1.47526986e-07 -8.20067063e-08 1.50272438e-08 -1.56301110e-08 -5.10483558e-08 2.58360770e-07 1.91682304e-07 9.52309216e-01 1.23892414e-01 -2.10969740e-01 2.36437218e-02 -3.23993601e-02 -1.24861191e-01 8.88875611e-01 7.31615061e-01
2.5000 1.77222179e-07 1.34964269e-07 -7.90863661e-08 1.01120272e-08 -1.20593016e-08 -4.82566281e-08 2.43212110e-07 1.82896180e-07 9.49142762e-01 1.13340095e-01 -2.03455982e-01 1.58951379e-02 -2.49991316e-02 -1.18039137e-01 8.74922013e-01 7.31883744e-01
2.5100 1.76475404e-07 1.22794696e-07 -7.60045320e-08 5.03368868e-09 -7.35466037e-09 -4.44120718e-08 2.28299257e-07 1.76532525e-07 9.45145113e-01 1.03122001e-01 -1.95528581e-01 7.89264602e-03 -1.52476070e-02 -1.08641646e-01 8.60631179e-01 7.36741926e-01
2.5200 1.75561040e-07 1.12169655e-07 -7.26941419e-08 -7.86246981e-11 -1.88219554e-09 -3.99304383e-08 2.14957929e-07 1.73145295e-07 9.40252412e-01 9.42042669e-02 -1.87014587e-01 -1.60475965e-04 -3.90372061e-03 -9.76842799e-02 8.47281616e-01 7.45693615e-01
2.5300 1.74516429e-07 1.03816763e-07 -6.89729533e-08 -4.94256954e-09 3.89591921e-09 -3.53062430e-08 2.04417669e-07 1.73007345e-07 9.34663870e-01 8.71963677e-02 -1.77444571e-01 -7.81980167e-03 8.07358289e-03 -8.63753510e-02 8.36595865e-01 7.58294097e-01
2.5400 1.73413333e-07 9.80862757e-08 -6.46804346e-08 -9.19705873e-09 9.39681675e-09 -3.10274439e-08 1.97622115e-07 1.75991488e-07 9.28762803e-01 8.23904819e-02 -1.66404957e-01 -1.45170195e-02 1.94749876e-02 -7.59075501e-02 8.30231309e-01 7.73798746e-01
2.5500 1.72336043e-07 9.50340454e-08 -5.98288563e-08 -1.25149485e-08 1.39136539e-08 -2.75049518e-08 1.95026283e-07 1.81434986e-07 9.22999736e-01 7.98316450e-02 -1.53926851e-01 -1.97374470e-02 2.88345863e-02 -6.72857795e-02 8.29167083e-01 7.90715889e-01
2.5600 1.71360131e-07 9.44938548e-08 -5.47101059e-08 -1.47337068e-08 1.66722273e-08 -2.50248846e-08 1.96410173e-07 1.88057515e-07 9.17778881e-01 7.93789546e-02 -1.40760903e-01 -2.32258777e-02 3.45476699e-02 -6.12104711e-02 8.33171055e-01 8.06508254e-01
2.5700 1.70538164e-07 9.61173014e-08 -4.99089010e-08 -1.59709288e-08 1.69641907e-08 -2.37234595e-08 2.00775636e-07 1.94016367e-07 9.13381747e-01 8.07393714e-02 -1.28411289e-01 -2.51685402e-02 3.51469621e-02 -5.80160925e-02 8.40541289e-01 8.17672159e-01
2.5800 1.69895367e-07 9.93881731e-08 -4.62011435e-08 -1.66850524e-08 1.43387524e-08 -2.35802851e-08 2.06397344e-07 1.97155811e-07 9.09943785e-01 8.34798681e-02 -1.18874163e-01 -2.62886898e-02 2.96996862e-02 -5.76544902e-02 8.48260800e-01 8.20305996e-01
2.5900 1.69434281e-07 1.03635951e-07 -4.43549354e-08 -1.76471399e-08 8.80080987e-09 -2.44261171e-08 2.11068157e-07 1.95442849e-07 9.07479104e-01 8.70386055e-02 -1.14125664e-01 -2.78020473e-02 1.82176948e-02 -5.97134940e-02 8.52589998e-01 8.11094199e-01
2.6000 1.69144466e-07 1.08072202e-07 -4.48884812e-08 -1.98091795e-08 9.44806755e-10 -2.59641351e-08 2.12519008e-07 1.87499679e-07 9.05932089e-01 9.07551480e-02 -1.15499027e-01 -3.12091742e-02 1.93429433e-03 -6.34685754e-02 8.49979036e-01 7.88444755e-01
2.6100 1.69012067e-07 1.11856772e-07 -4.78606484e-08 -2.40845959e-08 -8.04045481e-09 -2.78065341e-08 2.08923595e-07 1.73076606e-07 9.05228430e-01 9.39256175e-02 -1.23145759e-01 -3.79495250e-02 -1.66862424e-02 -6.79720425e-02 8.38058763e-01 7.53400478e-01
2.6200 1.69025019e-07 1.14178743e-07 -5.27675583e-08 -3.10888772e-08 -1.65295530e-08 -2.95280307e-08 1.99347327e-07 1.53289743e-07 9.05302929e-01 9.58702900e-02 -1.35769623e-01 -4.89926892e-02 -3.42757506e-02 -7.21837611e-02 8.16410907e-01 7.09951395e-01
2.6300 1.69172100e-07 1.14323677e-07 -5.85911969e-08 -4.09110704e-08 -2.27663078e-08 -3.07337567e-08 1.83993510e-07 1.30493445e-07 9.06094609e-01 9.59897971e-02 -1.50751746e-01 -6.44783312e-02 -4.71958815e-02 -7.51372571e-02 7.86854329e-01 6.64521190e-01
2.6400 1.69437003e-07 1.11702708e-07 -6.40011767e-08 -5.29903528e-08 -2.52539239e-08 -3.11321786e-08 1.64148182e-07 1.07762079e-07 9.07515299e-01 9.37894888e-02 -1.64669719e-01 -8.35217720e-02 -5.23462088e-02 -7.61182829e-02 7.53113297e-01 6.24648806e-01
2.6500 1.69790860e-07 1.05840509e-07 -6.76623693e-08 -6.61513737e-08 -2.31313363e-08 -3.05971757e-08 1.41817627e-07 8.80891147e-08 9.09409956e-01 8.88694379e-02 -1.74089017e-01 -1.04269819e-01 -4.79436442e-02 -7.48169693e-02 7.19920558e-01 5.97159945e-01
2.6600 1.70187388e-07 9.63476847e-08 -6.85650445e-08 -7.88109306e-08 -1.64310653e-08 -2.92007993e-08 1.19159098e-07 7.35272334e-08 9.11530955e-01 8.09015090e-02 -1.76412278e-01 -1.24226620e-01 -3.40563795e-02 -7.14082837e-02 6.91793567e-01 5.86328904e-01
2.6700 1.70563871e-07 8.29231326e-08 -6.62828258e-08 -8.93178895e-08 -6.13876591e-09 -2.72020356e-08 9.78862884e-08 6.45454869e-08 9.13543397e-01 6.96316523e-02 -1.70542816e-01 -1.40789495e-01 -1.27271016e-02 -6.65247978e-02 6.71842739e-01 5.92590839e-01
2.6800 1.70848928e-07 6.54294242e-08 -6.10818846e-08 -9.63437925e-08 5.97505951e-09 -2.49872458e-08 7.88526752e-08 5.98404890e-08 9.15066500e-01 5.49434872e-02 -1.57165429e-01 -1.51864608e-01 1.23756743e-02 -6.11111272e-02 6.60979950e-01 6.12244497e-01
2.6900 1.70975398e-07 4.40546326e-08 -5.38474099e-08 -9.92185749e-08 1.77193740e-08 -2.29722820e-08 6.19640457e-08 5.67111377e-08 9.15742160e-01 3.69943909e-02 -1.38557139e-01 -1.56396076e-01 3.67122839e-02 -5.61844800e-02 6.57783337e-01 6.38311141e-01
2.7000 1.70894654e-07 1.95255647e-08 -4.58473882e-08 -9.81136720e-08 2.69567479e-08 -2.14899301e-08 4.64591589e-08 5.19259767e-08 9.15311124e-01 1.63946266e-02 -1.17979465e-01 -1.54654510e-01 5.58541108e-02 -5.25591940e-02 6.59071775e-01 6.62366692e-01
2.7100 1.70588010e-07 -6.71065583e-09 -3.84020511e-08 -9.40134357e-08 3.20698479e-08 -2.06942097e-08 3.14618676e-08 4.28375058e-08 9.13673633e-01 -5.64022979e-03 -9.88281177e-02 -1.48191887e-01 6.64499949e-02 -5.06124509e-02 6.61013399e-01 6.76850943e-01
2.7200 1.70071713e-07 -3.24440033e-08 -3.25545779e-08 -8.84749193e-08 3.23038570e-08 -2.05115231e-08 1.65982129e-08 2.83905468e-08 9.10916016e-01 -2.72536767e-02 -8.37859908e-02 -1.39462841e-01 6.69357125e-02 -5.01646000e-02 6.60413508e-01 6.77184620e-01
2.7300 1.69394069e-07 -5.48885960e-08 -2.88361960e-08 -8.32381299e-08 2.79014633e-08 -2.06570212e-08 2.43114695e-09 9.67558904e-09 9.07295422e-01 -4.61055498e-02 -7.42190688e-02 -1.31210289e-01 5.78138116e-02 -5.05190793e-02 6.55760514e-01 6.63055246e-01
2.7400 1.68625627e-07 -7.11294193e-08 -2.71877364e-08 -7.97943465e-08 2.00023989e-08 -2.07157028e-08 -9.48587515e-09 -1.01991791e-08 9.03187720e-01 -5.97473389e-02 -6.99748139e-02 -1.25784967e-01 4.14456792e-02 -5.06607844e-02 6.47680601e-01 6.38465496e-01
2.7500 1.67845335e-07 -7.87693072e-08 -2.70502992e-08 -7.90341427e-08 1.03411843e-08 -2.02673601e-08 -1.70084139e-08 -2.69345897e-08 8.99013947e-01 -6.61656241e-02 -6.96155417e-02 -1.24590614e-01 2.14254748e-02 -4.95617800e-02 6.38642167e-01 6.10505861e-01
2.7600 1.67126415e-07 -7.66277468e-08 -2.75860748e-08 -8.10740281e-08 8.27424927e-10 -1.90192119e-08 -1.81614344e-08 -3.63532214e-08 8.95165251e-01 -6.43689583e-02 -7.09865237e-02 -1.27810714e-01 1.71058453e-03 -4.65058683e-02 6.31999055e-01 5.87203772e-01
2.7700 1.66525333e-07 -6.52883843e-08 -2.79530538e-08 -8.53074454e-08 -6.88091711e-09 -1.69053892e-08 -1.20235507e-08 -3.58098570e-08 8.91944184e-01 -5.48476259e-02 -7.19225982e-02 -1.34488869e-01 -1.42626573e-02 -4.13320685e-02 6.30685091e-01 5.75090365e-01
2.7800 1.66075841e-07 -4.72976744e-08 -2.75458004e-08 -9.06583919e-08 -1.17054914e-08 -1.41206030e-08 5.73974316e-10 -2.52521201e-08 8.89532813e-01 -3.97403884e-02 -7.08673739e-02 -1.42928586e-01 -2.42587827e-02 -3.45170419e-02 6.35996464e-01 5.77220639e-01
2.7900 1.65788332e-07 -2.68901660e-08 -2.61313957e-08 -9.59551070e-08 -1.33035777e-08 -1.10744234e-08 1.68116631e-08 -7.56633803e-09 8.87988889e-01 -2.26036877e-02 -6.72227022e-02 -1.51282324e-01 -2.75668075e-02 -2.70632310e-02 6.46880175e-01 5.92250137e-01
2.8000 1.65653268e-07 -9.24046615e-09 -2.38484070e-08 -1.00306094e-07 -1.20290719e-08 -8.27697504e-09 3.22583013e-08 1.19522544e-08 8.87263617e-01 -7.78336640e-03 -6.13457914e-02 -1.58144254e-01 -2.49197053e-02 -2.02191469e-02 6.59990205e-01 6.14851352e-01
2.8100 1.65646787e-07 6.17579760e-10 -2.10837002e-08 -1.03362187e-07 -8.72826389e-09 -6.18886245e-09 4.18184794e-08 2.69013531e-08 8.87230951e-01 4.93055426e-04 -5.42321460e-02 -1.62963426e-01 -1.80714241e-02 -1.51120961e-02 6.70528434e-01 6.37344914e-01
2.8200 1.65736728e-07 -1.04835181e-09 -1.82812733e-08 -1.05385839e-07 -4.44133059e-09 -5.08056609e-09 4.10212638e-08 3.14993671e-08 8.87719339e-01 -9.08794970e-04 -4.70237459e-02 -1.66153080e-01 -9.17833473e-03 -1.24040625e-02 6.73633718e-01 6.52051321e-01
2.8300 1.65888121e-07 -1.57273074e-08 -1.57563581e-08 -1.07110330e-07 -9.93321270e-11 -4.94506760e-09 2.72941260e-08 2.22497263e-08 8.88540836e-01 -1.32392668e-02 -4.05308999e-02 -1.68868823e-01 -1.71161730e-04 -1.20778355e-02 6.65901846e-01 6.53652849e-01
2.8400 1.66068007e-07 -4.22024017e-08 -1.35813608e-08 -1.09437802e-07 3.70047344e-09 -5.49211430e-09 8.46442222e-10 -9.45198646e-10 8.89517070e-01 -3.54761764e-02 -3.49390026e-02 -1.72532727e-01 7.71093505e-03 -1.34229206e-02 6.46569164e-01 6.40857179e-01
2.8500 1.66249962e-07 -7.67111020e-08 -1.15811549e-08 -1.13075274e-07 6.78725217e-09 -6.22785004e-09 -3.51175689e-08 -3.45581667e-08 8.90503965e-01 -6.44594530e-02 -2.97966404e-02 -1.78259611e-01 1.41126550e-02 -1.52303678e-02 6.17988260e-01 6.16870547e-01
2.8600 1.66418555e-07 -1.13710707e-07 -9.43452084e-09 -1.18226695e-07 9.36502859e-09 -6.59716873e-09 -7.49533677e-08 -7.21855078e-08 8.91416253e-01 -9.55340297e-02 -2.42767431e-02 -1.86371603e-01 1.94559950e-02 -1.61411229e-02 5.85233877e-01 5.88548749e-01
2.8700 1.66573270e-07 -1.47071000e-07 -6.84039476e-09 -1.24441360e-07 1.18466615e-08 -6.14641759e-09 -1.11779485e-07 -1.06079241e-07 8.92249182e-01 -1.23551478e-01 -1.76043862e-02 -1.96159103e-01 2.45963598e-02 -1.50442227e-02 5.54934215e-01 5.64486352e-01
2.8800 1.66730682e-07 -1.71403554e-07 -3.68491018e-09 -1.30670646e-07 1.46336597e-08 -4.65732015e-09 -1.39028429e-07 -1.29052089e-07 8.93090587e-01 -1.43986401e-01 -9.48653907e-03 -2.05970079e-01 3.03662701e-02 -1.14046140e-02 5.33647569e-01 5.52609225e-01
2.8900 1.66923236e-07 -1.83204139e-07 -1.45235196e-10 -1.35521352e-07 1.79137701e-08 -2.21146973e-09 -1.51947490e-07 -1.36245190e-07 8.94114515e-01 -1.53895863e-01 -3.79131606e-04 -2.13609245e-01 3.71557598e-02 -5.42112111e-03 5.26230275e-01 5.57964914e-01
2.9000 1.67193440e-07 -1.81538762e-07 3.31166237e-09 -1.37634480e-07 2.15389881e-08 8.34102545e-10 -1.48668139e-07 -1.26295049e-07 8.95549882e-01 -1.52495560e-01 8.51623375e-03 -2.16935008e-01 4.46593493e-02 2.03316753e-03 5.34635548e-01 5.81328065e-01
2.9100 1.67583494e-07 -1.68126991e-07 6.04090270e-09 -1.36080735e-07 2.50202399e-08 3.95255200e-09 -1.30583330e-07 -1.01610538e-07 8.97624505e-01 -1.41229794e-01 1.55402359e-02 -2.14482807e-01 5.18647860e-02 9.66919860e-03 5.57452140e-01 6.18986125e-01
2.9200 1.68122187e-07 -1.46831483e-07 7.40977554e-09 -1.30658843e-07 2.76396500e-08 6.60152563e-09 -1.01958364e-07 -6.77171881e-08 9.00494396e-01 -1.23342766e-01 1.90649140e-02 -2.05935328e-01 5.72854991e-02 1.61594252e-02 5.90281217e-01 6.63726141e-01
2.9300 1.68812492e-07 -1.22706385e-07 7.00638434e-09 -1.22010508e-07 2.86471217e-08 8.37905037e-09 -6.88980171e-08 -3.18718451e-08 9.04176892e-01 -1.03079363e-01 1.80304445e-02 -1.92303772e-01 5.93678397e-02 2.05192385e-02 6.26824202e-01 7.06711280e-01
2.9400 1.69624019e-07 -1.00852239e-07 4.79960998e-09 -1.11517472e-07 2.74841288e-08 9.13399874e-09 -3.79460825e-08 -1.32795504e-09 9.08510037e-01 -8.47234292e-02 1.23566350e-02 -1.75765673e-01 5.69547774e-02 2.23773649e-02 6.60377569e-01 7.39709712e-01
2.9500 1.70493848e-07 -8.53508055e-08 1.19720006e-09 -1.01006000e-07 2.39701607e-08 8.99873476e-09 -1.46657571e-08 1.83031384e-08 9.13157103e-01 -7.17031347e-02 3.09231158e-03 -1.59199196e-01 4.96722479e-02 2.20559557e-02 6.85347084e-01 7.57075287e-01
2.9600 1.71337189e-07 -7.85100043e-08 -3.02039980e-09 -9.23353550e-08 1.83975799e-08 8.33594010e-09 -2.52856966e-09 2.42049503e-08 9.17663927e-01 -6.59567924e-02 -7.75494928e-03 -1.45534551e-01 3.81257383e-02 2.04407699e-02 6.98417635e-01 7.56984143e-01
2.9700 1.72066328e-07 -8.05555191e-08 -6.87531337e-09 -8.69756901e-08 1.15054911e-08 7.61807087e-09 -2.34019451e-09 1.67833675e-08 9.21560715e-01 -6.76738197e-02 -1.76697184e-02 -1.37088701e-01 2.38461844e-02 1.86865404e-02 6.99128475e-01 7.41661200e-01
2.9800 1.72613365e-07 -8.97906486e-08 -9.42892204e-09 -8.56807586e-08 4.33568365e-09 7.27813039e-09 -1.22869643e-08 -6.73150257e-10 9.24484049e-01 -7.54289916e-02 -2.42375733e-02 -1.35049496e-01 8.99153282e-03 1.78521153e-02 6.89767988e-01 7.16611636e-01
2.9900 1.72950343e-07 -1.03140172e-07 -1.00145192e-08 -8.83335764e-08 -1.99483057e-09 7.57828863e-09 -2.85379239e-08 -2.29544658e-08 9.26284735e-01 -8.66392513e-02 -2.57435420e-02 -1.39232395e-01 -4.12447228e-03 1.85791550e-02 6.74669546e-01 6.89124229e-01
3.0000 1.73100335e-07 -1.16920684e-07 -8.40223314e-09 -9.39974226e-08 -6.54782277e-09 8.53615189e-09 -4.62200050e-08 -4.42316759e-08 9.27086992e-01 -9.82107634e-02 -2.15962914e-02 -1.48160854e-01 -1.35584577e-02 2.09117287e-02 6.59119083e-01 6.66472354e-01
3.0100 1.73135120e-07 -1.27650819e-07 -4.85250297e-09 -1.01153171e-07 -8.77998263e-09 9.92961090e-09 -6.05213733e-08 -5.93717450e-08 9.27275709e-01 -1.07219485e-01 -1.24656323e-02 -1.59440412e-01 -1.81850883e-02 2.43080025e-02 6.48150179e-01 6.54273094e-01
3.0200 1.73158816e-07 -1.32729496e-07 -4.59684976e-11 -1.08060053e-07 -8.66582475e-09 1.13763333e-08 -6.76767013e-08 -6.49661927e-08 9.27408394e-01 -1.11480887e-01 -1.02146184e-04 -1.70327342e-01 -1.79515771e-02 2.78344217e-02 6.45498018e-01 6.55380863e-01
3.0300 1.73281074e-07 -1.30858884e-07 5.08878090e-09 -1.13150670e-07 -6.69533492e-09 1.24609986e-08 -6.56396988e-08 -5.98740351e-08 9.28071415e-01 -1.09905231e-01 1.31058857e-02 -1.78351292e-01 -1.38727318e-02 3.04766318e-02 6.52920778e-01 6.69524678e-01
3.0400 1.73586976e-07 -1.22156143e-07 9.60209142e-09 -1.15367341e-07 -3.74600538e-09 1.28693807e-08 -5.43344163e-08 -4.52110410e-08 9.29718831e-01 -1.02591392e-01 2.47160412e-02 -1.81845438e-01 -7.76586279e-03 3.14671754e-02 6.69998042e-01 6.93699354e-01
3.0500 1.74112314e-07 -1.07968253e-07 1.27453950e-08 -1.14364904e-07 -8.60930568e-10 1.24874600e-08 -3.54754473e-08 -2.38489178e-08 9.32540255e-01 -9.06712548e-02 3.28031031e-02 -1.80266101e-01 -1.79119321e-03 3.05277331e-02 6.94406003e-01 7.23142543e-01
3.0600 1.74831825e-07 -9.04636447e-08 1.41337895e-08 -1.10539192e-07 1.01116095e-09 1.14357851e-08 -1.20372227e-08 4.09723366e-10 9.36398407e-01 -7.59665929e-02 3.63771635e-02 -1.74237576e-01 2.08648893e-03 2.79531171e-02 7.22571402e-01 7.52611008e-01
3.0700 1.75664531e-07 -7.21128193e-08 1.38126505e-08 -1.04882101e-07 1.24796238e-09 1.00301882e-08 1.24822609e-08 2.37604114e-08 9.40858262e-01 -6.05527058e-02 3.55548934e-02 -1.65323582e-01 2.57832145e-03 2.45152690e-02 7.50536867e-01 7.77630458e-01
3.0800 1.76495366e-07 -5.51820353e-08 1.22182117e-08 -9.87036888e-08 -3.01424459e-10 8.68293122e-09 3.48278540e-08 4.32093607e-08 9.45303299e-01 -4.63330636e-02 3.14581183e-02 -1.55589140e-01 -6.28462053e-04 2.12216703e-02 7.74839213e-01 7.95432422e-01
3.0900 1.77207373e-07 -4.13485535e-08 1.00487937e-08 -9.32909341e-08 -3.29544533e-09 7.77626058e-09 5.26166792e-08 5.70974945e-08 9.49108109e-01 -3.47161134e-02 2.58826168e-02 -1.47062638e-01 -6.82698809e-03 1.90063282e-02 7.93211974e-01 8.05391314e-01
3.1000 1.77715425e-07 -3.15069146e-08 8.08370767e-09 -8.95856169e-08 -7.00761210e-09 7.54781830e-09 6.47066012e-08 6.52468074e-08 9.51818778e-01 -2.64526217e-02 2.08323833e-02 -1.41228077e-01 -1.45133512e-02 1.84497502e-02 8.04970463e-01 8.08906862e-01
3.1100 1.77991703e-07 -2.57823917e-08 6.99639738e-09 -8.79579082e-08 -1.05332423e-08 8.02247119e-09 7.12478006e-08 6.87370295e-08 9.53288812e-01 -2.16470994e-02 1.80391051e-02 -1.38668265e-01 -2.18146089e-02 1.96123742e-02 8.11012554e-01 8.08810319e-01
3.1200 1.78075384e-07 -2.37130629e-08 7.20590391e-09 -8.81290934e-08 -1.30394070e-08 9.00982854e-09 7.34391321e-08 6.94095536e-08 9.53730321e-01 -1.99108943e-02 1.85802189e-02 -1.38943122e-01 -2.70062088e-02 2.20285417e-02 8.13456524e-01 8.08478857e-01
3.1300 1.78063524e-07 -2.45203337e-08 8.79809852e-09 -8.92612395e-08 -1.39900652e-08 1.01661199e-08 7.30800493e-08 6.92561040e-08 9.53664527e-01 -2.05895679e-02 2.26763995e-02 -1.40731178e-01 -2.89780532e-02 2.48577593e-02 8.15020181e-01 8.10899887e-01
3.1400 1.78085597e-07 -2.73712708e-08 1.15293719e-08 -9.01912756e-08 -1.32847067e-08 1.10997178e-08 7.20524227e-08 6.98674338e-08 9.53784990e-01 -2.29833423e-02 2.97010900e-02 -1.42198686e-01 -2.75215441e-02 2.71426127e-02 8.18304052e-01 8.17925121e-01
3.1500 1.78268950e-07 -3.15503782e-08 1.49055386e-08 -8.97509858e-08 -1.12723243e-08 1.14872908e-08 7.18731242e-08 7.20880908e-08 9.54772507e-01 -2.64914008e-02 3.83834367e-02 -1.41504111e-01 -2.33585888e-02 2.80926492e-02 8.25160432e-01 8.29894493e-01
3.1600 1.78705031e-07 -3.64996943e-08 1.83122158e-08 -8.70915756e-08 -8.63718744e-09 1.11658054e-08 7.34259771e-08 7.59545951e-08 9.57114601e-01 -3.06455015e-02 4.71435653e-02 -1.37309756e-01 -1.79052520e-02 2.73092272e-02 8.36302909e-01 8.45706884e-01
3.1700 1.79425975e-07 -4.17411256e-08 2.11631739e-08 -8.19281023e-08 -6.18928763e-09 1.01744062e-08 7.69199213e-08 8.09050398e-08 9.60980707e-01 -3.50446114e-02 5.44740464e-02 -1.29166986e-01 -1.28380658e-02 2.48878753e-02 8.51243156e-01 8.63292966e-01
3.1800 1.80397940e-07 -4.67445531e-08 2.30316311e-08 -7.46372266e-08 -4.62016013e-09 8.73640285e-09 8.20477914e-08 8.61640341e-08 9.66187247e-01 -3.92439730e-02 5.92774819e-02 -1.17670188e-01 -9.58862066e-03 2.13742862e-02 8.68550568e-01 8.80336233e-01
3.1900 1.81532635e-07 -5.08305010e-08 2.37358134e-08 -6.61781802e-08 -4.29575315e-09 7.18987610e-09 8.82597674e-08 9.11538903e-08 9.72259997e-01 -4.26732230e-02 6.10864808e-02 -1.04332041e-01 -8.91476835e-03 1.75947471e-02 8.86341213e-01 8.95021192e-01
3.2000 1.82713149e-07 -5.31854729e-08 2.33623704e-08 -5.78531334e-08 -5.14832626e-09 5.89010609e-09 9.50369132e-08 9.57786930e-08 9.78572765e-01 -4.46492078e-02 6.01238460e-02 -9.12056615e-02 -1.06767399e-02 1.44177080e-02 9.02841741e-01 9.06582709e-01
3.2100 1.83826161e-07 -5.30225651e-08 2.22264125e-08 -5.09674082e-08 -6.70113271e-09 5.11387264e-09 1.02062600e-07 1.00475340e-07 9.84519892e-01 -4.45108969e-02 5.71998094e-02 -8.03489195e-02 -1.38880845e-02 1.25199086e-02 9.16859885e-01 9.15491709e-01
3.2200 1.84791064e-07 -4.98544920e-08 2.07815526e-08 -4.64798472e-08 -8.22056560e-09 4.99304471e-09 1.09238277e-07 1.06010756e-07 9.89671860e-01 -4.18487811e-02 5.34807391e-02 -7.32733150e-02 -1.70304741e-02 1.22240534e-02 9.28030503e-01 9.23224082e-01
3.2300 1.85577813e-07 -4.37850875e-08 1.95041896e-08 -4.47397925e-08 -8.95180184e-09 5.49416697e-09 1.16557123e-07 1.13099488e-07 9.93870293e-01 -3.67498209e-02 5.01916371e-02 -7.05294341e-02 -1.85414222e-02 1.34488590e-02 9.36782675e-01 9.31690112e-01
3.2400 1.86209007e-07 -3.56941589e-08 1.87810159e-08 -4.53863034e-08 -8.36740285e-09 6.44576026e-09 1.23909560e-07 1.21987918e-07 9.97238449e-01 -2.99528120e-02 4.83269399e-02 -7.15481755e-02 -1.73289328e-02 1.57756726e-02 9.44064401e-01 9.42511141e-01
3.2500 1.86746547e-07 -2.72059757e-08 1.88264113e-08 -4.74418842e-08 -6.35231517e-09 7.60067958e-09 1.30925098e-07 1.32173462e-07 1.00010929e+00 -2.28219767e-02 4.84381613e-02 -7.47885748e-02 -1.31545996e-02 1.86007508e-02 9.50936896e-01 9.56383047e-01
3.2600 1.87267804e-07 -2.03941141e-08 1.96476802e-08 -4.95784869e-08 -3.26584434e-09 8.71151803e-09 1.36942883e-07 1.42388557e-07 1.00289756e+00 -1.70990549e-02 5.05445279e-02 -7.81571472e-02 -6.76208743e-03 2.13194344e-02 9.58185881e-01 9.72743228e-01
3.2700 1.87839051e-07 -1.72669843e-08 2.10632305e-08 -5.04833950e-08 1.42948765e-10 9.59526128e-09 1.41151903e-07 1.50890113e-07 1.00595757e+00 -1.44711336e-02 5.41796967e-02 -7.95846194e-02 2.97835158e-04 2.34840999e-02 9.66081511e-01 9.89863446e-01
3.2800 1.88494335e-07 -1.91678935e-08 2.27650939e-08 -4.92218722e-08 2.94569937e-09 1.01691890e-08 1.42869663e-07 1.55984552e-07 1.00947035e+00 -1.60666683e-02 5.85524380e-02 -7.75975150e-02 6.10288147e-03 2.48919112e-02 9.74358600e-01 1.00535339e+00
3.2900 1.89225865e-07 -2.62768428e-08 2.44062486e-08 -4.54922023e-08 4.31096019e-09 1.04509855e-08 1.41863068e-07 1.56625014e-07 1.01339259e+00 -2.20369628e-02 6.27710435e-02 -7.17200997e-02 8.93113428e-03 2.55851838e-02 9.82406570e-01 1.01692289e+00
3.3000 1.89988187e-07 -3.73941362e-08 2.56879235e-08 -3.96984677e-08 3.76399629e-09 1.05282563e-08 1.38583506e-07 1.52875759e-07 1.01747943e+00 -3.13743877e-02 6.60676715e-02 -6.25890508e-02 7.79907260e-03 2.57770433e-02 9.89583668e-01 1.02315978e+00
3.3100 1.90714086e-07 -5.01138808e-08 2.64238338e-08 -3.28191858e-08 1.35043502e-09 1.05120673e-08 1.34204853e-07 1.46067355e-07 1.02136992e+00 -4.20581268e-02 6.79633843e-02 -5.17463898e-02 2.80064509e-03 2.57380731e-02 9.95528786e-01 1.02406750e+00
3.3200 1.91336708e-07 -6.13775440e-08 2.65664707e-08 -2.61103668e-08 -2.34892554e-09 1.04928269e-08 1.30415267e-07 1.38559169e-07 1.02470555e+00 -5.15191802e-02 6.83356756e-02 -4.11714841e-02 -4.86180586e-03 2.56886755e-02 1.00035056e+00 1.02117743e+00
3.3300 1.91810788e-07 -6.82711857e-08 2.61926543e-08 -2.07313909e-08 -6.36099423e-09 1.05139453e-08 1.29000866e-07 1.33153817e-07 1.02724393e+00 -5.73100438e-02 6.73813330e-02 -3.26914418e-02 -1.31731895e-02 2.57348269e-02 1.00462378e+00 1.01718542e+00
3.3400 1.92126512e-07 -6.88383033e-08 2.54578212e-08 -1.74057513e-08 -9.58228866e-09 1.05706388e-08 1.31340278e-07 1.32328629e-07 1.02893278e+00 -5.77874791e-02 6.54990063e-02 -2.74464861e-02 -1.98479183e-02 2.58652029e-02 1.00919782e+00 1.01521511e+00
3.3500 1.92312130e-07 -6.26578033e-08 2.45371960e-08 -1.62183950e-08 -1.10846682e-08 1.06310810e-08 1.37973128e-07 1.37519541e-07 1.02992375e+00 -5.25979596e-02 6.31381390e-02 -2.55706154e-02 -2.29631070e-02 2.60028232e-02 1.01489331e+00 1.01793303e+00
3.3600 1.92425094e-07 -5.09958493e-08 2.35744407e-08 -1.66097645e-08 -1.03756315e-08 1.06685301e-08 1.48393921e-07 1.48686819e-07 1.03052476e+00 -4.28051525e-02 6.06671679e-02 -2.61822478e-02 -2.14978485e-02 2.60834404e-02 1.02220453e+00 1.02679012e+00
3.3700 1.92534980e-07 -3.64659401e-08 2.26539433e-08 -1.75662893e-08 -7.53692363e-09 1.06891147e-08 1.61156694e-07 1.64308885e-07 1.03110859e+00 -3.06043200e-02 5.83024993e-02 -2.76844281e-02 -1.56205794e-02 2.61232646e-02 1.03112235e+00 1.04162503e+00
3.3800 1.92703835e-07 -2.22846039e-08 2.18032456e-08 -1.79466542e-08 -3.20147568e-09 1.07419754e-08 1.74275822e-07 1.81816322e-07 1.03200763e+00 -1.86970708e-02 5.61149072e-02 -2.82789650e-02 -6.64162718e-03 2.62435535e-02 1.04114650e+00 1.06074843e+00
3.3900 1.92970013e-07 -1.13405384e-08 2.10205988e-08 -1.68416002e-08 1.62293122e-09 1.09056674e-08 1.85808474e-07 1.98337072e-07 1.03342745e+00 -9.50946252e-03 5.41004212e-02 -2.65333710e-02 3.35178837e-03 2.66372065e-02 1.05148503e+00 1.08147403e+00
3.4000 1.93340213e-07 -5.35885851e-09 2.03133047e-08 -1.38554046e-08 5.82944697e-09 1.12544916e-08 1.94439254e-07 2.11523193e-07 1.03540422e+00 -4.49005462e-03 5.22788097e-02 -2.18243513e-02 1.20666962e-02 2.74863592e-02 1.06136862e+00 1.10092168e+00
3.4100 1.93791592e-07 -4.41663993e-09 1.97286585e-08 -9.22257288e-09 8.50514565e-09 1.18171802e-08 1.99881038e-07 2.20203364e-07 1.03781611e+00 -3.70309159e-03 5.07729104e-02 -1.45216023e-02 1.76113583e-02 2.88613579e-02 1.07036432e+00 1.11683704e+00
3.4200 1.94282654e-07 -6.95813448e-09 1.93623371e-08 -3.72555448e-09 9.15627404e-09 1.25448174e-08 2.02961302e-07 2.24662394e-07 1.04044147e+00 -5.84141501e-03 4.98298989e-02 -5.85808105e-03 1.89620909e-02 3.06423737e-02 1.07857187e+00 1.12817633e+00
3.4300 1.94768917e-07 -1.03024725e-08 1.93379730e-08 1.55816843e-09 7.80417154e-09 1.33031725e-08 2.05362586e-07 2.26469930e-07 1.04304257e+00 -8.65302425e-03 4.97684642e-02 2.46856166e-03 1.61622706e-02 3.25007370e-02 1.08662658e+00 1.13528958e+00
3.4400 1.95218101e-07 -1.14840087e-08 1.97632435e-08 5.59836879e-09 4.93184201e-09 1.38970113e-08 2.09095705e-07 2.27924558e-07 1.04544681e+00 -9.64698136e-03 5.08656812e-02 8.83532812e-03 1.02119463e-02 3.39584689e-02 1.09550084e+00 1.13967125e+00
3.4500 1.95619985e-07 -8.16518220e-09 2.06778995e-08 7.73585687e-09 1.30732397e-09 1.41227937e-08 2.15868559e-07 2.31298677e-07 1.04759929e+00 -6.86013716e-03 5.32232954e-02 1.22040052e-02 2.70211900e-03 3.45172063e-02 1.10616645e+00 1.14338578e+00
3.4600 1.95987975e-07 6.54606371e-10 2.20139418e-08 7.88761821e-09 -2.25400655e-09 1.38351915e-08 2.26544142e-07 2.38125327e-07 1.04957125e+00 5.47559908e-04 5.66654083e-02 1.24442992e-02 -4.67765528e-03 3.38209042e-02 1.11922852e+00 1.14837177e+00
3.4700 1.96352201e-07 1.43397877e-08 2.35856207e-08 6.57225656e-09 -5.11137930e-09 1.30059783e-08 2.40849866e-07 2.48744465e-07 1.05152317e+00 1.20419066e-02 6.07129953e-02 1.03738036e-02 -1.05991949e-02 3.17998726e-02 1.13465188e+00 1.15585256e+00
3.4800 1.96746652e-07 3.08023319e-08 2.51176310e-08 4.75209897e-09 -6.93849004e-09 1.17537927e-08 2.57418714e-07 2.62234016e-07 1.05363609e+00 2.58689045e-02 6.46567245e-02 7.50909172e-03 -1.43856907e-02 2.87435905e-02 1.15167081e+00 1.16602871e+00
3.4900 1.97194719e-07 4.70923946e-08 2.63068081e-08 3.54538099e-09 -7.74613753e-09 1.03306587e-08 2.74139302e-07 2.76723823e-07 1.05603443e+00 3.95509608e-02 6.77159262e-02 5.61213734e-03 -1.60588837e-02 2.52677878e-02 1.16891346e+00 1.17812236e+00
3.5000 1.97697921e-07 6.02023510e-08 2.69002928e-08 3.90049785e-09 -7.79323779e-09 9.06407977e-09 2.88701062e-07 2.89971904e-07 1.05872584e+00 5.05622199e-02 6.92398351e-02 6.17702462e-03 -1.61549289e-02 2.21728963e-02 1.18470492e+00 1.19072289e+00
3.5100 1.98231526e-07 6.78403081e-08 2.67659499e-08 6.33264199e-09 -7.42820426e-09 8.26812429e-09 2.99170426e-07 3.00010346e-07 1.06157784e+00 5.69781454e-02 6.88887771e-02 1.00150241e-02 -1.53958676e-02 2.02266750e-02 1.19745979e+00 1.20229060e+00
3.5200 1.98748582e-07 6.89574622e-08 2.59316054e-08 1.07995849e-08 -6.92280851e-09 8.14847380e-09 3.04437234e-07 3.05662900e-07 1.06433942e+00 5.79182687e-02 6.67350190e-02 1.70589668e-02 -1.43453689e-02 1.99320578e-02 1.20605167e+00 1.21163836e+00
3.5300 1.99191249e-07 6.39055025e-08 2.45785460e-08 1.67465929e-08 -6.35854752e-09 8.73085500e-09 3.04421891e-07 3.06794198e-07 1.06670155e+00 5.36781810e-02 6.32458682e-02 2.64341441e-02 -1.31731295e-02 2.13521573e-02 1.21005975e+00 1.21823877e+00
3.5400 1.99506101e-07 5.42209068e-08 2.29890251e-08 2.32963998e-08 -5.60306202e-09 9.83760019e-09 3.00012433e-07 3.04246971e-07 1.06837897e+00 4.55481954e-02 5.91484164e-02 3.67577634e-02 -1.16057772e-02 2.40529298e-02 1.20983335e+00 1.22228050e+00
3.5500 1.99658876e-07 4.21412725e-08 2.14625924e-08 2.95164683e-08 -4.37998492e-09 1.11240775e-08 2.92779209e-07 2.99523302e-07 1.06918893e+00 3.54070550e-02 5.52141048e-02 4.65601546e-02 -9.07135578e-03 2.71922165e-02 1.20637025e+00 1.22449111e+00
3.5600 1.99644347e-07 3.00216875e-08 2.02268371e-08 3.46760572e-08 -2.40208714e-09 1.21689424e-08 2.84568929e-07 2.94335784e-07 1.06910396e+00 2.52318278e-02 5.20289778e-02 5.46898621e-02 -4.97502611e-03 2.97403831e-02 1.20105463e+00 1.22581999e+00
3.5700 1.99488483e-07 1.98220585e-08 1.93708218e-08 3.84150336e-08 4.83695081e-10 1.25948999e-08 2.77096397e-07 2.90174992e-07 1.06826337e+00 1.66675306e-02 4.98223925e-02 6.05796264e-02 1.00050739e-03 3.07755642e-02 1.19533292e+00 1.22710899e+00
3.5800 1.99242321e-07 1.27864946e-08 1.88229493e-08 4.07803345e-08 4.19301841e-09 1.21854281e-08 2.71632099e-07 2.88010546e-07 1.06694050e+00 1.07581358e-02 4.84101067e-02 6.43037805e-02 8.68103648e-03 2.97690362e-02 1.19041252e+00 1.22886259e+00
3.5900 1.98969384e-07 9.35729614e-09 1.83811674e-08 4.21320048e-08 8.37970242e-09 1.09616431e-08 2.68839852e-07 2.88181198e-07 1.06547550e+00 7.87461594e-03 4.72720577e-02 6.64301166e-02 1.73501002e-02 2.67731235e-02 1.18705229e+00 1.23117551e+00
3.6000 1.98730259e-07 9.28930032e-09 1.77866892e-08 4.29629970e-08 1.24983650e-08 9.19322015e-09 2.68769245e-07 2.90460830e-07 1.06419281e+00 7.81117366e-03 4.57421086e-02 6.77358626e-02 2.58785933e-02 2.24478473e-02 1.18548196e+00 1.23380840e+00
3.6100 1.98568614e-07 1.18805557e-08 1.68182388e-08 4.37016471e-08 1.59321700e-08 7.33569002e-09 2.70969055e-07 2.94236915e-07 1.06332639e+00 9.97902083e-03 4.32505870e-02 6.88963690e-02 3.29892917e-02 1.79075224e-02 1.18545237e+00 1.23634918e+00
3.6200 1.98502374e-07 1.62242278e-08 1.53768807e-08 4.45657604e-08 1.81427633e-08 5.90830094e-09 2.74669243e-07 2.98720308e-07 1.06297241e+00 1.36178179e-02 3.95425785e-02 7.02551358e-02 3.75673919e-02 1.44220092e-02 1.18638794e+00 1.23837734e+00
3.6300 1.98522141e-07 2.14099869e-08 1.35340887e-08 4.55140656e-08 1.87945787e-08 5.34544353e-09 2.78980282e-07 3.03120304e-07 1.06308069e+00 1.79645423e-02 3.48016259e-02 7.17472840e-02 3.89179947e-02 1.30533187e-02 1.18759414e+00 1.23956546e+00
3.6400 1.98596791e-07 2.66446006e-08 1.15270471e-08 4.63036653e-08 1.78175943e-08 5.86442098e-09 2.83072104e-07 3.06754120e-07 1.06348460e+00 2.23544297e-02 2.96376636e-02 7.29900697e-02 3.68961083e-02 1.43322153e-02 1.18846676e+00 1.23969509e+00
3.6500 1.98684215e-07 3.13008864e-08 9.70159647e-09 4.66244974e-08 1.53959811e-08 7.38967332e-09 2.86311195e-07 3.09096849e-07 1.06395839e+00 2.62617649e-02 2.49402551e-02 7.34947710e-02 3.18831339e-02 1.80729283e-02 1.18865518e+00 1.23861124e+00
3.6600 1.98743818e-07 3.49261634e-08 8.41944417e-09 4.62565997e-08 1.18957370e-08 9.55865390e-09 2.88346026e-07 3.09800417e-07 1.06428417e+00 2.93067607e-02 2.16398973e-02 7.29145324e-02 2.46369545e-02 2.33876134e-02 1.18814536e+00 1.23616993e+00
3.6700 1.98747214e-07 3.72408913e-08 7.95709515e-09 4.51910622e-08 7.76293008e-09 1.18114018e-08 2.89136263e-07 3.08710595e-07 1.06430919e+00 3.12543474e-02 2.04480170e-02 7.12350194e-02 1.60811392e-02 2.89055695e-02 1.18724657e+00 1.23223328e+00
3.6800 1.98684310e-07 3.81413008e-08 8.42608589e-09 4.36714691e-08 3.42939298e-09 1.35411353e-08 2.88923166e-07 3.05893694e-07 1.06397861e+00 3.20164793e-02 2.16517606e-02 6.88398045e-02 7.10960644e-03 3.31417389e-02 1.18648666e+00 1.22673800e+00
3.6900 1.98563585e-07 3.76993207e-08 9.73708567e-09 4.21426696e-08 -7.46162984e-10 1.42643166e-08 2.88142661e-07 3.01660814e-07 1.06333723e+00 3.16522959e-02 2.50216117e-02 6.64297361e-02 -1.53530019e-03 3.49128413e-02 1.18644087e+00 1.21981841e+00
3.7000 1.98407140e-07 3.61417797e-08 1.16167857e-08 4.11266978e-08 -4.49201319e-09 1.37614965e-08 2.87292403e-07 2.96561886e-07 1.06250307e+00 3.03509438e-02 2.98547866e-02 6.48274941e-02 -9.29143032e-03 3.36820030e-02 1.18753630e+00 1.21192687e+00
3.7100 1.98242554e-07 3.37953023e-08 1.36707984e-08 4.10699799e-08 -7.60254767e-09 1.21473418e-08 2.86778634e-07 2.91323428e-07 1.06162394e+00 2.83855766e-02 3.51369774e-02 6.47368580e-02 -1.57334536e-02 2.97301034e-02 1.18988335e+00 1.20388000e+00
3.7200 1.98094313e-07 3.10009775e-08 1.54730689e-08 4.22137189e-08 -9.90625827e-09 9.84784760e-09 2.86782078e-07 2.86723668e-07 1.06083145e+00 2.60418972e-02 3.97722983e-02 6.65384336e-02 -2.05064074e-02 2.40999939e-02 1.19318408e+00 1.19677766e+00
3.7300 1.97977392e-07 2.80237014e-08 1.66563627e-08 4.45288178e-08 -1.12479116e-08 7.48926155e-09 2.87186274e-07 2.83427623e-07 1.06020647e+00 2.35421208e-02 4.28160261e-02 7.01870025e-02 -2.32886696e-02 1.83246636e-02 1.19675162e+00 1.19178762e+00
3.7400 1.97894599e-07 2.49926919e-08 1.69806170e-08 4.77326552e-08 -1.15003087e-08 5.72893037e-09 2.87600563e-07 2.81829185e-07 1.05976474e+00 2.09950034e-02 4.36504337e-02 7.52377945e-02 -2.38162922e-02 1.40132629e-02 1.19964797e+00 1.18984494e+00
3.7500 1.97837951e-07 2.19036315e-08 1.63649225e-08 5.13766695e-08 -1.06041982e-08 5.07544750e-09 2.87483174e-07 2.81954424e-07 1.05946393e+00 1.83975352e-02 4.20671098e-02 8.09843145e-02 -2.19657449e-02 1.24109238e-02 1.20091289e+00 1.19135807e+00
3.7600 1.97793028e-07 1.86893231e-08 1.48811029e-08 5.49711784e-08 -8.61869059e-09 5.74893212e-09 2.86334632e-07 2.83464873e-07 1.05922687e+00 1.56941162e-02 3.82505294e-02 8.66548712e-02 -1.78584880e-02 1.40567709e-02 1.19982639e+00 1.19602467e+00
3.7700 1.97744451e-07 1.53338283e-08 1.27179508e-08 5.81046257e-08 -5.75607198e-09 7.62087589e-09 2.83900856e-07 2.85765660e-07 1.05897082e+00 1.28722326e-02 3.26861511e-02 9.16004031e-02 -1.19332788e-02 1.86366467e-02 1.19612961e+00 1.20283297e+00
3.7800 1.97680501e-07 1.19793526e-08 1.01315895e-08 6.05207889e-08 -2.37812537e-09 1.02500846e-08 2.80312232e-07 2.88184191e-07 1.05863233e+00 1.00520565e-02 2.60328066e-02 9.54161764e-02 -4.93874096e-03 2.50710131e-02 1.19013337e+00 1.21026564e+00
3.7900 1.97595444e-07 8.96906348e-09 7.39757431e-09 6.21359903e-08 1.05510430e-09 1.30036225e-08 2.76098072e-07 2.90156798e-07 1.05817994e+00 7.52227905e-03 1.89995192e-02 9.79690649e-02 2.17261901e-03 3.18109038e-02 1.18267081e+00 1.21665433e+00
3.8000 1.97489122e-07 6.78847097e-09 4.77506667e-09 6.30014950e-08 4.07422050e-09 1.52275468e-08 2.72054155e-07 2.91355922e-07 1.05761222e+00 5.69080608e-03 1.22533102e-02 9.93385516e-02 8.42851195e-03 3.72557643e-02 1.17489489e+00 1.22057917e+00
3.8100 1.97364402e-07 5.90785588e-09 2.48549226e-09 6.32353129e-08 6.30092112e-09 1.64187131e-08 2.68993063e-07 2.91712698e-07 1.05694430e+00 4.95240880e-03 6.36420434e-03 9.97095555e-02 1.30449440e-02 4.01739443e-02 1.16797047e+00 1.22118936e+00
3.8200 1.97223779e-07 6.57360502e-09 7.01123127e-10 6.29558785e-08 7.52716149e-09 1.63498791e-08 2.67454386e-07 2.91331427e-07 1.05618979e+00 5.51352514e-03 1.77572089e-03 9.92681788e-02 1.55902790e-02 4.00089239e-02 1.16274722e+00 1.21834642e+00
3.8300 1.97066634e-07 8.62812640e-09 -4.64084593e-10 6.22452306e-08 7.74627109e-09 1.51151748e-08 2.67475907e-07 2.90337353e-07 1.05534605e+00 7.24111836e-03 -1.21883379e-03 9.81438317e-02 1.60498219e-02 3.69906553e-02 1.15951217e+00 1.21255264e+00
3.8400 1.96888238e-07 1.14408581e-08 -9.67181793e-10 6.11540410e-08 7.12608782e-09 1.30869847e-08 2.68515955e-07 2.88729028e-07 1.05438861e+00 9.60487845e-03 -2.50911185e-03 9.64171491e-02 1.47703133e-02 3.20300907e-02 1.15790152e+00 1.20470193e+00
3.8500 1.96680836e-07 1.40018912e-08 -8.52464676e-10 5.97415640e-08 5.93536146e-09 1.08009884e-08 2.69571826e-07 2.86308176e-07 1.05327678e+00 1.17560127e-02 -2.20951969e-03 9.41827781e-02 1.23076191e-02 2.64378682e-02 1.15700605e+00 1.19575154e+00
3.8600 1.96436303e-07 1.51735416e-08 -2.64509577e-10 5.81279450e-08 4.45185826e-09 8.80579860e-09 2.69473280e-07 2.82730937e-07 1.05196758e+00 1.27386768e-02 -6.92684052e-04 9.16315210e-02 9.23649385e-03 2.15563325e-02 1.15564510e+00 1.18643792e+00
3.8700 1.96149268e-07 1.40335573e-08 5.53039328e-10 5.65302924e-08 2.88678443e-09 7.52163923e-09 2.67266157e-07 2.77674581e-07 1.05043237e+00 1.17783184e-02 1.41381045e-03 8.91068474e-02 5.99411901e-03 1.84136656e-02 1.15273134e+00 1.17713913e+00
3.8800 1.95819459e-07 1.02002436e-08 1.28315995e-09 5.52596256e-08 1.35259712e-09 7.14692714e-09 2.62562488e-07 2.71062013e-07 1.04866932e+00 8.55475893e-03 3.29369586e-03 8.70997941e-02 2.81347905e-03 1.74952581e-02 1.14761757e+00 1.16792630e+00
3.8900 1.95452374e-07 4.02316587e-09 1.58931555e-09 5.46709070e-08 -1.17265929e-10 7.63480826e-09 2.55735762e-07 2.63253305e-07 1.04670722e+00 3.36228997e-03 4.08076722e-03 8.61700490e-02 -2.35760395e-04 1.86862971e-02 1.14032033e+00 1.15877086e+00
3.9000 1.95058050e-07 -3.44101919e-09 1.19075141e-09 5.50770324e-08 -1.51043797e-09 8.73936737e-09 2.47884815e-07 2.55113744e-07 1.04459907e+00 -2.91077280e-03 3.05271419e-03 8.68103956e-02 -3.12726053e-03 2.13848943e-02 1.13155141e+00 1.14980904e+00
3.9100 1.94648436e-07 -1.06797282e-08 -5.81151170e-11 5.66528285e-08 -2.77003302e-09 1.01105614e-08 2.40563421e-07 2.47903949e-07 1.04240827e+00 -8.99323018e-03 -1.64603870e-04 8.92955631e-02 -5.74224833e-03 2.47344735e-02 1.12254600e+00 1.14153822e+00
3.9200 1.94234366e-07 -1.61369036e-08 -2.10797395e-09 5.93611534e-08 -3.75630885e-09 1.14042227e-08 2.35350642e-07 2.42998556e-07 1.04019263e+00 -1.35776002e-02 -5.44358145e-03 9.35660147e-02 -7.79026494e-03 2.78930411e-02 1.11473747e+00 1.13484024e+00
3.9300 1.93823248e-07 -1.86614322e-08 -4.69727902e-09 6.29278697e-08 -4.25986433e-09 1.23722092e-08 2.33392406e-07 2.41504751e-07 1.03799205e+00 -1.56968751e-02 -1.21103919e-02 9.91887833e-02 -8.83669918e-03 3.02538463e-02 1.10937357e+00 1.13079072e+00
3.9400 1.93418196e-07 -1.78471958e-08 -7.39057981e-09 6.68776706e-08 -4.06873396e-09 1.29075909e-08 2.35058091e-07 2.43896948e-07 1.03582379e+00 -1.50101707e-02 -1.90437883e-02 1.05414158e-01 -8.44196196e-03 3.15559526e-02 1.10718399e+00 1.13029798e+00
3.9500 1.93018753e-07 -1.41505338e-08 -9.67018681e-09 7.06237142e-08 -3.06696844e-09 1.30367618e-08 2.39821746e-07 2.49791539e-07 1.03368615e+00 -1.19013251e-02 -2.49111125e-02 1.11317059e-01 -6.36582866e-03 3.18648622e-02 1.10819078e+00 1.13368981e+00
3.9600 1.92622684e-07 -8.74130697e-09 -1.10616135e-08 7.35873432e-08 -1.32477518e-09 1.28685639e-08 2.46407106e-07 2.57950895e-07 1.03156783e+00 -7.35366096e-03 -2.84911580e-02 1.15985694e-01 -2.75419824e-03 3.14478790e-02 1.11170871e+00 1.14040239e+00
3.9700 1.92227933e-07 -3.13099530e-09 -1.12601770e-08 7.53153993e-08 8.62143007e-10 1.25238586e-08 2.53152160e-07 2.66538161e-07 1.02945814e+00 -2.63743489e-03 -2.89999446e-02 1.18706316e-01 1.77950695e-03 3.06015834e-02 1.11652707e+00 1.14890816e+00
3.9800 1.91833825e-07 1.30447246e-09 -1.02221099e-08 7.55644003e-08 3.01148699e-09 1.20733847e-08 2.58480588e-07 2.73565460e-07 1.02735329e+00 1.09112323e-03 -2.63251157e-02 1.19095693e-01 6.23512587e-03 2.94995920e-02 1.12121499e+00 1.15694971e+00
3.9900 1.91441013e-07 3.75383843e-09 -8.19078251e-09 7.43320422e-08 4.57113131e-09 1.15063323e-08 2.61336112e-07 2.77413575e-07 1.02525616e+00 3.15035479e-03 -2.10933275e-02 1.17150579e-01 9.46792348e-03 2.81155220e-02 1.12446376e+00 1.16204721e+00
4.0000 1.91050281e-07 4.21360687e-09 -5.64578464e-09 7.18328865e-08 5.08261026e-09 1.07392798e-08 2.61450990e-07 2.77272880e-07 1.02316997e+00 3.53738209e-03 -1.45391403e-02 1.13209286e-01 1.05275265e-02 2.62448141e-02 1.12537750e+00 1.16214984e+00
4.0100 1.90660909e-07 3.46815441e-09 -3.18490895e-09 6.84309846e-08 4.33816615e-09 9.65983600e-09 2.59375139e-07 2.73373141e-07 1.02108988e+00 2.91134447e-03 -8.20126773e-03 1.07845481e-01 8.98344229e-03 2.36115767e-02 1.12364544e+00 1.15624046e+00
4.0200 1.90269590e-07 2.81570438e-09 -1.36971856e-09 6.45524782e-08 2.47421714e-09 8.18690079e-09 2.56268054e-07 2.66929172e-07 1.01899737e+00 2.36311210e-03 -3.52515064e-03 1.01730527e-01 5.11872706e-03 2.00161903e-02 1.11956585e+00 1.14470077e+00
4.0300 1.89870716e-07 3.63056664e-09 -5.77725923e-10 6.06031315e-08 -3.88865471e-11 6.32407753e-09 2.53526688e-07 2.59811879e-07 1.01686207e+00 3.04744922e-03 -1.48256472e-03 9.55036530e-02 -9.13523466e-05 1.54662160e-02 1.11393061e+00 1.12930547e+00
4.0400 1.89458293e-07 6.90244447e-09 -9.03934781e-10 5.69096733e-08 -2.51767095e-09 4.18594094e-09 2.52366476e-07 2.54034746e-07 1.01465216e+00 5.79593530e-03 -2.31825852e-03 8.96796542e-02 -5.22983415e-03 1.02408980e-02 1.10780949e+00 1.11282055e+00
4.0500 1.89029000e-07 1.28972188e-08 -2.14114671e-09 5.36928245e-08 -4.26532396e-09 1.98705917e-09 2.53477897e-07 2.51199632e-07 1.01235063e+00 1.08319757e-02 -5.49926461e-03 8.46064902e-02 -8.85225024e-03 4.86449493e-03 1.10228983e+00 1.09830208e+00
4.0600 1.88585230e-07 2.10410205e-08 -3.84571363e-09 5.10684470e-08 -4.78893992e-09 -3.01096803e-12 2.56848984e-07 2.52057033e-07 1.00997146e+00 1.76734327e-02 -9.88407054e-03 8.04671169e-02 -9.93695652e-03 -3.72483531e-06 1.09822794e+00 1.08828726e+00
4.0700 1.88136759e-07 3.00564794e-08 -5.47013362e-09 4.90654536e-08 -3.96260013e-09 -1.52389984e-09 2.61788558e-07 2.56302058e-07 1.00756822e+00 2.52471352e-02 -1.40637869e-02 7.73076507e-02 -8.22314371e-03 -3.72649153e-03 1.09605922e+00 1.08410959e+00
4.0800 1.87699963e-07 3.83018425e-08 -6.52383707e-09 4.76472372e-08 -2.07908872e-09 -2.38695069e-09 2.67125206e-07 2.62659166e-07 1.00522962e+00 3.21738249e-02 -1.67758658e-02 7.50710083e-02 -4.31797675e-03 -5.84159889e-03 1.09569859e+00 1.08553901e+00
4.0900 1.87294333e-07 4.42054018e-08 -6.71499449e-09 4.67271568e-08 2.31909081e-10 -2.51678413e-09 2.71511897e-07 2.69227022e-07 1.00306056e+00 3.71331606e-02 -1.72690118e-02 7.36211526e-02 4.73035664e-04 -6.16375035e-03 1.09654586e+00 1.09085515e+00
4.1000 1.86937028e-07 4.66663525e-08 -6.03195203e-09 4.61756470e-08 2.19703775e-09 -1.96065012e-09 2.73747075e-07 2.73983463e-07 1.00115289e+00 3.92004925e-02 -1.55127828e-02 7.27541532e-02 4.54663664e-03 -4.80762121e-03 1.09759476e+00 1.09733377e+00
4.1100 1.86637108e-07 4.53124658e-08 -4.74124635e-09 4.58233299e-08 3.14352302e-09 -8.65722021e-10 2.73031658e-07 2.75309459e-07 9.99554524e-01 3.80633162e-02 -1.21925688e-02 7.22030002e-02 6.50815454e-03 -2.13247494e-03 1.09762827e+00 1.10200395e+00
4.1200 1.86391419e-07 4.05551475e-08 -3.30438582e-09 4.54680635e-08 2.71515429e-09 5.65001816e-10 2.69110244e-07 2.72390400e-07 9.98247534e-01 3.40674806e-02 -8.49555815e-03 7.16486994e-02 5.61921859e-03 1.36560340e-03 1.09546816e+00 1.10245298e+00
4.1300 1.86183776e-07 3.34449706e-08 -2.23986269e-09 4.48927301e-08 9.88338337e-10 2.12160786e-09 2.62281614e-07 2.65391560e-07 9.97144079e-01 2.80957596e-02 -5.75576124e-03 7.07483709e-02 2.03832354e-03 5.17330748e-03 1.09023245e+00 1.09744408e+00
4.1400 1.85988144e-07 2.53852394e-08 -1.97267499e-09 4.38954110e-08 -1.55131523e-09 3.62493186e-09 2.53296119e-07 2.55369736e-07 9.96103650e-01 2.13271551e-02 -5.06685034e-03 6.91829267e-02 -3.22770882e-03 8.85226173e-03 1.08154688e+00 1.08717143e+00
4.1500 1.85775156e-07 1.77922477e-08 -2.71621324e-09 4.23268072e-08 -4.16538746e-09 4.94326766e-09 2.43177997e-07 2.43955878e-07 9.94968215e-01 1.49514353e-02 -6.97821461e-03 6.67161996e-02 -8.64791847e-03 1.20799571e-02 1.06965764e+00 1.07308967e+00
4.1600 1.85520147e-07 1.17927886e-08 -4.42016298e-09 4.01244188e-08 -6.10116077e-09 5.98782322e-09 2.33017192e-07 2.32903854e-07 9.93605349e-01 9.91499562e-03 -1.13608180e-02 6.32489630e-02 -1.26616228e-02 1.46387232e-02 1.05540849e+00 1.05738559e+00
4.1700 1.85210198e-07 8.02627071e-09 -6.79690085e-09 3.73315684e-08 -6.83383702e-09 6.69530982e-09 2.23771136e-07 2.23632609e-07 9.91945958e-01 6.75463320e-03 -1.74749874e-02 5.88490358e-02 -1.41805377e-02 1.63732321e-02 1.04007464e+00 1.04226733e+00
4.1800 1.84847851e-07 6.58168250e-09 -9.41459333e-09 3.40927221e-08 -6.23281141e-09 7.01062869e-09 2.16107662e-07 2.16885480e-07 9.90004108e-01 5.54463997e-03 -2.42098282e-02 5.37439850e-02 -1.29335062e-02 1.71482281e-02 1.02508290e+00 1.02929763e+00
4.1900 1.84450161e-07 7.06190692e-09 -1.18255233e-08 3.06236648e-08 -4.59788979e-09 6.88140499e-09 2.10310209e-07 2.12593725e-07 9.87871736e-01 5.95090556e-03 -3.04133232e-02 4.82741413e-02 -9.54166789e-03 1.68352186e-02 1.01168346e+00 1.01897701e+00
4.2000 1.84043200e-07 8.74013998e-09 -1.36890761e-08 2.71633620e-08 -2.55493962e-09 6.26973329e-09 2.06257626e-07 2.09972419e-07 9.85689099e-01 7.36240664e-03 -3.52087638e-02 4.28166930e-02 -5.30226649e-03 1.53412392e-02 1.00065943e+00 1.01069841e+00
4.2100 1.83653713e-07 1.07603984e-08 -1.48527590e-08 2.39207030e-08 -8.47256437e-10 5.17760160e-09 2.03482056e-07 2.07812401e-07 9.83599926e-01 9.05972981e-03 -3.82032856e-02 3.77016592e-02 -1.75627393e-03 1.26710528e-02 9.92158030e-01 1.00307281e+00
4.2200 1.83300608e-07 1.23353790e-08 -1.53698138e-08 2.10313966e-08 -9.30351698e-11 3.67472454e-09 2.01297570e-07 2.04879259e-07 9.81705774e-01 1.03813487e-02 -3.95333284e-02 3.31438206e-02 -1.85700329e-04 8.99521786e-03 9.85697615e-01 9.94507132e-01
4.2300 1.82989114e-07 1.29053670e-08 -1.54530849e-08 1.85372584e-08 -5.89368246e-10 1.91420373e-09 1.98978655e-07 2.00303490e-07 9.80034773e-01 1.08571454e-02 -3.97461163e-02 2.92099171e-02 -1.20726295e-03 4.68836409e-03 9.80355719e-01 9.83836820e-01
4.2400 1.82709647e-07 1.22356468e-08 -1.53848272e-08 1.63930405e-08 -2.22610951e-09 1.24139252e-10 1.95953507e-07 1.93851537e-07 9.78535588e-01 1.02902302e-02 -3.95677539e-02 2.58292517e-02 -4.59369597e-03 3.08632203e-04 9.75087316e-01 9.70802252e-01
4.2500 1.82441846e-07 1.04427586e-08 -1.54147200e-08 1.44972870e-08 -4.53498641e-09 -1.42868217e-09 1.91967172e-07 1.86003503e-07 9.77099135e-01 8.77894696e-03 -3.96409091e-02 2.28421914e-02 -9.37533401e-03 -3.49118813e-03 9.69079364e-01 9.56212842e-01
4.2600 1.82162530e-07 7.95052139e-09 -1.56798395e-08 1.27364232e-08 -6.85374270e-09 -2.49640864e-09 1.87169635e-07 1.77819483e-07 9.75601273e-01 6.67985102e-03 -4.03188958e-02 2.00695822e-02 -1.41801086e-02 -6.10463640e-03 9.62031810e-01 9.41747065e-01
4.2700 1.81854943e-07 5.38574874e-09 -1.61708501e-08 1.10277750e-08 -8.54740290e-09 -2.91335897e-09 1.82097617e-07 1.70636855e-07 9.73952348e-01 4.52000996e-03 -4.15785676e-02 1.73805620e-02 -1.76919889e-02 -7.12627609e-03 9.54274353e-01 9.29456088e-01
4.2800 1.81516154e-07 3.43220586e-09 -1.67518865e-08 9.34844149e-09 -9.21147398e-09 -2.64503764e-09 1.77544915e-07 1.65688404e-07 9.72136798e-01 2.87423412e-03 -4.30712775e-02 1.47381650e-02 -1.90720860e-02 -6.47158592e-03 9.46677920e-01 9.21134248e-01
4.2900 1.81160012e-07 2.66961952e-09 -1.72234136e-08 7.74219464e-09 -8.79029757e-09 -1.80575195e-09 1.74348412e-07 1.63752363e-07 9.70228947e-01 2.22977587e-03 -4.42843809e-02 1.22103731e-02 -1.82040293e-02 -4.42003562e-03 9.40384715e-01 9.17760650e-01
4.3000 1.80814512e-07 3.43048595e-09 -1.74037966e-08 6.30384673e-09 -7.57425471e-09 -6.36553771e-10 1.73145048e-07 1.64934240e-07 9.68378835e-01 2.86602001e-03 -4.47509091e-02 9.94569782e-03 -1.56883778e-02 -1.56110809e-03 9.36439644e-01 9.19190158e-01
4.3100 1.80514271e-07 5.70783760e-09 -1.72006018e-08 5.14729096e-09 -6.08115668e-09 5.52466169e-10 1.74168797e-07 1.68640107e-07 9.66771842e-01 4.77702516e-03 -4.42329003e-02 8.12302329e-03 -1.25970833e-02 1.34686716e-03 9.35438990e-01 9.24188774e-01
4.3200 1.80290436e-07 9.13931088e-09 -1.66478077e-08 4.36758024e-09 -4.86558381e-09 1.45993524e-09 1.77149520e-07 1.73743871e-07 9.65574673e-01 7.65819723e-03 -4.28171408e-02 6.89199312e-03 -1.00786362e-02 3.56690952e-03 9.37307723e-01 9.30795996e-01
4.3300 1.80161278e-07 1.30765252e-08 -1.58978699e-08 4.00797907e-09 -4.32239802e-09 1.86858258e-09 1.81347912e-07 1.78894096e-07 9.64884971e-01 1.09646467e-02 -4.08948653e-02 6.32113344e-03 -8.95107286e-03 4.56775455e-03 9.41275886e-01 9.36892567e-01
4.3400 1.80126470e-07 1.67271311e-08 -1.51732574e-08 4.04023415e-09 -4.55024975e-09 1.69617242e-09 1.85720578e-07 1.82866500e-07 9.64700788e-01 1.40305871e-02 -3.90372749e-02 6.36668956e-03 -9.41919162e-03 4.14839444e-03 9.46060789e-01 9.40789992e-01
4.3500 1.80166912e-07 1.93360650e-08 -1.46952936e-08 4.36172821e-09 -5.31867685e-09 1.00743060e-09 1.89169412e-07 1.84858166e-07 9.64919691e-01 1.62216443e-02 -3.78127030e-02 6.86796520e-03 -1.10062995e-02 2.46719686e-03 9.50196598e-01 9.41657495e-01
4.3600 1.80250096e-07 2.03596497e-08 -1.46146554e-08 4.80846938e-09 -6.14666185e-09 -1.53640586e-11 1.90803560e-07 1.84641534e-07 9.65367570e-01 1.70811179e-02 -3.76080241e-02 7.56755557e-03 -1.27167997e-02 -3.00763248e-05 9.52408220e-01 9.39661344e-01
4.3700 1.80339234e-07 1.95864320e-08 -1.49659561e-08 5.17947942e-09 -6.46371605e-09 -1.13259257e-09 1.90139189e-07 1.82542881e-07 9.65847528e-01 1.64314617e-02 -3.85119543e-02 8.14954281e-03 -1.33697111e-02 -2.75757436e-03 9.51916579e-01 9.35789293e-01
4.3800 1.80403162e-07 1.71730895e-08 -1.56596659e-08 5.26674464e-09 -5.79887989e-09 -2.11856683e-09 1.87183330e-07 1.79265883e-07 9.66192860e-01 1.44043924e-02 -4.02943030e-02 8.28651805e-03 -1.19900243e-02 -5.16367550e-03 9.48589467e-01 9.31435767e-01
4.3900 1.80423845e-07 1.35883571e-08 -1.65117289e-08 4.88526782e-09 -3.93633225e-09 -2.82153880e-09 1.82385741e-07 1.75627870e-07 9.66307140e-01 1.13937271e-02 -4.24821023e-02 7.68686756e-03 -8.13092841e-03 -6.87771999e-03 9.42905632e-01 9.27896984e-01
4.4000 1.80399196e-07 9.48482736e-09 -1.72991751e-08 3.89909235e-09 -9.89739148e-10 -3.19489313e-09 1.76483941e-07 1.72299309e-07 9.66179198e-01 7.94764975e-03 -4.45025275e-02 6.13583157e-03 -2.02777592e-03 -7.78622708e-03 9.35760152e-01 9.25946149e-01
4.4100 1.80340554e-07 5.53865683e-09 -1.78227250e-08 2.24054695e-09 2.62450123e-09 -3.29226684e-09 1.70297032e-07 1.69629267e-07 9.65869498e-01 4.63405259e-03 -4.58437655e-02 3.52598099e-03 5.45730231e-03 -8.02086550e-03 9.28185766e-01 9.25622203e-01
4.4200 1.80265976e-07 2.30392961e-09 -1.79568890e-08 -7.91708794e-11 6.30231913e-09 -3.23153076e-09 1.64533846e-07 1.67604634e-07 9.65474212e-01 1.91822981e-03 -4.61837232e-02 -1.25900221e-04 1.30736234e-02 -7.87026932e-03 9.21082818e-01 9.26286172e-01
4.4300 1.80191915e-07 1.19771049e-10 -1.76739597e-08 -2.96955777e-09 9.41608787e-09 -3.14247103e-09 1.59668169e-07 1.65941786e-07 9.65080682e-01 8.49112727e-05 -4.54516251e-02 -4.67792564e-03 1.95217369e-02 -7.65201438e-03 9.15036042e-01 9.26905765e-01
4.4400 1.80126293e-07 -9.12069412e-10 -1.70380283e-08 -6.27156221e-09 1.14762742e-08 -3.11736663e-09 1.55904633e-07 1.64263541e-07 9.64730481e-01 -7.80501543e-04 -4.38125711e-02 -9.87991594e-03 2.37880926e-02 -7.59172078e-03 9.10257492e-01 9.26453864e-01
4.4500 1.80065433e-07 -8.85740365e-10 -1.61750879e-08 -9.77949575e-09 1.22438058e-08 -3.18123350e-09 1.53225109e-07 1.62287682e-07 9.64403203e-01 -7.57047482e-04 -4.15906584e-02 -1.54078740e-02 2.53776595e-02 -7.75030320e-03 9.06647623e-01 9.24274979e-01
4.4600 1.79995891e-07 -1.18245039e-11 -1.52320375e-08 -1.32720313e-08 1.17650743e-08 -3.29045151e-09 1.51479998e-07 1.59954621e-07 9.64026450e-01 -2.14522349e-05 -3.91636089e-02 -2.09128709e-02 2.43863744e-02 -8.02067814e-03 9.03928518e-01 9.20294214e-01
4.4700 1.79900441e-07 1.46635837e-09 -1.43389983e-08 -1.65475987e-08 1.03270981e-08 -3.35787035e-09 1.50480203e-07 1.57449430e-07 9.63508054e-01 1.22212848e-03 -3.68659412e-02 -2.60769282e-02 2.14083108e-02 -8.18925305e-03 9.01787313e-01 9.15006371e-01
4.4800 1.79766007e-07 3.33232836e-09 -1.35858159e-08 -1.94571901e-08 8.35414792e-09 -3.29314243e-09 1.50055329e-07 1.55116334e-07 9.62778585e-01 2.79206135e-03 -3.49286212e-02 -3.06648384e-02 1.73216943e-02 -8.03465385e-03 8.99977187e-01 9.09264227e-01
4.4900 1.79590601e-07 5.41870702e-09 -1.30167907e-08 -2.19267611e-08 6.28189848e-09 -3.04218842e-09 1.50065756e-07 1.53305466e-07 9.61828436e-01 4.54782531e-03 -3.34655589e-02 -3.45595714e-02 1.30284241e-02 -7.42430776e-03 8.98351131e-01 9.03955247e-01
4.5000 1.79386669e-07 7.59682204e-09 -1.26403852e-08 -2.39629138e-08 4.44734373e-09 -2.61088153e-09 1.50380192e-07 1.52216655e-07 9.60725522e-01 6.38118821e-03 -3.24985735e-02 -3.77712816e-02 9.22624639e-03 -6.37239296e-03 8.96836855e-01 8.99690708e-01
4.5100 1.79179447e-07 9.75128839e-09 -1.24456426e-08 -2.56394206e-08 3.02316914e-09 -2.06455800e-09 1.50845672e-07 1.51804283e-07 9.59606232e-01 8.19481694e-03 -3.19995741e-02 -4.04160651e-02 6.27295151e-03 -5.03862836e-03 8.95385409e-01 8.96619733e-01
4.5200 1.79000662e-07 1.17603594e-08 -1.24159541e-08 -2.70674824e-08 2.00845491e-09 -1.50427030e-09 1.51277585e-07 1.51781770e-07 9.58641467e-01 9.88580969e-03 -3.19258906e-02 -4.26690412e-02 4.16713991e-03 -3.67015549e-03 8.93932344e-01 8.94429329e-01
4.5300 1.78879532e-07 1.34958268e-08 -1.25336506e-08 -2.83577278e-08 1.26963565e-09 -1.02934057e-09 1.51483980e-07 1.51724275e-07 9.57988232e-01 1.13457260e-02 -3.22320121e-02 -4.47044099e-02 2.63295819e-03 -2.50990470e-03 8.92397536e-01 8.92520590e-01
4.5400 1.78833948e-07 1.48431981e-08 -1.27742026e-08 -2.95849994e-08 6.12185276e-10 -7.00651229e-10 1.51317944e-07 1.51229478e-07 9.57742397e-01 1.24777044e-02 -3.28546278e-02 -4.66399198e-02 1.26837292e-03 -1.70677334e-03 8.90725553e-01 8.90287153e-01
4.5500 1.78864765e-07 1.57304179e-08 -1.30942584e-08 -3.07666052e-08 -1.42111293e-10 -5.18586680e-10 1.50734320e-07 1.50073622e-07 9.57908165e-01 1.32207725e-02 -3.36818740e-02 -4.85026025e-02 -2.95030920e-04 -1.26165966e-03 8.88944461e-01 8.87387771e-01
4.5600 1.78955117e-07 1.61476019e-08 -1.34211144e-08 -3.18607737e-08 -1.09483732e-09 -4.23961340e-10 1.49820831e-07 1.48302032e-07 9.58394609e-01 1.35665751e-02 -3.45263163e-02 -5.02263866e-02 -2.26733325e-03 -1.02974438e-03 8.87208481e-01 8.83911403e-01
4.5700 1.79075103e-07 1.61438978e-08 -1.36511938e-08 -3.27856306e-08 -2.24155320e-09 -3.21778405e-10 1.48782176e-07 1.46218844e-07 9.59040961e-01 1.35568154e-02 -3.51211347e-02 -5.16820810e-02 -4.63952800e-03 -7.78634767e-04 8.85794561e-01 8.80376398e-01
4.5800 1.79190461e-07 1.57989310e-08 -1.36617822e-08 -3.34522486e-08 -3.47646558e-09 -1.19375206e-10 1.47875361e-07 1.44279520e-07 9.59663264e-01 1.32592478e-02 -3.51504092e-02 -5.27295309e-02 -7.19317841e-03 -2.81707508e-04 8.85042571e-01 8.77567686e-01
4.5900 1.79272610e-07 1.51798636e-08 -1.33349978e-08 -3.38005661e-08 -4.62476648e-09 2.34629670e-10 1.47316909e-07 1.42926773e-07 9.60108214e-01 1.27314851e-02 -3.43108391e-02 -5.32742649e-02 -9.56724101e-03 5.86591428e-04 8.85254595e-01 8.76273946e-01
4.6000 1.79307008e-07 1.43041958e-08 -1.25878108e-08 -3.38259921e-08 -5.49046304e-09 7.24429007e-10 1.47197401e-07 1.42431367e-07 9.60297934e-01 1.19895491e-02 -3.23889667e-02 -5.33094132e-02 -1.13568730e-02 1.78735849e-03 8.86589103e-01 8.77019588e-01
4.6100 1.79297358e-07 1.31282304e-08 -1.13988607e-08 -3.35877441e-08 -5.90613955e-09 1.26341536e-09 1.47438984e-07 1.42796259e-07 9.60252336e-01 1.09979423e-02 -2.93301033e-02 -5.29287921e-02 -1.22162143e-02 3.10840511e-03 8.88991382e-01 8.79883573e-01
4.6200 1.79264455e-07 1.15709667e-08 -9.82298869e-09 -3.31963353e-08 -5.77329049e-09 1.71443138e-09 1.47816098e-07 1.43757239e-07 9.60082823e-01 9.68948949e-03 -2.52756162e-02 -5.23070983e-02 -1.19416940e-02 4.21382518e-03 8.92189598e-01 8.84461729e-01
4.6300 1.79240152e-07 9.56709185e-09 -7.98775634e-09 -3.27848630e-08 -5.08598820e-09 1.92740795e-09 1.48034625e-07 1.44876045e-07 9.59959779e-01 8.00968066e-03 -2.05538713e-02 -5.16545738e-02 -1.05209410e-02 4.73611795e-03 8.95761014e-01 8.89976191e-01
4.6400 1.79258300e-07 7.12779842e-09 -6.07156544e-09 -3.24742494e-08 -3.93506503e-09 1.78228756e-09 1.47840283e-07 1.45687506e-07 9.60064000e-01 5.96767916e-03 -1.56238794e-02 -5.11621643e-02 -8.14148764e-03 4.38125385e-03 8.99245636e-01 8.95485402e-01
4.6500 1.79345372e-07 4.38144310e-09 -4.26848556e-09 -3.23443456e-08 -2.49365345e-09 1.22372288e-09 1.47113984e-07 1.45844053e-07 9.60536530e-01 3.67050435e-03 -1.09848090e-02 -5.09559533e-02 -5.16099967e-03 3.01362234e-03 9.02266272e-01 9.00118895e-01
4.6600 1.79513427e-07 1.57145532e-09 -2.74873573e-09 -3.24202155e-08 -9.87549346e-10 2.77127284e-10 1.45915931e-07 1.45205509e-07 9.61441113e-01 1.32140532e-03 -7.07438306e-03 -5.10755537e-02 -2.04615376e-03 6.95350433e-04 9.04612581e-01 9.03261778e-01
4.6700 1.79757248e-07 -9.94892477e-10 -1.62480719e-09 -3.26769942e-08 3.44330658e-10 -9.58031782e-10 1.44460554e-07 1.43846853e-07 9.62749108e-01 -8.22964638e-04 -4.18183138e-03 -5.14817868e-02 7.08997200e-04 -2.33007468e-03 9.06262525e-01 9.04641447e-01
4.6800 1.80056212e-07 -3.03244160e-09 -9.31320425e-10 -3.30597312e-08 1.29282786e-09 -2.33454753e-09 1.43032719e-07 1.41990999e-07 9.64349691e-01 -2.52450573e-03 -2.39617973e-03 -5.20879706e-02 2.67164018e-03 -5.70218554e-03 9.07341034e-01 9.04310489e-01
4.6900 1.80380053e-07 -4.36776446e-09 -6.22699372e-10 -3.35092678e-08 1.71736153e-09 -3.69448812e-09 1.41880322e-07 1.39903195e-07 9.66080876e-01 -3.63871004e-03 -1.60033598e-03 -5.28006966e-02 3.55053634e-03 -9.03412777e-03 9.08041133e-01 9.02557542e-01
4.7000 1.80696694e-07 -4.99647265e-09 -5.88019476e-10 -3.39834938e-08 1.57328897e-09 -4.90549942e-09 1.41128708e-07 1.37796498e-07 9.67771445e-01 -4.16260900e-03 -1.50928561e-03 -5.35533019e-02 3.25275673e-03 -1.20015463e-02 9.08546248e-01 8.99797459e-01
4.7100 1.80979885e-07 -5.08220574e-09 -6.78383329e-10 -3.44658902e-08 9.21724433e-10 -5.88626397e-09 1.40753406e-07 1.35788867e-07 9.69281735e-01 -4.23381590e-03 -1.74043572e-03 -5.43193010e-02 1.90419654e-03 -1.44049628e-02 9.08988183e-01 8.96487416e-01
4.7200 1.81214677e-07 -4.89308913e-09 -7.39892382e-10 -3.49590362e-08 -8.13248301e-11 -6.61526462e-09 1.40622659e-07 1.33926070e-07 9.70532706e-01 -4.07714534e-03 -1.89829676e-03 -5.51021469e-02 -1.72698448e-04 -1.61913083e-02 9.09455117e-01 8.93091110e-01
4.7300 1.81399523e-07 -4.69681944e-09 -6.45006341e-10 -3.54673842e-08 -1.21536295e-09 -7.12259044e-09 1.40590313e-07 1.32252359e-07 9.71516952e-01 -3.91658408e-03 -1.65500273e-03 -5.59081287e-02 -2.52169723e-03 -1.74339465e-02 9.10037236e-01 8.90081593e-01
4.7400 1.81544855e-07 -4.65412420e-09 -3.16440731e-10 -3.59783900e-08 -2.23951659e-09 -7.46948607e-09 1.40595900e-07 1.30886898e-07 9.72290865e-01 -3.88598227e-03 -8.11675953e-04 -5.67167438e-02 -4.64401821e-03 -1.82826707e-02 9.10876463e-01 8.87949774e-01
4.7500 1.81668909e-07 -4.75392642e-09 2.60010549e-10 -3.64520270e-08 -2.94079197e-09 -7.72319948e-09 1.40722966e-07 1.30058974e-07 9.72952176e-01 -3.97482758e-03 6.68613208e-04 -5.74643312e-02 -6.09826314e-03 -1.89021503e-02 9.12181630e-01 8.87181217e-01
4.7600 1.81792183e-07 -4.81958365e-09 1.03500023e-09 -3.68253234e-08 -3.17546422e-09 -7.93484404e-09 1.41182276e-07 1.30071968e-07 9.73610362e-01 -4.03372645e-03 2.65954632e-03 -5.80513929e-02 -6.58623658e-03 -1.94177115e-02 9.14184789e-01 8.88180841e-01
4.7700 1.81932096e-07 -4.58859235e-09 1.90682155e-09 -3.70321065e-08 -2.89411060e-09 -8.12585753e-09 1.42218219e-07 1.31198251e-07 9.74358189e-01 -3.84155206e-03 4.90018602e-03 -5.83738396e-02 -6.00496351e-03 -1.98821284e-02 9.17042983e-01 8.91155891e-01
4.7800 1.82099107e-07 -3.83828589e-09 2.74214282e-09 -3.70311710e-08 -2.14503826e-09 -8.28530089e-09 1.43971793e-07 1.33541453e-07 9.75251167e-01 -3.21114210e-03 7.04810788e-03 -5.83674149e-02 -4.45397910e-03 -2.02689380e-02 9.20720718e-01 8.95997801e-01
4.7900 1.82295025e-07 -2.50921672e-09 3.40304850e-09 -3.68314645e-08 -1.05658893e-09 -8.37697448e-09 1.46357392e-07 1.36923829e-07 9.76298735e-01 -2.09294291e-03 8.74878040e-03 -5.80472933e-02 -2.19883351e-03 -2.04898034e-02 9.24907279e-01 9.02218642e-01
4.8000 1.82513618e-07 -7.75049248e-10 3.77619892e-09 -3.65026519e-08 1.95758585e-10 -8.35311348e-09 1.49012115e-07 1.40854760e-07 9.77467588e-01 -6.33613926e-04 9.71048324e-03 -5.75245143e-02 3.96965776e-04 -2.04280155e-02 9.29019943e-01 9.08988894e-01
4.8100 1.82743040e-07 9.74869438e-10 3.79912811e-09 -3.61639738e-08 1.42812847e-09 -8.17062574e-09 1.51353063e-07 1.44610566e-07 9.78694677e-01 8.38803554e-04 9.77198894e-03 -5.69881331e-02 2.95220575e-03 -1.99782541e-02 9.32317336e-01 9.15291288e-01
4.8200 1.82969312e-07 2.24224400e-09 3.47836297e-09 -3.59521519e-08 2.48303070e-09 -7.80621292e-09 1.52737767e-07 1.47414585e-07 9.79905659e-01 1.90477614e-03 8.94932907e-03 -5.66543503e-02 5.14010577e-03 -1.90836373e-02 9.34105413e-01 9.20161882e-01
4.8300 1.83179952e-07 2.58320601e-09 2.89463962e-09 -3.59773724e-08 3.25286632e-09 -7.26766731e-09 1.52680425e-07 1.48665624e-07 9.81034111e-01 2.19073638e-03 7.44944898e-03 -5.66969344e-02 6.73714894e-03 -1.77634081e-02 9.33977362e-01 9.22951103e-01
4.8400 1.83366981e-07 1.77156830e-09 2.19239627e-09 -3.62819050e-08 3.68913644e-09 -6.59956794e-09 1.51049041e-07 1.48138609e-07 9.82037393e-01 1.50638001e-03 5.64342257e-03 -5.71819507e-02 7.64231338e-03 -1.61268818e-02 9.32005245e-01 9.23520676e-01
4.8500 1.83528746e-07 -9.85480071e-11 1.55392491e-09 -3.68164218e-08 3.79879243e-09 -5.88222812e-09 1.48167701e-07 1.46084266e-07 9.82906291e-01 -6.90579467e-05 4.00013054e-03 -5.80305561e-02 7.86964180e-03 -1.43708342e-02 9.28806807e-01 9.22305615e-01
4.8600 1.83670305e-07 -2.61230851e-09 1.16248755e-09 -3.74440567e-08 3.63220969e-09 -5.22320217e-09 1.44776427e-07 1.43185435e-07 9.83667091e-01 -2.18650070e-03 2.99141835e-03 -5.90256654e-02 7.52340643e-03 -1.27586407e-02 9.25446343e-01 9.20211109e-01
4.8700 1.83802382e-07 -5.14233017e-09 1.16226393e-09 -3.79732720e-08 3.26804255e-09 -4.74134121e-09 1.41849044e-07 1.40375745e-07 9.84376184e-01 -4.31802127e-03 2.98895030e-03 -5.98640948e-02 6.76674783e-03 -1.15811673e-02 9.23183018e-01 9.18368599e-01
4.8800 1.83939170e-07 -7.03291793e-09 1.62492853e-09 -3.82107349e-08 2.79886942e-09 -4.54466362e-09 1.40320445e-07 1.38574651e-07 9.85108586e-01 -5.91179821e-03 4.17799303e-03 -6.02402240e-02 5.79189000e-03 -1.11025508e-02 9.23134557e-01 9.17823896e-01
4.8900 1.84095433e-07 -7.79984019e-09 2.53198008e-09 -3.80181775e-08 2.31908676e-09 -4.70519412e-09 1.40809395e-07 1.38423288e-07 9.85942756e-01 -6.56014371e-03 6.51166779e-03 -5.99358283e-02 4.79496930e-03 -1.14986197e-02 9.25958452e-01 9.19254802e-01
4.9000 1.84283507e-07 -7.27847868e-09 3.77843048e-09 -3.73552673e-08 1.91435162e-09 -5.23594772e-09 1.43428191e-07 1.40106595e-07 9.86944751e-01 -6.12414023e-03 9.72018644e-03 -5.88876911e-02 3.95404900e-03 -1.28006444e-02 9.31653107e-01 9.22806511e-01
4.9100 1.84510801e-07 -5.67065621e-09 5.19783360e-09 -3.62946584e-08 1.65112664e-09 -6.07651798e-09 1.47743320e-07 1.43317929e-07 9.88154945e-01 -4.77310281e-03 1.33751044e-02 -5.72111963e-02 3.40734690e-03 -1.48602138e-02 9.39545750e-01 9.28092883e-01
4.9200 1.84778350e-07 -3.47571117e-09 6.60247532e-09 -3.50042792e-08 1.56588123e-09 -7.09334858e-09 1.52900835e-07 1.47373368e-07 9.89580127e-01 -2.92672238e-03 1.69927458e-02 -5.51721463e-02 3.23077032e-03 -1.73500758e-02 9.48474004e-01 9.34354698e-01
4.9300 1.85080730e-07 -1.33150425e-09 7.82781519e-09 -3.37024855e-08 1.65563307e-09 -8.09820137e-09 1.57874556e-07 1.51431988e-07 9.91192774e-01 -1.12146036e-03 2.01487328e-02 -5.31157644e-02 3.41826092e-03 -1.98094834e-02 9.57104282e-01 9.40713059e-01
4.9400 1.85407369e-07 1.78685059e-10 8.76864252e-09 -3.26003273e-08 1.87349704e-09 -8.88382054e-09 1.61754369e-07 1.54744046e-07 9.92937666e-01 1.51789267e-04 2.25713125e-02 -5.13754274e-02 3.87255399e-03 -2.17315385e-02 9.64285340e-01 9.46426355e-01
4.9500 1.85744923e-07 6.87864792e-10 9.39665078e-09 -3.18488928e-08 2.13339513e-09 -9.27042891e-09 1.63980546e-07 1.56843512e-07 9.94744251e-01 5.83718873e-04 2.41869026e-02 -5.01895230e-02 4.41495896e-03 -2.26769245e-02 9.69325350e-01 9.51063384e-01
4.9600 1.86080121e-07 1.24292311e-10 9.75473819e-09 -3.15073278e-08 2.32631720e-09 -9.15216969e-09 1.64451824e-07 1.57625971e-07 9.96541615e-01 1.13141622e-04 2.51056833e-02 -4.96510478e-02 4.81910915e-03 -2.23873837e-02 9.72109393e-01 9.54541118e-01
4.9700 1.86402321e-07 -1.31170932e-09 9.93062423e-09 -3.15396395e-08 2.34678074e-09 -8.53066857e-09 1.63481597e-07 1.57297709e-07 9.98272139e-01 -1.09229315e-03 2.55538184e-02 -4.97027157e-02 4.86587190e-03 -2.08675980e-02 9.73030948e-01 9.57029222e-01
4.9800 1.86705123e-07 -3.25517981e-09 1.00189730e-08 -3.18385366e-08 2.12371409e-09 -7.52466513e-09 1.61630380e-07 1.56229429e-07 9.99900268e-01 -2.72620292e-03 2.57759134e-02 -5.01747627e-02 4.40743967e-03 -1.84085013e-02 9.72775215e-01 9.58774154e-01
4.9900 1.86986629e-07 -5.32170463e-09 1.00849031e-08 -3.22658189e-08 1.64673543e-09 -6.35015325e-09 1.59484009e-07 1.54780591e-07 1.00141426e+00 -4.46537059e-03 2.59408697e-02 -5.08488420e-02 3.42187997e-03 -1.55385029e-02 9.72040916e-01 9.59924293e-01
5.0000 1.87248393e-07 -7.23427566e-09 1.01412140e-08 -3.26942063e-08 9.78375222e-10 -5.27339568e-09 1.57461125e-07 1.53166105e-07 1.00282092e+00 -6.07635054e-03 2.60829273e-02 -5.15241155e-02 2.03853977e-03 -1.29084762e-02 9.71303381e-01 9.60433445e-01
5.0100 1.87493480e-07 -8.88783393e-09 1.01469651e-08 -3.30363938e-08 2.45905260e-10 -4.54727248e-09 1.55716218e-07 1.51414851e-07 1.00413560e+00 -7.46982541e-03 2.60976425e-02 -5.20630952e-02 5.21155168e-04 -1.11361362e-02 9.70700319e-01 9.60085338e-01
5.0200 1.87724377e-07 -1.03354825e-08 1.00277128e-08 -3.32529432e-08 -3.87552997e-10 -4.34712299e-09 1.54163664e-07 1.49428988e-07 1.00537119e+00 -8.68924257e-03 2.57936946e-02 -5.24040052e-02 -7.92024502e-04 -1.06493224e-02 9.70071640e-01 9.58630293e-01
5.0300 1.87941496e-07 -1.17125378e-08 9.71021971e-09 -3.33390385e-08 -7.65955384e-10 -4.72354214e-09 1.52600139e-07 1.47110642e-07 1.00653023e+00 -9.84727185e-03 2.49821009e-02 -5.25397420e-02 -1.57724851e-03 -1.15708397e-02 9.69125315e-01 9.55977227e-01
5.0400 1.88142830e-07 -1.31380956e-08 9.15934161e-09 -3.32979844e-08 -7.85104323e-10 -5.58576942e-09 1.50866091e-07 1.44495218e-07 1.00760283e+00 -1.10433574e-02 2.35712399e-02 -5.24759172e-02 -1.61813697e-03 -1.36781268e-02 9.67654794e-01 9.52358531e-01
5.0500 1.88324845e-07 -1.46396801e-08 8.40386147e-09 -3.31138268e-08 -4.25257018e-10 -6.72125042e-09 1.48975200e-07 1.41828692e-07 1.00857128e+00 -1.23005866e-02 2.16336070e-02 -5.21875581e-02 -8.73373296e-04 -1.64513068e-02 9.65716744e-01 9.48392064e-01
5.0600 1.88484267e-07 -1.61332761e-08 7.54162329e-09 -3.27351672e-08 2.39541765e-10 -7.84694222e-09 1.47157447e-07 1.39550046e-07 1.00941926e+00 -1.35489595e-02 1.94194068e-02 -5.15935414e-02 5.03845318e-04 -1.91987180e-02 9.63696170e-01 9.45001298e-01
5.0700 1.88620022e-07 -1.74648361e-08 6.72122006e-09 -3.20774895e-08 1.05958964e-09 -8.67896813e-09 1.45798917e-07 1.38179538e-07 1.01014202e+00 -1.46601580e-02 1.73098140e-02 -5.05603093e-02 2.20330841e-03 -2.12271431e-02 9.62231366e-01 9.43207531e-01
5.0800 1.88734545e-07 -1.84915408e-08 6.10536219e-09 -3.10440717e-08 1.85052829e-09 -9.00204698e-09 1.45304294e-07 1.38152776e-07 1.01075314e+00 -1.55155795e-02 1.57229959e-02 -4.89349573e-02 3.84275319e-03 -2.20113396e-02 9.62025597e-01 9.43857010e-01
5.0900 1.88833822e-07 -1.91633790e-08 5.82721500e-09 -2.95585477e-08 2.44498209e-09 -8.72032004e-09 1.45939110e-07 1.39663772e-07 1.01128480e+00 -1.60745614e-02 1.50018733e-02 -4.65967169e-02 5.07493896e-03 -2.13180082e-02 9.63615398e-01 9.47372329e-01
5.1000 1.88926057e-07 -1.95653116e-08 5.95336802e-09 -2.75979193e-08 2.73881218e-09 -7.87669374e-09 1.47716194e-07 1.42578313e-07 1.01178069e+00 -1.64094887e-02 1.53187527e-02 -4.35091179e-02 5.68361920e-03 -1.92527954e-02 9.67180834e-01 9.53611658e-01
5.1100 1.89019342e-07 -1.98973732e-08 6.46492816e-09 -2.52146356e-08 2.71748419e-09 -6.63687770e-09 1.50372261e-07 1.46452868e-07 1.01228361e+00 -1.66888431e-02 1.66264283e-02 -3.97548449e-02 5.63832710e-03 -1.62210798e-02 9.72466355e-01 9.61883602e-01
5.1200 1.89119153e-07 -2.03972725e-08 7.26232122e-09 -2.25400748e-08 2.45448083e-09 -5.24411750e-09 1.53444127e-07 1.50654490e-07 1.01282232e+00 -1.71120891e-02 1.86701915e-02 -3.55411881e-02 5.09121038e-03 -1.28172698e-02 9.78839233e-01 9.71113173e-01
5.1300 1.89226651e-07 -2.12358899e-08 8.19181036e-09 -1.97678034e-08 2.08289045e-09 -3.95823969e-09 1.56414768e-07 1.54539419e-07 1.01340244e+00 -1.78219592e-02 2.10557148e-02 -3.11735412e-02 4.31821932e-03 -9.67590984e-03 9.85462655e-01 9.80104964e-01
5.1400 1.89338513e-07 -2.24295712e-08 9.08507735e-09 -1.71211072e-08 1.75010974e-09 -2.99588237e-09 1.58872912e-07 1.57627140e-07 1.01400569e+00 -1.88309976e-02 2.33506281e-02 -2.70040733e-02 3.62521900e-03 -7.32580310e-03 9.91521243e-01 9.87820659e-01
5.1500 1.89448525e-07 -2.38083571e-08 9.79964703e-09 -1.48134296e-08 1.57096302e-09 -2.48698286e-09 1.60626385e-07 1.59710365e-07 1.01459837e+00 -1.99951798e-02 2.51884057e-02 -2.33692386e-02 3.25073686e-03 -6.08391261e-03 9.96422357e-01 9.93589181e-01
5.1600 1.89550503e-07 -2.50578589e-08 1.02485074e-08 -1.30113838e-08 1.59461489e-09 -2.45665723e-09 1.61729768e-07 1.60867726e-07 1.01514706e+00 -2.10493999e-02 2.63446169e-02 -2.05314095e-02 3.29723859e-03 -6.01127814e-03 9.99910864e-01 9.97196824e-01
5.1700 1.89641580e-07 -2.58228760e-08 1.04115619e-08 -1.18080525e-08 1.79546798e-09 -2.83368421e-09 1.62422214e-07 1.61383997e-07 1.01563612e+00 -2.16947391e-02 2.67665726e-02 -1.86368156e-02 3.71209824e-03 -6.93384114e-03 1.00207113e+00 9.98849392e-01
5.1800 1.89724624e-07 -2.58350542e-08 1.03278686e-08 -1.12105111e-08 2.08967981e-09 -3.47949453e-09 1.63006927e-07 1.61617112e-07 1.01608071e+00 -2.17057862e-02 2.65536276e-02 -1.76959912e-02 4.32170035e-03 -8.51324118e-03 1.00323256e+00 9.99041018e-01
5.1900 1.89808770e-07 -2.50155479e-08 1.00736969e-08 -1.11415439e-08 2.37006793e-09 -4.22702387e-09 1.63725375e-07 1.61868419e-07 1.01652966e+00 -2.10168007e-02 2.59010081e-02 -1.75866484e-02 4.90373001e-03 -1.03415971e-02 1.00382722e+00 9.98389350e-01
5.2000 1.89907600e-07 -2.35117207e-08 9.73521330e-09 -1.14527503e-08 2.54612594e-09 -4.91805519e-09 1.64678343e-07 1.62306413e-07 1.01705575e+00 -1.97523416e-02 2.50297711e-02 -1.80745122e-02 5.27015191e-03 -1.20325415e-02 1.00425867e+00 9.97496278e-01
5.2100 1.90035286e-07 -2.16515986e-08 9.38501593e-09 -1.19452691e-08 2.57471075e-09 -5.43043376e-09 1.65823434e-07 1.62967711e-07 1.01773509e+00 -1.81887503e-02 2.41265636e-02 -1.88461189e-02 5.33094068e-03 -1.32875382e-02 1.00482679e+00 9.96870191e-01
5.2200 1.90201745e-07 -1.98315198e-08 9.06895731e-09 -1.23948812e-08 2.47095963e-09 -5.69134601e-09 1.67044301e-07 1.63823915e-07 1.01862120e+00 -1.66595446e-02 2.33097272e-02 -1.95484355e-02 5.11688365e-03 -1.39282539e-02 1.00572295e+00 9.96911577e-01
5.2300 1.90408313e-07 -1.83787090e-08 8.80506194e-09 -1.25793271e-08 2.29657464e-09 -5.67777172e-09 1.68255339e-07 1.64874142e-07 1.01972174e+00 -1.54398469e-02 2.26264011e-02 -1.98318745e-02 4.75546911e-03 -1.38977341e-02 1.00707642e+00 9.97934156e-01
5.2400 1.90645389e-07 -1.74408207e-08 8.59175101e-09 -1.23062732e-08 2.13094448e-09 -5.40854787e-09 1.69490046e-07 1.66212443e-07 1.02098585e+00 -1.46535973e-02 2.20734877e-02 -1.93942464e-02 4.41114476e-03 -1.32412180e-02 1.00901149e+00 1.00018142e+00
5.2500 1.90893008e-07 -1.69445555e-08 8.41974272e-09 -1.14399039e-08 2.03663593e-09 -4.93335317e-09 1.70928292e-07 1.68031575e-07 1.02230709e+00 -1.42389055e-02 2.16280385e-02 -1.80224940e-02 4.21381276e-03 -1.20794996e-02 1.01167372e+00 1.00380804e+00
5.2600 1.91124452e-07 -1.66389458e-08 8.28178881e-09 -9.92282595e-09 2.03245772e-09 -4.32252484e-09 1.72844469e-07 1.70554402e-07 1.02354269e+00 -1.39845883e-02 2.12720928e-02 -1.56270262e-02 4.20292135e-03 -1.05842979e-02 1.01520316e+00 1.00882179e+00
5.2700 1.91312087e-07 -1.62061093e-08 8.17661224e-09 -7.78874758e-09 2.08410983e-09 -3.65900976e-09 1.75493842e-07 1.73918942e-07 1.02454481e+00 -1.36233696e-02 2.10026630e-02 -1.22615425e-02 4.30793218e-03 -8.95872276e-03 1.01966256e+00 1.01501177e+00
5.2800 1.91433908e-07 -1.53960260e-08 8.10684655e-09 -5.16137716e-09 2.11568542e-09 -3.03134318e-09 1.78983351e-07 1.78067693e-07 1.02519560e+00 -1.29451811e-02 2.08263833e-02 -8.12119881e-03 4.37198537e-03 -7.42007353e-03 1.02495560e+00 1.02190751e+00
5.2900 1.91479012e-07 -1.41325484e-08 8.07384138e-09 -2.23694500e-09 2.03754941e-09 -2.52549242e-09 1.83183360e-07 1.82695417e-07 1.02543658e+00 -1.18861870e-02 2.07461984e-02 -3.51503573e-03 4.20954036e-03 -6.17968209e-03 1.03078156e+00 1.02881141e+00
5.3000 1.91450471e-07 -1.25491621e-08 8.07354476e-09 7.48408120e-10 1.78021477e-09 -2.21412713e-09 1.87723262e-07 1.87289350e-07 1.02528413e+00 -1.05586980e-02 2.07509098e-02 1.18536983e-03 3.67652652e-03 -5.41634571e-03 1.03666172e+00 1.03492190e+00
5.3100 1.91364810e-07 -1.09406071e-08 8.09676857e-09 3.56048241e-09 1.32185873e-09 -2.14394141e-09 1.92081453e-07 1.91259371e-07 1.02482674e+00 -9.21035800e-03 2.08160503e-02 5.61175813e-03 2.72740808e-03 -5.24498060e-03 1.04204419e+00 1.03952662e+00
5.3200 1.91248207e-07 -9.64956621e-09 8.13447624e-09 6.00849001e-09 6.99652740e-10 -2.32396887e-09 1.95741607e-07 1.94117291e-07 1.02420470e+00 -8.12881637e-03 2.09176832e-02 9.46440345e-03 1.43878435e-03 -5.68779899e-03 1.04645797e+00 1.04220896e+00
5.3300 1.91130473e-07 -8.93323927e-09 8.18559316e-09 7.97542054e-09 1.05809101e-12 -2.71916544e-09 1.98358248e-07 1.95640140e-07 1.02357775e+00 -7.52959894e-03 2.10526509e-02 1.25598170e-02 -8.49085866e-06 -6.65854602e-03 1.04966062e+00 1.04299358e+00
5.3400 1.91038378e-07 -8.86264316e-09 8.26276497e-09 9.42901778e-09 -6.61612451e-10 -3.25304773e-09 1.99867518e-07 1.95952858e-07 1.02308927e+00 -7.47160355e-03 2.12534629e-02 1.48479042e-02 -1.38188355e-03 -7.96908593e-03 1.05171904e+00 1.04236807e+00
5.3500 1.90990048e-07 -9.29470313e-09 8.39158839e-09 1.04106916e-08 -1.18435559e-09 -3.82080759e-09 2.00497625e-07 1.95492462e-07 1.02283616e+00 -7.83386150e-03 2.15862939e-02 1.63943794e-02 -2.46581934e-03 -9.36177583e-03 1.05298297e+00 1.04115538e+00
5.3600 1.90991753e-07 -9.92856178e-09 8.60129617e-09 1.10067701e-08 -1.50105832e-09 -4.31085586e-09 2.00671258e-07 1.94859344e-07 1.02285153e+00 -8.36310417e-03 2.21269050e-02 1.73353962e-02 -3.12299094e-03 -1.05625313e-02 1.05395072e+00 1.04026520e+00
5.3700 1.91037703e-07 -1.04242251e-08 8.90881480e-09 1.13125558e-08 -1.59998225e-09 -4.62949904e-09 2.00834849e-07 1.94605368e-07 1.02310360e+00 -8.77366650e-03 2.29194548e-02 1.78208935e-02 -3.32860903e-03 -1.13415187e-02 1.05507028e+00 1.04040015e+00
5.3800 1.91112640e-07 -1.05367573e-08 9.30190236e-09 1.14023159e-08 -1.52265328e-09 -4.72176198e-09 2.01280101e-07 1.95035685e-07 1.02350975e+00 -8.86033761e-03 2.39329294e-02 1.79673507e-02 -3.16824521e-03 -1.15642839e-02 1.05654970e+00 1.04181717e+00
5.3900 1.91196328e-07 -1.02125680e-08 9.72897717e-09 1.13162928e-08 -1.34693643e-09 -4.58204487e-09 2.02029030e-07 1.96100049e-07 1.02396071e+00 -8.57919853e-03 2.50348223e-02 1.78374185e-02 -2.80290977e-03 -1.12178238e-02 1.05825376e+00 1.04423302e+00
5.4000 1.91268669e-07 -9.60865180e-09 1.01021424e-08 1.10694583e-08 -1.16128986e-09 -4.25127018e-09 2.02831618e-07 1.97419058e-07 1.02434817e+00 -8.06356679e-03 2.59988432e-02 1.74538490e-02 -2.41581156e-03 -1.04034184e-02 1.05973730e+00 1.04691807e+00
5.4100 1.91314158e-07 -9.02550796e-09 1.03158132e-08 1.06781168e-08 -1.03953682e-09 -3.80146938e-09 2.03282580e-07 1.98441574e-07 1.02458886e+00 -7.56731135e-03 2.65528664e-02 1.68415645e-02 -2.16011987e-03 -9.29860784e-03 1.06041598e+00 1.04895726e+00
5.4200 1.91324744e-07 -8.77835038e-09 1.02775107e-08 1.01927213e-08 -1.02431790e-09 -3.31286580e-09 2.03016625e-07 1.98679442e-07 1.02463996e+00 -7.35630621e-03 2.64582761e-02 1.60794974e-02 -2.12463344e-03 -8.10077414e-03 1.05982142e+00 1.04959602e+00
5.4300 1.91300675e-07 -9.05597022e-09 9.94190358e-09 9.72144565e-09 -1.12337099e-09 -2.85093102e-09 2.01908054e-07 1.97933752e-07 1.02450358e+00 -7.58959291e-03 2.55977285e-02 1.53378198e-02 -2.32596563e-03 -6.97072264e-03 1.05784954e+00 1.04855285e+00
5.4400 1.91249451e-07 -9.82254658e-09 9.33625148e-09 9.43098963e-09 -1.31762386e-09 -2.45072151e-09 2.00194146e-07 1.96425800e-07 1.02422102e+00 -8.23678542e-03 2.40408046e-02 1.48792329e-02 -2.72517482e-03 -5.99421422e-03 1.05490427e+00 1.04618488e+00
5.4500 1.91183395e-07 -1.08023732e-08 8.56649219e-09 9.51856174e-09 -1.57579173e-09 -2.11307750e-09 1.98466076e-07 1.94777207e-07 1.02385949e+00 -9.06532602e-03 2.20598240e-02 1.50147758e-02 -3.25788101e-03 -5.17269167e-03 1.05186876e+00 1.04343819e+00
5.4600 1.91116583e-07 -1.15566092e-08 7.79841106e-09 1.01596959e-08 -1.86831993e-09 -1.81297482e-09 1.97518081e-07 1.93836786e-07 1.02349540e+00 -9.70521827e-03 2.00814657e-02 1.60215049e-02 -3.86306519e-03 -4.44389420e-03 1.04989315e+00 1.04158619e+00
5.4700 1.91061815e-07 -1.16264848e-08 7.21621414e-09 1.14468032e-08 -2.17465478e-09 -1.51603314e-09 1.98098348e-07 1.94407660e-07 1.02319793e+00 -9.76968076e-03 1.85801527e-02 1.80455536e-02 -4.49810342e-03 -3.72252353e-03 1.05005396e+00 1.04183333e+00
5.4800 1.91028187e-07 -1.06920797e-08 6.96886449e-09 1.33393014e-08 -2.48134442e-09 -1.19647050e-09 2.00644273e-07 1.96966458e-07 1.02301594e+00 -8.98887499e-03 1.79398598e-02 2.10234463e-02 -5.13486040e-03 -2.94446399e-03 1.05299037e+00 1.04491104e+00
5.4900 1.91019566e-07 -8.68945144e-09 7.11992273e-09 1.56452197e-08 -2.77285782e-09 -8.49629229e-10 2.05095257e-07 2.01472770e-07 1.02296980e+00 -7.30853917e-03 1.83248819e-02 2.46530506e-02 -5.74074124e-03 -2.09765854e-03 1.05863920e+00 1.05080080e+00
5.5000 1.91034104e-07 -5.84388792e-09 7.61725531e-09 1.80460518e-08 -3.02047810e-09 -4.94596237e-10 2.10853524e-07 2.07338449e-07 1.02304902e+00 -4.91799276e-03 1.96017132e-02 2.84327231e-02 -6.25577729e-03 -1.22863334e-03 1.06616546e+00 1.05868105e+00
5.5100 1.91064740e-07 -2.60765614e-09 8.29422588e-09 2.01635214e-08 -3.17580223e-09 -1.66450087e-10 2.16914831e-07 2.13572579e-07 1.02321506e+00 -2.19773461e-03 2.13419746e-02 3.17665456e-02 -6.57925603e-03 -4.23508807e-04 1.07412585e+00 1.06712308e+00
5.5200 1.91100569e-07 4.74770548e-10 8.90505088e-09 2.16529652e-08 -3.17380647e-09 9.82661675e-11 2.22133356e-07 2.19057815e-07 1.02340898e+00 3.94015421e-04 2.29133246e-02 3.41115230e-02 -6.57615119e-03 2.27677354e-04 1.08082785e+00 1.07447937e+00
5.5300 1.91128864e-07 2.92540469e-09 9.18654376e-09 2.22978678e-08 -2.94672367e-09 2.76682793e-10 2.25538681e-07 2.22868640e-07 1.02356235e+00 2.45492015e-03 2.36383604e-02 3.51265888e-02 -6.10592261e-03 6.68207683e-04 1.08478221e+00 1.07934450e+00
5.5400 1.91137450e-07 4.45956170e-09 8.92980673e-09 2.20773576e-08 -2.44554002e-09 3.69097287e-10 2.26604176e-07 2.24527733e-07 1.02360995e+00 3.74531042e-03 2.29791900e-02 3.47789743e-02 -5.06706656e-03 8.98120548e-04 1.08511343e+00 1.08094448e+00
5.5500 1.91117036e-07 5.03859937e-09 8.04142712e-09 2.11845333e-08 -1.66243077e-09 3.98960333e-10 2.25381596e-07 2.24118126e-07 1.02350229e+00 4.23262436e-03 2.06950405e-02 3.33730568e-02 -3.44357702e-03 9.74335401e-04 1.08180301e+00 1.07933377e+00
5.5600 1.91063076e-07 4.83521802e-09 6.57586765e-09 1.99868355e-08 -6.46233734e-10 4.03405346e-10 2.22460997e-07 2.22218169e-07 1.02321529e+00 4.06224149e-03 1.69257372e-02 3.14878550e-02 -1.33695307e-03 9.87558248e-04 1.07569112e+00 1.07534172e+00
5.5700 1.90976685e-07 4.13085024e-09 4.72854464e-09 1.89364113e-08 4.95407046e-10 4.18260945e-10 2.18772491e-07 2.19686159e-07 1.02275509e+00 3.47113107e-03 1.21739797e-02 2.98357199e-02 1.02943093e-03 1.02559563e-03 1.06823592e+00 1.07029094e+00
5.5800 1.90864341e-07 3.18909109e-09 2.79029019e-09 1.84534275e-08 1.60979728e-09 4.63797531e-10 2.15297150e-07 2.17370745e-07 1.02215632e+00 2.68129256e-03 7.18817809e-03 2.90784229e-02 3.33890461e-03 1.13838680e-03 1.06110422e+00 1.06558151e+00
5.5900 1.90736310e-07 2.15602010e-09 1.07510642e-09 1.88139097e-08 2.52662288e-09 5.37255138e-10 2.12781346e-07 2.15845224e-07 1.02147366e+00 1.81578543e-03 2.77648972e-03 2.96504305e-02 5.23840559e-03 1.31958273e-03 1.05571636e+00 1.06227435e+00
5.6000 1.90604087e-07 1.02544359e-09 -1.59077983e-10 2.00732036e-08 3.09261378e-09 6.15521631e-10 2.11543656e-07 2.15251792e-07 1.02076819e+00 8.69371312e-04 -3.97203948e-04 3.16383679e-02 6.41034736e-03 1.51295584e-03 1.05287872e+00 1.06080203e+00
5.6100 1.90477478e-07 -3.20091931e-10 -7.74912122e-10 2.20466225e-08 3.20469991e-09 6.67198974e-10 2.11429097e-07 2.15300996e-07 1.02009194e+00 -2.57065853e-04 -1.97940482e-03 3.47506453e-02 6.64132745e-03 1.64181328e-03 1.05260612e+00 1.06088926e+00
5.6200 1.90362087e-07 -2.01244125e-09 -7.87972992e-10 2.43530994e-08 2.83320046e-09 6.69328079e-10 2.11914772e-07 2.15417301e-07 1.01947462e+00 -1.67504985e-03 -2.01033335e-03 3.83863779e-02 5.87014295e-03 1.64986819e-03 1.05417562e+00 1.06169563e+00
5.6300 1.90257976e-07 -4.08751287e-09 -3.58836496e-10 2.65103316e-08 2.02927075e-09 6.21834324e-10 2.12321959e-07 2.14973064e-07 1.01891655e+00 -3.41560551e-03 -9.03548195e-04 4.17854218e-02 4.20314992e-03 1.53660350e-03 1.05638282e+00 1.06212258e+00
5.6400 1.90159953e-07 -6.40932260e-09 2.51860997e-10 2.80560245e-08 9.15006534e-10 5.53254725e-10 2.12058516e-07 2.13526777e-07 1.01839023e+00 -5.36520854e-03 6.69750459e-04 4.42194704e-02 1.89366596e-03 1.37136622e-03 1.05791425e+00 1.06117928e+00
5.6500 1.90059466e-07 -8.66303192e-09 7.52022857e-10 2.86632510e-08 -3.41013072e-10 5.14431111e-10 2.10811708e-07 2.10985126e-07 1.01785043e+00 -7.25971798e-03 1.95737462e-03 4.51737988e-02 -7.08797835e-04 1.27805723e-03 1.05772188e+00 1.05829114e+00
5.6600 1.89947594e-07 -1.04247034e-08 8.91147406e-10 2.82202558e-08 -1.55660471e-09 5.61488828e-10 2.08634293e-07 2.07639177e-07 1.01725000e+00 -8.74285168e-03 2.31430019e-03 4.44729055e-02 -3.22672732e-03 1.39361430e-03 1.05529435e+00 1.05346124e+00
5.6700 1.89818195e-07 -1.12855174e-08 5.18501551e-10 2.68552300e-08 -2.56961114e-09 7.33824074e-10 2.05906409e-07 2.04070622e-07 1.01655657e+00 -9.47054441e-03 1.35250957e-03 4.23193956e-02 -5.32430242e-03 1.81425832e-03 1.05075794e+00 1.04724789e+00
5.6800 1.89670200e-07 -1.09865432e-08 -3.87606622e-10 2.49014939e-08 -3.26510156e-09 1.03527009e-09 2.03197544e-07 2.00967713e-07 1.01576466e+00 -9.22430320e-03 -9.83597829e-04 3.92389643e-02 -6.76371204e-03 2.54946612e-03 1.04479573e+00 1.04058148e+00
5.6900 1.89508212e-07 -9.51501163e-09 -1.72460543e-09 2.28138866e-08 -3.59108789e-09 1.42605844e-09 2.01082481e-07 1.98917452e-07 1.01489879e+00 -7.99231660e-03 -4.42950855e-03 3.59485394e-02 -7.43762384e-03 3.50229004e-03 1.03842550e+00 1.03449017e+00
5.7000 1.89341127e-07 -7.12622482e-09 -3.30004302e-09 2.10588895e-08 -3.56071431e-09 1.82969226e-09 1.99973749e-07 1.98242727e-07 1.01400615e+00 -5.98812592e-03 -8.48917999e-03 3.31831150e-02 -7.37360285e-03 4.48609832e-03 1.03271196e+00 1.02982446e+00
5.7100 1.89179126e-07 -4.28164908e-09 -4.88365497e-09 2.00063355e-08 -3.24192908e-09 2.15357866e-09 2.00020157e-07 1.98931807e-07 1.01314066e+00 -3.59884901e-03 -1.25692052e-02 3.15251661e-02 -6.71260663e-03 5.27493252e-03 1.02849777e+00 1.02706010e+00
5.7200 1.89029964e-07 -1.52341412e-09 -6.26181020e-09 1.98486142e-08 -2.73805368e-09 2.31711535e-09 2.01093354e-07 2.00672415e-07 1.01234327e+00 -1.27988521e-03 -1.61191252e-02 3.12774538e-02 -5.66866877e-03 5.67208659e-03 1.02622171e+00 1.02622513e+00
5.7300 1.88895816e-07 6.72622020e-10 -7.28031706e-09 2.05651673e-08 -2.16403747e-09 2.27781711e-09 2.02853288e-07 2.02967068e-07 1.01162528e+00 5.68514646e-04 -1.87417583e-02 3.24072177e-02 -4.47971426e-03 5.57390825e-03 1.02585926e+00 1.02695345e+00
5.7400 1.88771812e-07 2.01675144e-09 -7.86664887e-09 2.19382748e-08 -1.62345087e-09 2.04624010e-09 2.04860189e-07 2.05282978e-07 1.01096067e+00 1.70207744e-03 -2.02504909e-02 3.45711702e-02 -3.35997655e-03 5.00624278e-03 1.02698343e+00 1.02862969e+00
5.7500 1.88646931e-07 2.46090534e-09 -8.02958070e-09 2.36137851e-08 -1.19058248e-09 1.68399739e-09 2.06692041e-07 2.07185456e-07 1.01029082e+00 2.07934132e-03 -2.06683315e-02 3.72112495e-02 -2.46303633e-03 4.11957751e-03 1.02891308e+00 1.03056962e+00
5.7600 1.88507158e-07 2.17642082e-09 -7.84072817e-09 2.51904226e-08 -9.00635229e-10 1.28490769e-09 2.08033274e-07 2.08417546e-07 1.00954138e+00 1.84323713e-03 -2.01802867e-02 3.96953333e-02 -1.86164512e-03 3.14299082e-03 1.03089966e+00 1.03218101e+00
5.7700 1.88340049e-07 1.46835205e-09 -7.40665362e-09 2.63156670e-08 -7.49258277e-10 9.45284822e-10 2.08717414e-07 2.08913441e-07 1.00864648e+00 1.24933778e-03 -1.90613881e-02 4.14682465e-02 -1.54684827e-03 2.31158742e-03 1.03230268e+00 1.03306742e+00
5.7800 1.88139310e-07 6.61552878e-10 -6.84111395e-09 2.67658013e-08 -7.00781216e-10 7.33418809e-10 2.08725550e-07 2.08758188e-07 1.00757307e+00 5.70312019e-04 -1.76050605e-02 4.21777907e-02 -1.44505890e-03 1.79197719e-03 1.03271611e+00 1.03306303e+00
5.7900 1.87907896e-07 7.15466027e-13 -6.24486681e-09 2.64922766e-08 -7.02802551e-10 6.68904134e-10 2.08156021e-07 2.08122123e-07 1.00633723e+00 1.19858997e-05 -1.60709785e-02 4.17477057e-02 -1.44820644e-03 1.63182864e-03 1.03202594e+00 1.03220956e+00
5.8000 1.87658493e-07 -4.02337947e-10 -5.69637914e-09 2.56248005e-08 -7.03495321e-10 7.19309266e-10 2.07184577e-07 2.07200391e-07 1.00500677e+00 -3.31020590e-04 -1.46610622e-02 4.03824761e-02 -1.44944288e-03 1.75179699e-03 1.03039716e+00 1.03069951e+00
5.8100 1.87411035e-07 -5.61378716e-10 -5.25240608e-09 2.44316467e-08 -6.67392832e-10 8.15760825e-10 2.06028897e-07 2.06177265e-07 1.00368784e+00 -4.69360222e-04 -1.35209847e-02 3.85047840e-02 -1.37567332e-03 1.98365558e-03 1.02820228e+00 1.02881026e+00
5.8200 1.87187797e-07 -5.59660946e-10 -4.95422976e-09 2.32474886e-08 -5.85706603e-10 8.82348676e-10 2.04921395e-07 2.05218037e-07 1.00249888e+00 -4.72046407e-04 -1.27563476e-02 3.66418336e-02 -1.20878814e-03 2.14216849e-03 1.02591231e+00 1.02684570e+00
5.8300 1.87007419e-07 -4.74095861e-10 -4.83426327e-09 2.23865183e-08 -4.78456233e-10 8.69173672e-10 2.04085578e-07 2.04476295e-07 1.00153873e+00 -4.02966530e-04 -1.24498636e-02 3.52885118e-02 -9.90011421e-04 2.10582289e-03 1.02397442e+00 1.02509023e+00
5.8400 1.86879605e-07 -3.14335800e-10 -4.91880614e-09 2.20620920e-08 -3.87680864e-10 7.77185880e-10 2.03708555e-07 2.04098060e-07 1.00085856e+00 -2.69855620e-04 -1.26686482e-02 3.47808283e-02 -8.05878833e-04 1.87745898e-03 1.02270088e+00 1.02377246e+00
5.8500 1.86802099e-07 -2.94371418e-12 -5.22529653e-09 2.23327384e-08 -3.63334796e-10 6.65374793e-10 2.03906597e-07 2.04208637e-07 1.00044574e+00 -7.68770067e-06 -1.34573044e-02 3.52108647e-02 -7.59158011e-04 1.60174467e-03 1.02219161e+00 1.02303420e+00
5.8600 1.86760933e-07 5.95632778e-10 -5.75531826e-09 2.30881558e-08 -4.45556016e-10 6.36644593e-10 2.04689403e-07 2.04880492e-07 1.00022533e+00 4.97035377e-04 -1.48199931e-02 3.64047000e-02 -9.32313246e-04 1.53055460e-03 1.02230708e+00 1.02290532e+00
5.8700 1.86733958e-07 1.61037618e-09 -6.48676345e-09 2.40790162e-08 -6.48230568e-10 8.05932515e-10 2.05936587e-07 2.06094289e-07 1.00007898e+00 1.35207435e-03 -1.67002257e-02 3.79693366e-02 -1.35365295e-03 1.94497252e-03 1.02270017e+00 1.02329149e+00
5.8800 1.86696722e-07 3.09129023e-09 -7.36918864e-09 2.49831932e-08 -9.48730141e-10 1.26037082e-09 2.07402017e-07 2.07713658e-07 9.99876261e-01 2.59879147e-03 -1.89687801e-02 3.93970176e-02 -1.97620245e-03 3.05788787e-03 1.02290329e+00 1.02398498e+00
5.8900 1.86629020e-07 4.96055240e-09 -8.32540676e-09 2.54912419e-08 -1.28728569e-09 2.02441502e-09 2.08755408e-07 2.09492537e-07 9.99509633e-01 4.17127094e-03 -2.14276136e-02 4.01999053e-02 -2.67643328e-03 4.92877793e-03 1.02245320e+00 1.02470554e+00
5.9000 1.86520246e-07 7.00923773e-09 -9.26019742e-09 2.53883181e-08 -1.57699028e-09 3.04175581e-09 2.09657604e-07 2.11122370e-07 9.98922963e-01 5.89366987e-03 -2.38320954e-02 4.00391888e-02 -3.27489684e-03 7.41955418e-03 1.02102373e+00 1.02516838e+00
5.9100 1.86372016e-07 8.94372511e-09 -1.00745401e-08 2.46100879e-08 -1.72254941e-09 4.18080228e-09 2.09851289e-07 2.12309541e-07 9.98125444e-01 7.51923180e-03 -2.59275089e-02 3.88132481e-02 -3.57489111e-03 1.02080481e-02 1.01853042e+00 1.02516357e+00
5.9200 1.86197324e-07 1.04665584e-08 -1.06818752e-08 2.32568846e-08 -1.64341852e-09 5.26318533e-09 2.09238892e-07 2.12858659e-07 9.97187044e-01 8.79817286e-03 -2.74908638e-02 3.66800457e-02 -3.41018217e-03 1.28577688e-02 1.01517440e+00 1.02462199e+00
5.9300 1.86016530e-07 1.13632964e-08 -1.10222096e-08 2.15618942e-08 -1.29559389e-09 6.10746460e-09 2.07919511e-07 2.12731381e-07 9.96216985e-01 9.55055098e-03 -2.83672629e-02 3.40070687e-02 -2.68996713e-03 1.49248094e-02 1.01140734e+00 1.02364218e+00
5.9400 1.85851359e-07 1.15647087e-08 -1.10705761e-08 1.98224036e-08 -6.86452822e-10 6.57538551e-09 2.06167896e-07 2.12056828e-07 9.95331691e-01 9.71841234e-03 -2.84918180e-02 3.12630223e-02 -1.42952283e-03 1.60709593e-02 1.00782131e+00 1.02246274e+00
5.9500 1.85718693e-07 1.11631121e-08 -1.08381129e-08 1.83142282e-08 1.21362984e-10 6.60717086e-09 2.04357921e-07 2.11086454e-07 9.94621552e-01 9.37943647e-03 -2.78926148e-02 2.88829537e-02 2.41732981e-04 1.61499846e-02 1.00499133e+00 1.02138304e+00
5.9600 1.85625905e-07 1.03787500e-08 -1.03662082e-08 1.72148295e-08 1.01840748e-09 6.23568258e-09 2.02853277e-07 2.10107367e-07 9.94126005e-01 8.71866256e-03 -2.66758144e-02 2.71470119e-02 2.09764976e-03 1.52422351e-02 1.00331586e+00 1.02065575e+00
5.9700 1.85569042e-07 9.49014199e-09 -9.71600595e-09 1.65583754e-08 1.86768928e-09 5.57573095e-09 2.01901554e-07 2.09344974e-07 9.93823787e-01 7.97000209e-03 -2.49987561e-02 2.61095040e-02 3.85506321e-03 1.36284864e-02 1.00290454e+00 1.02038809e+00
5.9800 1.85534261e-07 8.75439120e-09 -8.95652631e-09 1.62364029e-08 2.53069628e-09 4.79224602e-09 2.01568529e-07 2.08891471e-07 9.93640631e-01 7.34935491e-03 -2.30394088e-02 2.55998202e-02 5.22752729e-03 1.17121082e-02 1.00355040e+00 1.02049003e+00
5.9900 1.85502004e-07 8.34520472e-09 -8.15450200e-09 1.60435604e-08 2.89468469e-09 4.05710599e-09 2.01736267e-07 2.08688058e-07 9.93471600e-01 7.00261844e-03 -2.09701444e-02 2.52944404e-02 5.98171827e-03 9.91350542e-03 1.00479851e+00 1.02069374e+00
6.0000 1.85452623e-07 8.32766317e-09 -7.36792373e-09 1.57534877e-08 2.89555072e-09 3.50728849e-09 2.02165850e-07 2.08568689e-07 9.93211172e-01 6.98455176e-03 -1.89409889e-02 2.48365081e-02 5.98477541e-03 8.56779672e-03 1.00609124e+00 1.02064382e+00
6.0100 1.85371797e-07 8.67343655e-09 -6.64371356e-09 1.51999309e-08 2.53163593e-09 3.21591221e-09 2.02601451e-07 2.08348999e-07 9.92782290e-01 7.27157726e-03 -1.70734654e-02 2.39637289e-02 5.23295252e-03 7.85400362e-03 1.00694413e+00 1.02003109e+00
6.0200 1.85254247e-07 9.30445843e-09 -6.01847939e-09 1.43361094e-08 1.86572546e-09 3.18319476e-09 2.02876335e-07 2.07925255e-07 9.92156275e-01 7.79844171e-03 -1.54623794e-02 2.26020523e-02 3.85587687e-03 7.77292283e-03 1.00709439e+00 1.01872319e+00
6.0300 1.85104793e-07 1.01431863e-08 -5.52044777e-09 1.32521419e-08 1.01481658e-09 3.34796164e-09 2.02979674e-07 2.07342452e-07 9.91358572e-01 8.50037098e-03 -1.41806838e-02 2.08932661e-02 2.09549596e-03 8.17523294e-03 1.00657153e+00 1.01684225e+00
6.0400 1.84936625e-07 1.11470961e-08 -5.17066145e-09 1.21440338e-08 1.29506706e-10 3.61419804e-09 2.03057094e-07 2.06800799e-07 9.90459553e-01 9.34196277e-03 -1.32825201e-02 1.91462191e-02 2.63494690e-04 8.82637298e-03 1.00566521e+00 1.01475508e+00
6.0500 1.84767442e-07 1.23137160e-08 -4.98228559e-09 1.12439922e-08 -6.33286453e-10 3.88314336e-09 2.03342865e-07 2.06592722e-07 9.89553913e-01 1.03213391e-02 -1.28014580e-02 1.77270242e-02 -1.31516016e-03 9.48497476e-03 1.00480082e+00 1.01297063e+00
6.0600 1.84614688e-07 1.36563904e-08 -4.95804589e-09 1.07352745e-08 -1.13934449e-09 4.08069488e-09 2.04048307e-07 2.06989657e-07 9.88735169e-01 1.14497414e-02 -1.27439795e-02 1.69248004e-02 -2.36235002e-03 9.96983991e-03 1.00436573e+00 1.01197322e+00
6.0700 1.84491262e-07 1.51641983e-08 -5.08694763e-09 1.06807567e-08 -1.30255572e-09 4.17241592e-09 2.05249270e-07 2.08119130e-07 9.88072674e-01 1.27178561e-02 -1.30811378e-02 1.68389726e-02 -2.69950746e-03 1.01966308e-02 1.00454837e+00 1.01204549e+00
6.0800 1.84402854e-07 1.67665844e-08 -5.34206447e-09 1.09906637e-08 -1.10180040e-09 4.16319224e-09 2.06818037e-07 2.09879429e-07 9.87597255e-01 1.40661404e-02 -1.37429706e-02 1.73282669e-02 -2.28268789e-03 1.01770504e-02 1.00524869e+00 1.01314305e+00
6.0900 1.84347470e-07 1.83214553e-08 -5.68109823e-09 1.14423702e-08 -5.85720767e-10 4.08386708e-09 2.08430197e-07 2.11928344e-07 9.87298610e-01 1.53748872e-02 -1.46200278e-02 1.80418011e-02 -1.21252999e-03 9.98620272e-03 1.00609527e+00 1.01486894e+00
6.1000 1.84317072e-07 1.96356117e-08 -6.05062185e-09 1.17478345e-08 1.36118538e-10 3.97126316e-09 2.09649897e-07 2.13757279e-07 9.87133952e-01 1.64814620e-02 -1.55743541e-02 1.85253228e-02 2.84019050e-04 9.71379425e-03 1.00656638e+00 1.01656420e+00
6.1100 1.84300607e-07 2.05125697e-08 -6.39370395e-09 1.16477816e-08 9.14548574e-10 3.84962869e-09 2.10067255e-07 2.14831432e-07 9.87044195e-01 1.72205381e-02 -1.64591486e-02 1.83697010e-02 1.89787830e-03 9.41881418e-03 1.00617529e+00 1.01749198e+00
6.1200 1.84287409e-07 2.08107945e-08 -6.65939811e-09 1.10018050e-08 1.59075339e-09 3.72035762e-09 2.09440611e-07 2.14751722e-07 9.86972143e-01 1.74730563e-02 -1.71432056e-02 1.73530712e-02 3.29994262e-03 9.10443517e-03 1.00465507e+00 1.01705944e+00
6.1300 1.84269931e-07 2.04900861e-08 -6.81179178e-09 9.84367121e-09 2.02883743e-09 3.56340014e-09 2.07791897e-07 2.13384134e-07 9.86877140e-01 1.72052024e-02 -1.75342053e-02 1.55281765e-02 4.20861028e-03 8.72148301e-03 1.00207631e+00 1.01500641e+00
6.1400 1.84245076e-07 1.96275431e-08 -6.83623059e-09 8.38153519e-09 2.14392747e-09 3.34936355e-09 2.05417924e-07 2.10911215e-07 9.86742285e-01 1.64818047e-02 -1.75947201e-02 1.32228681e-02 4.44804124e-03 8.19803236e-03 9.98852237e-01 1.01149831e+00
6.1500 1.84213914e-07 1.83957819e-08 -6.74101450e-09 6.94032397e-09 1.91928775e-09 3.05741668e-09 2.02809006e-07 2.07785710e-07 9.86573013e-01 1.54480056e-02 -1.73465467e-02 1.09493815e-02 3.98361605e-03 7.48318526e-03 9.95623854e-01 1.00709066e+00
6.1600 1.84180086e-07 1.70104655e-08 -6.55409686e-09 5.86253860e-09 1.40817233e-09 2.69201613e-09 2.00498993e-07 2.04599182e-07 9.86388647e-01 1.42851425e-02 -1.68621555e-02 9.24796974e-03 2.92573472e-03 6.58796570e-03 9.93059603e-01 1.00257330e+00
6.1700 1.84147588e-07 1.56659848e-08 -6.31572181e-09 5.39791299e-09 7.19682378e-10 2.29179240e-09 1.98895764e-07 2.01907239e-07 9.86210608e-01 1.31566729e-02 -1.62456614e-02 8.51286708e-03 1.50045415e-03 5.60704311e-03 9.91634486e-01 9.98741983e-01
6.1800 1.84118774e-07 1.44826545e-08 -6.06906122e-09 5.61696217e-09 -8.10607625e-12 1.92649826e-09 1.98149329e-07 2.00067722e-07 9.86051728e-01 1.21637776e-02 -1.56086321e-02 8.85583773e-03 -6.24206710e-06 4.71126122e-03 9.91462711e-01 9.96167730e-01
6.1900 1.84093251e-07 1.34842306e-08 -5.85140351e-09 6.37678115e-09 -6.41118590e-10 1.68185479e-09 1.98102859e-07 1.99143595e-07 9.85910329e-01 1.13264424e-02 -1.50473190e-02 1.00520710e-02 -1.31678694e-03 4.11056410e-03 9.92241524e-01 9.95035301e-01
6.2000 1.84068019e-07 1.26127049e-08 -5.68814548e-09 7.35152517e-09 -1.08003425e-09 1.63616628e-09 1.98344103e-07 1.98900235e-07 9.85770883e-01 1.05958687e-02 -1.46271296e-02 1.15880824e-02 -2.22571332e-03 3.99677861e-03 9.93327704e-01 9.95098769e-01
6.2100 1.84038733e-07 1.17728548e-08 -5.59084580e-09 8.11987047e-09 -1.28103586e-09 1.83545502e-09 1.98340612e-07 1.98895031e-07 9.85610664e-01 9.89189932e-03 -1.43776015e-02 1.27995325e-02 -2.64256571e-03 4.48275959e-03 9.93924494e-01 9.95764688e-01
6.2200 1.84001594e-07 1.08876179e-08 -5.55923773e-09 8.28386765e-09 -1.26152852e-09 2.27471926e-09 1.97613841e-07 1.98627032e-07 9.85409771e-01 9.14956127e-03 -1.42976280e-02 1.30586456e-02 -2.60364068e-03 5.55649712e-03 9.93320350e-01 9.96273206e-01
6.2300 1.83955159e-07 9.94150352e-09 -5.58581742e-09 7.58367481e-09 -1.08998950e-09 2.89149504e-09 1.95894520e-07 1.97696026e-07 9.85160734e-01 8.35558270e-03 -1.43673709e-02 1.19552321e-02 -2.25085587e-03 7.06531373e-03 9.91104178e-01 9.95918636e-01
6.2400 1.83901401e-07 8.99444053e-09 -5.66084648e-09 5.97382541e-09 -8.63514240e-10 3.57462177e-09 1.93208821e-07 1.95919928e-07 9.84874118e-01 7.56009280e-03 -1.45612744e-02 9.41711947e-03 -1.78516921e-03 8.73726259e-03 9.87290056e-01 9.94242149e-01
6.2500 1.83845585e-07 8.16062681e-09 -5.77559956e-09 3.63848930e-09 -6.79897247e-10 4.18690968e-09 1.89869102e-07 1.93376114e-07 9.84577885e-01 6.85892406e-03 -1.48565622e-02 5.73439408e-03 -1.40874176e-03 1.02365611e-02 9.82314641e-01 9.91142460e-01
6.2600 1.83794951e-07 7.56126220e-09 -5.92246221e-09 9.41785398e-10 -6.12240450e-10 4.59645967e-09 1.86375536e-07 1.90359755e-07 9.84310364e-01 6.35395828e-03 -1.52335880e-02 1.48117567e-03 -1.27240848e-03 1.12402312e-02 9.76911910e-01 9.86879733e-01
6.2700 1.83756567e-07 7.27083709e-09 -6.09179069e-09 -1.67132852e-09 -6.92806393e-10 4.70877803e-09 1.83264285e-07 1.87280256e-07 9.84108867e-01 6.10802168e-03 -1.56677801e-02 -2.64063547e-03 -1.44235635e-03 1.15167277e-02 9.71908473e-01 9.81982845e-01
6.2800 1.83735035e-07 7.27960792e-09 -6.26684676e-09 -3.79379001e-09 -9.09616474e-10 4.49127635e-09 1.80954006e-07 1.84535666e-07 9.83997503e-01 6.11332733e-03 -1.61165474e-02 -5.98866332e-03 -1.89322650e-03 1.09859672e-02 9.68005619e-01 9.77098360e-01
6.2900 1.83730791e-07 7.48878406e-09 -6.41912471e-09 -5.16016587e-09 -1.21525020e-09 3.98341860e-09 1.79640285e-07 1.82408453e-07 9.83978181e-01 6.28734692e-03 -1.65071237e-02 -8.14379116e-03 -2.52647154e-03 9.74425071e-03 9.65614613e-01 9.72832392e-01
6.3000 1.83739594e-07 7.74210212e-09 -6.50661616e-09 -5.70653182e-09 -1.54378191e-09 3.28926762e-09 1.79268548e-07 1.81014034e-07 9.84027975e-01 6.49921707e-03 -1.67319357e-02 -9.00477689e-03 -3.20551325e-03 8.04610417e-03 9.64790479e-01 9.69631070e-01
6.3100 1.83753458e-07 7.88286638e-09 -6.47687003e-09 -5.57180630e-09 -1.82990775e-09 2.55362245e-09 1.79587649e-07 1.80311363e-07 9.84104154e-01 6.61753676e-03 -1.66563234e-02 -8.79051855e-03 -3.79536121e-03 6.24592538e-03 9.65274849e-01 9.67725413e-01
6.3200 1.83762848e-07 7.81490891e-09 -6.27525998e-09 -5.04368488e-09 -2.02455411e-09 1.92720795e-09 1.80258812e-07 1.80161466e-07 9.84155893e-01 6.56149286e-03 -1.61397203e-02 -7.95487813e-03 -4.19486816e-03 4.71278707e-03 9.66622788e-01 9.67140707e-01
6.3300 1.83759543e-07 7.54349992e-09 -5.85709362e-09 -4.46821970e-09 -2.10332628e-09 1.52938785e-09 1.80977730e-07 1.80403791e-07 9.84139557e-01 6.33520867e-03 -1.50668060e-02 -7.04406678e-03 -4.35410344e-03 3.73912561e-03 9.68363893e-01 9.67748915e-01
6.3400 1.83739378e-07 7.17910622e-09 -5.20064962e-09 -4.15134315e-09 -2.06712513e-09 1.41781717e-09 1.81566492e-07 1.80917184e-07 9.84033249e-01 6.03096299e-03 -1.33811387e-02 -6.54122399e-03 -4.27548886e-03 3.46637500e-03 9.70141849e-01 9.69332736e-01
6.3500 1.83704036e-07 6.90056496e-09 -4.31743908e-09 -4.28088098e-09 -1.93694111e-09 1.57301915e-09 1.82006281e-07 1.81642359e-07 9.83846269e-01 5.79838546e-03 -1.11117084e-02 -6.74324343e-03 -4.00289885e-03 3.84711579e-03 9.71789703e-01 9.71633920e-01
6.3600 1.83661313e-07 6.88957917e-09 -3.25627702e-09 -4.88939852e-09 -1.74625062e-09 1.90233695e-09 1.82405217e-07 1.82561303e-07 9.83620433e-01 5.78959686e-03 -8.38358333e-03 -7.70198486e-03 -3.60584890e-03 4.65466179e-03 9.73324462e-01 9.74373275e-01
6.3700 1.83623693e-07 7.25963733e-09 -2.09911880e-09 -5.86468067e-09 -1.53419406e-09 2.26288746e-09 1.82919531e-07 1.83648225e-07 9.83422373e-01 6.09965352e-03 -5.40733443e-03 -9.24065678e-03 -3.16537059e-03 5.53919791e-03 9.74874035e-01 9.77247863e-01
6.3800 1.83605526e-07 8.00522232e-09 -9.48724038e-10 -7.00025761e-09 -1.34113159e-09 2.49821659e-09 1.83661767e-07 1.84818852e-07 9.83328449e-01 6.72397578e-03 -2.44735965e-03 -1.10334458e-02 -2.76487070e-03 6.11750798e-03 9.76571619e-01 9.79924257e-01
6.3900 1.83619513e-07 8.99037907e-09 8.95273750e-11 -8.06752167e-09 -1.20613008e-09 2.47959565e-09 1.84631897e-07 1.85905363e-07 9.83406026e-01 7.54874714e-03 2.24926847e-04 -1.27193033e-02 -2.48502494e-03 6.07411387e-03 9.78460396e-01 9.82049485e-01
6.4000 1.83673405e-07 9.98181457e-09 9.27593392e-10 -8.88654355e-09 -1.16447888e-09 2.14134755e-09 1.85696269e-07 1.86673138e-07 9.83695973e-01 8.37862447e-03 2.38254640e-03 -1.40137690e-02 -2.39873300e-03 5.24783639e-03 9.80443375e-01 9.83292478e-01
6.4100 1.83767804e-07 1.07158209e-08 1.51172751e-09 -9.37536783e-09 -1.24321173e-09 1.50076782e-09 1.86619984e-07 1.86877540e-07 9.84201049e-01 8.99278753e-03 3.88672797e-03 -1.47868995e-02 -2.56191436e-03 3.68065964e-03 9.82293666e-01 9.83412411e-01
6.4200 1.83895646e-07 1.09762824e-08 1.83225442e-09 -9.56581910e-09 -1.45394036e-09 6.56930995e-10 1.87138364e-07 1.86341355e-07 9.84883337e-01 9.21027425e-03 4.71219476e-03 -1.50883696e-02 -2.99868641e-03 1.61489769e-03 9.83717436e-01 9.82333648e-01
6.4300 1.84043555e-07 1.06572321e-08 1.92373385e-09 -9.58465044e-09 -1.78448603e-09 -2.31929487e-10 1.87039871e-07 1.85023455e-07 9.85671543e-01 8.94236837e-03 4.94767218e-03 -1.51178568e-02 -3.68399969e-03 -5.62119312e-04 9.84443727e-01 9.80197608e-01
6.4400 1.84194713e-07 9.78916119e-09 1.85551644e-09 -9.60878044e-09 -2.19275981e-09 -9.87091497e-10 1.86230610e-07 1.83050759e-07 9.86476383e-01 8.21461863e-03 4.77160435e-03 -1.51544717e-02 -4.53088955e-03 -2.41268971e-03 9.84308135e-01 9.77364556e-01
6.4500 1.84332543e-07 8.52134104e-09 1.71512849e-09 -9.80964775e-09 -2.60700167e-09 -1.45424858e-09 1.84759365e-07 1.80698115e-07 9.87210150e-01 7.15201194e-03 4.40935251e-03 -1.54689371e-02 -5.39088142e-03 -3.55868802e-03 9.83302578e-01 9.74353008e-01
6.4600 1.84444264e-07 7.06792399e-09 1.58867300e-09 -1.03030472e-08 -2.93523321e-09 -1.54291242e-09 1.82797813e-07 1.78319668e-07 9.87805516e-01 5.93381588e-03 4.08267517e-03 -1.62443493e-02 -6.07349028e-03 -3.77807968e-03 9.81577658e-01 9.71726088e-01
6.4700 1.84523432e-07 5.63787386e-09 1.54302413e-09 -1.11174988e-08 -3.08379688e-09 -1.24980390e-09 1.80586831e-07 1.76253231e-07 9.88228879e-01 4.73489855e-03 3.96382099e-03 -1.75261462e-02 -6.38457509e-03 -3.06226484e-03 9.79401453e-01 9.69954613e-01
6.4800 1.84570874e-07 4.37349596e-09 1.61389044e-09 -1.21878263e-08 -2.98114237e-09 -6.59862739e-10 1.78370435e-07 1.74729429e-07 9.88485084e-01 3.67427801e-03 4.14475631e-03 -1.92118572e-02 -6.17560957e-03 -1.61864431e-03 9.77092261e-01 9.69298007e-01
6.4900 1.84593822e-07 3.31801570e-09 1.80207521e-09 -1.33733703e-08 -2.60004254e-09 7.55135081e-11 1.76340542e-07 1.73816013e-07 9.88612655e-01 2.78802459e-03 4.62753939e-03 -2.10797628e-02 -5.38974897e-03 1.82557819e-04 9.74948456e-01 9.69741265e-01
6.5000 1.84603558e-07 2.42118986e-09 2.07801391e-09 -1.44941824e-08 -1.97054446e-09 7.77204551e-10 1.74608580e-07 1.73415240e-07 9.88671180e-01 2.03402516e-03 5.33604504e-03 -2.28459812e-02 -4.08874308e-03 1.90303767e-03 9.73195269e-01 9.71009563e-01
6.5100 1.84612245e-07 1.57777775e-09 2.39258268e-09 -1.53749790e-08 -1.17787627e-09 1.28363563e-09 1.73207627e-07 1.73313386e-07 9.88724459e-01 1.32425382e-03 6.14385359e-03 -2.42338559e-02 -2.44870413e-03 3.14717345e-03 9.71958710e-01 9.72657180e-01
6.5200 1.84629785e-07 6.82139016e-10 2.69082548e-09 -1.58860074e-08 -3.43898900e-10 1.49037921e-09 1.72116742e-07 1.73263222e-07 9.88823992e-01 5.70512011e-04 6.90964274e-03 -2.50385061e-02 -7.21781960e-04 3.65895215e-03 9.71265640e-01 9.74202811e-01
6.5300 1.84661532e-07 -3.22602617e-10 2.92496080e-09 -1.59718694e-08 4.03831395e-10 1.37355155e-09 1.71292021e-07 1.73069404e-07 9.88997080e-01 -2.74431951e-04 7.51068432e-03 -2.51723845e-02 8.27854166e-04 3.37927142e-03 9.71060948e-01 9.75268074e-01
6.5400 1.84707408e-07 -1.41899821e-09 3.06377448e-09 -1.56628700e-08 9.66654624e-10 9.91089193e-10 1.70689315e-07 1.72647058e-07 9.89242414e-01 -1.19551690e-03 7.86698264e-03 -2.46832449e-02 1.99564994e-03 2.44914069e-03 9.71230635e-01 9.75675425e-01
6.5500 1.84762571e-07 -2.52149953e-09 3.09694282e-09 -1.50675777e-08 1.30225881e-09 4.62246958e-10 1.70270436e-07 1.72034942e-07 9.89533883e-01 -2.12071088e-03 7.95231306e-03 -2.37424262e-02 2.69356361e-03 1.15961246e-03 9.71623059e-01 9.75476235e-01
6.5600 1.84819373e-07 -3.51010331e-09 3.03443191e-09 -1.43491333e-08 1.43573613e-09 -6.82697766e-11 1.69994568e-07 1.71362035e-07 9.89831141e-01 -2.94929074e-03 7.79256381e-03 -2.26074565e-02 2.97304855e-03 -1.35872681e-04 9.72066958e-01 9.74904134e-01
6.5700 1.84870027e-07 -4.27675210e-09 2.90235978e-09 -1.36908495e-08 1.44986113e-09 -4.71000548e-10 1.69804785e-07 1.70783645e-07 9.90093710e-01 -3.59076752e-03 7.45498881e-03 -2.15677285e-02 3.00502663e-03 -1.12095677e-03 9.72390203e-01 9.74274273e-01
6.5800 1.84909201e-07 -4.76559215e-09 2.73723660e-09 -1.32584649e-08 1.45691562e-09 -6.65711253e-10 1.69622381e-07 1.70413585e-07 9.90294630e-01 -3.99860681e-03 7.03333841e-03 -2.08848857e-02 3.02164314e-03 -1.59942829e-03 9.72444476e-01 9.73866691e-01
6.5900 1.84935873e-07 -4.99137746e-09 2.58025288e-09 -1.31668966e-08 1.56066250e-09 -6.39468898e-10 1.69357851e-07 1.70279045e-07 9.90429955e-01 -4.18558200e-03 6.63318777e-03 -2.07403135e-02 3.23759549e-03 -1.53940651e-03 9.72137247e-01 9.73835436e-01
6.6000 1.84953931e-07 -5.02943688e-09 2.47249230e-09 -1.34584051e-08 1.82068612e-09 -4.44546455e-10 1.68938581e-07 1.70314721e-07 9.90521652e-01 -4.21526380e-03 6.35971570e-03 -2.12006613e-02 3.77632011e-03 -1.06823135e-03 9.71465443e-01 9.74173532e-01
6.6100 1.84971434e-07 -4.98200209e-09 2.45102153e-09 -1.40968113e-08 2.23088370e-09 -1.77874608e-10 1.68343642e-07 1.70396651e-07 9.90613316e-01 -4.17369600e-03 6.30778421e-03 -2.22087191e-02 4.62543388e-03 -4.22265510e-04 9.70538685e-01 9.74741854e-01
6.6200 1.84998723e-07 -4.93490250e-09 2.54519537e-09 -1.49790477e-08 2.71941524e-09 5.10171036e-11 1.67629968e-07 1.70400401e-07 9.90760000e-01 -4.13302497e-03 6.55257142e-03 -2.36016708e-02 5.63656612e-03 1.31412512e-04 9.69577876e-01 9.75345855e-01
6.6300 1.85045924e-07 -4.92220023e-09 2.77249990e-09 -1.59614394e-08 3.17034246e-09 1.53675901e-10 1.66934784e-07 1.70258802e-07 9.91014938e-01 -4.12183040e-03 7.13896989e-03 -2.51526034e-02 6.57007143e-03 3.77239729e-04 9.68879475e-01 9.75826786e-01
6.6400 1.85120477e-07 -4.91303061e-09 3.13386148e-09 -1.68945262e-08 3.45991906e-09 8.82232881e-11 1.66446781e-07 1.69994924e-07 9.91416614e-01 -4.11411806e-03 8.06953244e-03 -2.66254944e-02 7.17007084e-03 2.13393090e-04 9.68746534e-01 9.76129997e-01
6.6500 1.85225323e-07 -4.82613108e-09 3.60930930e-09 -1.76578995e-08 3.49556552e-09 -1.30152888e-10 1.66350601e-07 1.69716014e-07 9.91979397e-01 -4.04155911e-03 9.29324404e-03 -2.78302169e-02 7.24506393e-03 -3.22660617e-04 9.69400865e-01 9.76323269e-01
6.6600 1.85358157e-07 -4.56671986e-09 4.15573896e-09 -1.81862427e-08 3.24471347e-09 -4.35748723e-10 1.66760933e-07 1.69569898e-07 9.92689955e-01 -3.82447935e-03 1.06996371e-02 -2.86636503e-02 6.72759722e-03 -1.07024266e-03 9.70901462e-01 9.76558817e-01
6.6700 1.85511914e-07 -4.07164843e-09 4.70880815e-09 -1.84798494e-08 2.74425277e-09 -7.32905412e-10 1.67669225e-07 1.69680572e-07 9.93510101e-01 -3.40977552e-03 1.21235193e-02 -2.91262839e-02 5.69381385e-03 -1.79573633e-03 9.73097561e-01 9.76995638e-01
6.6800 1.85676320e-07 -3.34535660e-09 5.19040466e-09 -1.85969984e-08 2.08801503e-09 -9.23741731e-10 1.68924370e-07 1.70088643e-07 9.94385200e-01 -2.80109470e-03 1.33640671e-02 -2.93101805e-02 4.33757495e-03 -2.26032886e-03 9.75637992e-01 9.77715238e-01
6.6900 1.85840102e-07 -2.47231007e-09 5.52167931e-09 -1.86306421e-08 1.39721477e-09 -9.34720943e-10 1.70258829e-07 1.70721323e-07 9.95255912e-01 -2.06926430e-03 1.42183063e-02 -2.93621772e-02 2.90933609e-03 -2.28484977e-03 9.78042777e-01 9.78667263e-01
6.7000 1.85993322e-07 -1.60006085e-09 5.63970523e-09 -1.86764299e-08 7.84403624e-10 -7.34792346e-10 1.71356537e-07 1.71406148e-07 9.96070414e-01 -1.33806428e-03 1.45240068e-02 -2.94334071e-02 1.64161782e-03 -1.79398324e-03 9.79822950e-01 9.79670584e-01
6.7100 1.86129288e-07 -8.97689391e-10 5.51404184e-09 -1.88016900e-08 3.23310918e-10 -3.40947154e-10 1.71943950e-07 1.71926314e-07 9.96794253e-01 -7.49343791e-04 1.42024034e-02 -2.96303272e-02 6.86668747e-04 -8.29718620e-04 9.80616985e-01 9.80473935e-01
6.7200 1.86245614e-07 -5.03302942e-10 5.15854020e-09 -1.90246884e-08 3.43706255e-11 1.88980916e-10 1.71876163e-07 1.72099515e-07 9.97415682e-01 -4.18962154e-04 1.32887100e-02 -2.99819583e-02 8.65882260e-05 4.66341186e-04 9.80303472e-01 9.80856401e-01
6.7300 1.86344245e-07 -4.78324905e-10 4.63413219e-09 -1.93102505e-08 -1.10223000e-10 7.72860124e-10 1.71189802e-07 1.71852439e-07 9.97945511e-01 -3.98436619e-04 1.19394260e-02 -3.04329438e-02 -2.16154638e-04 1.89345315e-03 9.79053557e-01 9.80730855e-01
6.7400 1.86430479e-07 -7.84178523e-10 4.04021504e-09 -1.95826217e-08 -1.65215468e-10 1.32461026e-09 1.70103894e-07 1.71263289e-07 9.98411783e-01 -6.55386143e-04 1.04102486e-02 -3.08638129e-02 -3.34617129e-04 3.24143989e-03 9.77302832e-01 9.80209655e-01
6.7500 1.86511279e-07 -1.28952410e-09 3.49520229e-09 -1.97509176e-08 -1.83730239e-10 1.77260258e-09 1.68966040e-07 1.70554912e-07 9.98850815e-01 -1.07961211e-03 9.00603732e-03 -3.11311208e-02 -3.78292554e-04 4.33557328e-03 9.75646119e-01 9.79603400e-01
6.7600 1.86593305e-07 -1.80614574e-09 3.11007031e-09 -1.97385320e-08 -1.92667769e-10 2.07185357e-09 1.68158697e-07 1.70037883e-07 9.99296899e-01 -1.51321354e-03 8.01268553e-03 -3.11138506e-02 -4.02259442e-04 5.06625945e-03 9.74682521e-01 9.79346521e-01
6.7700 1.86681147e-07 -2.14238036e-09 2.96128519e-09 -1.95067786e-08 -1.81345696e-10 2.20823785e-09 1.67993274e-07 1.70020166e-07 9.99773187e-01 -1.79541448e-03 7.62735230e-03 -3.07507356e-02 -3.83766692e-04 5.39922301e-03 9.74854389e-01 9.79869845e-01
6.7800 1.86776192e-07 -2.15766023e-09 3.07045081e-09 -1.90652533e-08 -1.07357963e-10 2.19546411e-09 1.68623729e-07 1.70711835e-07 1.00028593e+00 -1.80831996e-03 7.90598048e-03 -3.00566504e-02 -2.34468988e-04 5.36804146e-03 9.76326940e-01 9.81460512e-01
6.7900 1.86876364e-07 -1.80186004e-09 3.39688284e-09 -1.84661578e-08 8.29938035e-11 2.06729737e-09 1.70005229e-07 1.72155521e-07 1.00082339e+00 -1.50991912e-03 8.74410392e-03 -2.91137018e-02 1.57187136e-04 5.05512029e-03 9.78943871e-01 9.84156178e-01
6.8000 1.86976812e-07 -1.12836163e-09 3.84620589e-09 -1.77854442e-08 4.27814042e-10 1.86805914e-09 1.71909212e-07 1.74205085e-07 1.00135957e+00 -9.45037156e-04 9.89893688e-03 -2.80415283e-02 8.70247015e-04 4.56852095e-03 9.82271941e-01 9.87710709e-01
6.8100 1.87071320e-07 -2.78094849e-10 4.29374231e-09 -1.70981445e-08 9.26718706e-10 1.64387532e-09 1.73988823e-07 1.76559417e-07 1.00186179e+00 -2.31938283e-04 1.10495806e-02 -2.69584088e-02 1.90383597e-03 4.02066271e-03 9.85721025e-01 9.91645524e-01
6.8200 1.87154106e-07 5.59556051e-10 4.61711674e-09 -1.64569998e-08 1.53079312e-09 1.43594863e-09 1.75873779e-07 1.78840520e-07 1.00230011e+00 4.70478071e-04 1.18809842e-02 -2.59475575e-02 3.15639470e-03 3.51199071e-03 9.88704011e-01 9.95372396e-01
6.8300 1.87221523e-07 1.19685555e-09 4.72945678e-09 -1.58818954e-08 2.14945884e-09 1.27594401e-09 1.77265940e-07 1.80691343e-07 1.00265616e+00 1.00471556e-03 1.21694514e-02 -2.50404405e-02 4.43995211e-03 3.11979268e-03 9.90789890e-01 9.98349635e-01
6.8400 1.87273230e-07 1.49453766e-09 4.60385083e-09 -1.53632236e-08 2.67215076e-09 1.18290604e-09 1.78008395e-07 1.81863451e-07 1.00292919e+00 1.25396400e-03 1.18456350e-02 -2.42220469e-02 5.52507853e-03 2.89071731e-03 9.91806746e-01 1.00022254e+00
6.8500 1.87312500e-07 1.39318935e-09 4.28171575e-09 -1.48767965e-08 2.99750438e-09 1.16117284e-09 1.78110609e-07 1.82269286e-07 1.00313747e+00 1.16842937e-03 1.10160919e-02 -2.34543732e-02 6.20139303e-03 2.83567011e-03 9.91867616e-01 1.00090468e+00
6.8600 1.87345581e-07 9.22374658e-10 3.86201290e-09 -1.44033852e-08 3.06037078e-09 1.19932923e-09 1.77726584e-07 1.81986284e-07 1.00331473e+00 7.72985908e-04 9.93552006e-03 -2.27072078e-02 6.33356849e-03 2.92719375e-03 9.91316026e-01 1.00057679e+00
6.8700 1.87380229e-07 1.87282013e-10 3.47368386e-09 -1.39441260e-08 2.84815416e-09 1.27091034e-09 1.77097069e-07 1.81216134e-07 1.00350234e+00 1.55965482e-04 8.93578834e-03 -2.19824110e-02 5.89521752e-03 3.10108729e-03 9.90611688e-01 9.99607992e-01
6.8800 1.87423785e-07 -6.61479949e-10 3.23868682e-09 -1.35246699e-08 2.40208156e-09 1.33783652e-09 1.76476322e-07 1.80216240e-07 1.00373911e+00 -5.56198254e-04 8.33077556e-03 -2.13204567e-02 4.97156378e-03 3.26468855e-03 9.90193228e-01 9.98429481e-01
6.8900 1.87481276e-07 -1.46573112e-09 3.23607251e-09 -1.31854980e-08 1.80437462e-09 1.35713659e-09 1.76066120e-07 1.79227631e-07 1.00405123e+00 -1.23074603e-03 8.32389962e-03 -2.07851693e-02 3.73290225e-03 3.31320944e-03 9.90359212e-01 9.97405324e-01
6.9000 1.87554048e-07 -2.09529761e-09 3.47762635e-09 -1.29615976e-08 1.15683070e-09 1.29044629e-09 1.75974779e-07 1.78422056e-07 1.00444517e+00 -1.75846654e-03 8.94543684e-03 -2.04316897e-02 2.39024666e-03 3.15289272e-03 9.91200454e-01 9.96743594e-01
6.9100 1.87639294e-07 -2.47327466e-09 3.90256047e-09 -1.28594766e-08 5.58404652e-10 1.11444185e-09 1.76209103e-07 1.77881949e-07 1.00490531e+00 -2.07491152e-03 1.00388874e-02 -2.02702460e-02 1.14887944e-03 2.72650451e-03 9.92599044e-01 9.96474428e-01
6.9200 1.87730640e-07 -2.58645950e-09 4.39335115e-09 -1.28413647e-08 8.84388829e-11 8.29369178e-10 1.76696167e-07 1.77613975e-07 1.00539715e+00 -2.16915515e-03 1.13017657e-02 -2.02412552e-02 1.73568126e-04 2.03422215e-03 9.94288506e-01 9.96496296e-01
6.9300 1.87819667e-07 -2.48046661e-09 4.80861735e-09 -1.28245259e-08 -2.01126468e-10 4.62690648e-10 1.77323292e-07 1.77584856e-07 1.00587547e+00 -2.07968170e-03 1.23702365e-02 -2.02142477e-02 -4.27646958e-04 1.14262606e-03 9.95951780e-01 9.96666759e-01
6.9400 1.87897990e-07 -2.24254179e-09 5.02376755e-09 -1.26984100e-08 -2.85350049e-10 6.58375427e-11 1.77980805e-07 1.77761293e-07 1.00629549e+00 -1.87993000e-03 1.29237172e-02 -2.00149203e-02 -6.02710309e-04 1.76859791e-04 9.97324357e-01 9.96898506e-01
6.9500 1.87959383e-07 -1.97740387e-09 4.96759812e-09 -1.23557075e-08 -1.61598972e-10 -2.96049911e-10 1.78593870e-07 1.78136221e-07 1.00662412e+00 -1.65797096e-03 1.27790363e-02 -1.94741037e-02 -3.45924604e-04 -7.04351387e-04 9.98271080e-01 9.97220804e-01
6.9600 1.88001398e-07 -1.78229925e-09 4.64395548e-09 -1.17276641e-08 1.54678393e-10 -5.59264322e-10 1.79135390e-07 1.78730804e-07 1.00684856e+00 -1.49551979e-03 1.19461352e-02 -1.84834472e-02 3.10744814e-04 -1.34563331e-03 9.98815725e-01 9.97780837e-01
6.9700 1.88026052e-07 -1.72692097e-09 4.13178809e-09 -1.08114842e-08 6.30627136e-10 -6.77598114e-10 1.79619435e-07 1.79572464e-07 1.00697990e+00 -1.45104080e-03 1.06281604e-02 -1.70386198e-02 1.29905368e-03 -1.63418840e-03 9.99118402e-01 9.98783267e-01
6.9800 1.88039415e-07 -1.84219715e-09 3.56321999e-09 -9.67941317e-09 1.21328084e-09 -6.34677516e-10 1.80081025e-07 1.80659628e-07 1.00705085e+00 -1.55032053e-03 9.16501646e-03 -1.52536207e-02 2.50891540e-03 -1.52993266e-03 9.99411926e-01 1.00039091e+00
6.9900 1.88050184e-07 -2.11959526e-09 3.08581302e-09 -8.46475886e-09 1.82687866e-09 -4.48682986e-10 1.80551643e-07 1.81929839e-07 1.00710806e+00 -1.78589961e-03 7.93626769e-03 -1.33387195e-02 3.78292855e-03 -1.07705706e-03 9.99919713e-01 1.00262558e+00
7.0000 1.88067627e-07 -2.51999208e-09 2.81997809e-09 -7.32782241e-09 2.37514724e-09 -1.67685262e-10 1.81039791e-07 1.83247253e-07 1.00720113e+00 -2.12456577e-03 7.25159215e-03 -1.15467183e-02 4.92121140e-03 -3.92677873e-04 1.00078144e+00 1.00530998e+00
